sku_code,location_code,location_name,snapshot_at,on_hand_qty,reserved_qty,available_qty,in_transit_qty,damaged_qty,safety_stock_qty,scenario_note,data_pack_version
ARC-07-BLK-F,ONLINE,온라인몰,2026-08-18T09:00:00+09:00,70,0,70,0,2,35,정상 범위,v2
ARC-07-BLK-F,STORE-SEONGSU,성수 플래그십,2026-08-18T09:00:00+09:00,108,1,107,0,0,35,이동 가능 잉여,v2
ARC-07-BLK-F,STORE-GANGNAM,강남점,2026-08-18T09:00:00+09:00,146,2,144,0,0,35,판매 급증·품절 위험,v2
ARC-07-BLK-F,STORE-HANNAM,한남점,2026-08-18T09:00:00+09:00,124,3,121,0,0,35,정상 범위,v2
ARC-07-BLK-F,STORE-BUSAN,부산 센텀,2026-08-18T09:00:00+09:00,162,4,158,0,0,35,정상 범위,v2
ARC-07-BLK-F,STORE-SHANGHAI,상하이 IFC,2026-08-18T09:00:00+09:00,200,5,195,0,0,35,정상 범위,v2
ARC-07-BLK-F,DC-ONLINE,온라인 DC,2026-08-18T09:00:00+09:00,178,6,172,0,0,35,정상 범위,v2
FLOW-22-BLK-F,ONLINE,온라인몰,2026-08-18T09:00:00+09:00,99,1,98,0,0,38,정상 범위,v2
FLOW-22-BLK-F,STORE-SEONGSU,성수 플래그십,2026-08-18T09:00:00+09:00,137,2,135,0,0,38,정상 범위,v2
FLOW-22-BLK-F,STORE-GANGNAM,강남점,2026-08-18T09:00:00+09:00,115,3,112,0,0,38,정상 범위,v2
FLOW-22-BLK-F,STORE-HANNAM,한남점,2026-08-18T09:00:00+09:00,153,4,149,0,0,38,이동 가능 잉여,v2
FLOW-22-BLK-F,STORE-BUSAN,부산 센텀,2026-08-18T09:00:00+09:00,191,5,186,0,0,38,판매 급증·품절 위험,v2
FLOW-22-BLK-F,STORE-SHANGHAI,상하이 IFC,2026-08-18T09:00:00+09:00,169,6,163,0,0,38,정상 범위,v2
FLOW-22-BLK-F,DC-ONLINE,온라인 DC,2026-08-18T09:00:00+09:00,200,0,200,0,0,38,정상 범위,v2
EASE-19-CRM-F,ONLINE,온라인몰,2026-08-18T09:00:00+09:00,128,2,126,0,0,30,과잉재고·할인 최소화 검토,v2
EASE-19-CRM-F,STORE-SEONGSU,성수 플래그십,2026-08-18T09:00:00+09:00,106,3,103,0,0,30,과잉재고·할인 최소화 검토,v2
EASE-19-CRM-F,STORE-GANGNAM,강남점,2026-08-18T09:00:00+09:00,144,4,140,0,0,30,과잉재고·할인 최소화 검토,v2
EASE-19-CRM-F,STORE-HANNAM,한남점,2026-08-18T09:00:00+09:00,182,5,177,0,0,30,과잉재고·할인 최소화 검토,v2
EASE-19-CRM-F,STORE-BUSAN,부산 센텀,2026-08-18T09:00:00+09:00,160,6,154,0,0,30,과잉재고·할인 최소화 검토,v2
EASE-19-CRM-F,STORE-SHANGHAI,상하이 IFC,2026-08-18T09:00:00+09:00,191,0,191,0,0,30,과잉재고·할인 최소화 검토,v2
EASE-19-CRM-F,DC-ONLINE,온라인 DC,2026-08-18T09:00:00+09:00,229,1,228,0,0,30,과잉재고·할인 최소화 검토,v2
NOVA-11-NVY-F,ONLINE,온라인몰,2026-08-18T09:00:00+09:00,97,3,94,0,0,28,정상 범위,v2
NOVA-11-NVY-F,STORE-SEONGSU,성수 플래그십,2026-08-18T09:00:00+09:00,135,4,131,0,0,28,정상 범위,v2
NOVA-11-NVY-F,STORE-GANGNAM,강남점,2026-08-18T09:00:00+09:00,173,5,168,0,0,28,정상 범위,v2
NOVA-11-NVY-F,STORE-HANNAM,한남점,2026-08-18T09:00:00+09:00,151,6,145,0,0,28,정상 범위,v2
NOVA-11-NVY-F,STORE-BUSAN,부산 센텀,2026-08-18T09:00:00+09:00,182,0,182,0,0,28,정상 범위,v2
NOVA-11-NVY-F,STORE-SHANGHAI,상하이 IFC,2026-08-18T09:00:00+09:00,220,1,219,0,0,28,정상 범위,v2
NOVA-11-NVY-F,DC-ONLINE,온라인 DC,2026-08-18T09:00:00+09:00,198,2,196,0,0,28,정상 범위,v2
AIR-24-NVY-F,ONLINE,온라인몰,2026-08-18T09:00:00+09:00,126,4,122,0,0,32,전사 부족·재주문 필요,v2
AIR-24-NVY-F,STORE-SEONGSU,성수 플래그십,2026-08-18T09:00:00+09:00,164,5,159,0,0,32,전사 부족·재주문 필요,v2
AIR-24-NVY-F,STORE-GANGNAM,강남점,2026-08-18T09:00:00+09:00,142,6,136,0,0,32,전사 부족·재주문 필요,v2
AIR-24-NVY-F,STORE-HANNAM,한남점,2026-08-18T09:00:00+09:00,173,0,173,0,0,32,전사 부족·재주문 필요,v2
AIR-24-NVY-F,STORE-BUSAN,부산 센텀,2026-08-18T09:00:00+09:00,211,1,210,0,0,32,전사 부족·재주문 필요,v2
AIR-24-NVY-F,STORE-SHANGHAI,상하이 IFC,2026-08-18T09:00:00+09:00,189,2,187,0,0,32,전사 부족·재주문 필요,v2
AIR-24-NVY-F,DC-ONLINE,온라인 DC,2026-08-18T09:00:00+09:00,227,3,224,0,0,32,전사 부족·재주문 필요,v2
WAVE-31-WHT-F,ONLINE,온라인몰,2026-08-18T09:00:00+09:00,155,5,150,0,0,28,정상 범위,v2
WAVE-31-WHT-F,STORE-SEONGSU,성수 플래그십,2026-08-18T09:00:00+09:00,133,6,127,0,0,28,정상 범위,v2
WAVE-31-WHT-F,STORE-GANGNAM,강남점,2026-08-18T09:00:00+09:00,164,0,164,0,0,28,정상 범위,v2
WAVE-31-WHT-F,STORE-HANNAM,한남점,2026-08-18T09:00:00+09:00,202,1,201,0,0,28,정상 범위,v2
WAVE-31-WHT-F,STORE-BUSAN,부산 센텀,2026-08-18T09:00:00+09:00,180,2,178,0,0,28,정상 범위,v2
WAVE-31-WHT-F,STORE-SHANGHAI,상하이 IFC,2026-08-18T09:00:00+09:00,218,3,215,0,0,28,정상 범위,v2
WAVE-31-WHT-F,DC-ONLINE,온라인 DC,2026-08-18T09:00:00+09:00,256,4,252,0,0,28,정상 범위,v2
MOSS-18-BLK-F,ONLINE,온라인몰,2026-08-18T09:00:00+09:00,124,6,118,0,0,26,과잉재고·할인 최소화 검토,v2
MOSS-18-BLK-F,STORE-SEONGSU,성수 플래그십,2026-08-18T09:00:00+09:00,155,0,155,0,0,26,과잉재고·할인 최소화 검토,v2
MOSS-18-BLK-F,STORE-GANGNAM,강남점,2026-08-18T09:00:00+09:00,193,1,192,0,0,26,과잉재고·할인 최소화 검토,v2
MOSS-18-BLK-F,STORE-HANNAM,한남점,2026-08-18T09:00:00+09:00,171,2,169,0,0,26,과잉재고·할인 최소화 검토,v2
MOSS-18-BLK-F,STORE-BUSAN,부산 센텀,2026-08-18T09:00:00+09:00,209,3,206,0,0,26,과잉재고·할인 최소화 검토,v2
MOSS-18-BLK-F,STORE-SHANGHAI,상하이 IFC,2026-08-18T09:00:00+09:00,247,4,243,0,0,26,과잉재고·할인 최소화 검토,v2
MOSS-18-BLK-F,DC-ONLINE,온라인 DC,2026-08-18T09:00:00+09:00,225,5,220,0,0,26,과잉재고·할인 최소화 검토,v2
LUME-09-BEG-F,ONLINE,온라인몰,2026-08-18T09:00:00+09:00,146,0,146,0,0,25,정상 범위,v2
LUME-09-BEG-F,STORE-SEONGSU,성수 플래그십,2026-08-18T09:00:00+09:00,184,1,183,0,0,25,정상 범위,v2
LUME-09-BEG-F,STORE-GANGNAM,강남점,2026-08-18T09:00:00+09:00,162,2,160,0,0,25,정상 범위,v2
LUME-09-BEG-F,STORE-HANNAM,한남점,2026-08-18T09:00:00+09:00,200,3,197,0,0,25,정상 범위,v2
LUME-09-BEG-F,STORE-BUSAN,부산 센텀,2026-08-18T09:00:00+09:00,238,4,234,0,0,25,정상 범위,v2
LUME-09-BEG-F,STORE-SHANGHAI,상하이 IFC,2026-08-18T09:00:00+09:00,216,5,211,0,0,25,정상 범위,v2
LUME-09-BEG-F,DC-ONLINE,온라인 DC,2026-08-18T09:00:00+09:00,254,6,248,0,0,25,정상 범위,v2
CORE-55-WHT-F,ONLINE,온라인몰,2026-08-18T09:00:00+09:00,175,1,174,0,0,45,정상 범위,v2
CORE-55-WHT-F,STORE-SEONGSU,성수 플래그십,2026-08-18T09:00:00+09:00,153,2,151,0,0,45,정상 범위,v2
CORE-55-WHT-F,STORE-GANGNAM,강남점,2026-08-18T09:00:00+09:00,191,3,188,0,0,45,정상 범위,v2
CORE-55-WHT-F,STORE-HANNAM,한남점,2026-08-18T09:00:00+09:00,229,4,225,0,0,45,정상 범위,v2
CORE-55-WHT-F,STORE-BUSAN,부산 센텀,2026-08-18T09:00:00+09:00,207,5,202,0,0,45,정상 범위,v2
CORE-55-WHT-F,STORE-SHANGHAI,상하이 IFC,2026-08-18T09:00:00+09:00,245,6,239,0,0,45,정상 범위,v2
CORE-55-WHT-F,DC-ONLINE,온라인 DC,2026-08-18T09:00:00+09:00,276,0,276,0,0,45,정상 범위,v2
FORM-42-DEN-F,ONLINE,온라인몰,2026-08-18T09:00:00+09:00,144,2,142,0,0,28,정상 범위,v2
FORM-42-DEN-F,STORE-SEONGSU,성수 플래그십,2026-08-18T09:00:00+09:00,182,3,179,0,0,28,정상 범위,v2
FORM-42-DEN-F,STORE-GANGNAM,강남점,2026-08-18T09:00:00+09:00,220,4,216,0,0,28,정상 범위,v2
FORM-42-DEN-F,STORE-HANNAM,한남점,2026-08-18T09:00:00+09:00,198,5,193,0,0,28,정상 범위,v2
FORM-42-DEN-F,STORE-BUSAN,부산 센텀,2026-08-18T09:00:00+09:00,236,6,230,0,2,28,정상 범위,v2
FORM-42-DEN-F,STORE-SHANGHAI,상하이 IFC,2026-08-18T09:00:00+09:00,267,0,267,0,0,28,정상 범위,v2
FORM-42-DEN-F,DC-ONLINE,온라인 DC,2026-08-18T09:00:00+09:00,245,1,244,0,0,28,정상 범위,v2
COVE-14-BLK-F,ONLINE,온라인몰,2026-08-18T09:00:00+09:00,173,3,170,0,0,24,정상 범위,v2
COVE-14-BLK-F,STORE-SEONGSU,성수 플래그십,2026-08-18T09:00:00+09:00,211,4,207,0,2,24,정상 범위,v2
COVE-14-BLK-F,STORE-GANGNAM,강남점,2026-08-18T09:00:00+09:00,189,5,184,0,0,24,정상 범위,v2
COVE-14-BLK-F,STORE-HANNAM,한남점,2026-08-18T09:00:00+09:00,227,6,221,0,0,24,정상 범위,v2
COVE-14-BLK-F,STORE-BUSAN,부산 센텀,2026-08-18T09:00:00+09:00,258,0,258,0,0,24,정상 범위,v2
COVE-14-BLK-F,STORE-SHANGHAI,상하이 IFC,2026-08-18T09:00:00+09:00,236,1,235,0,0,24,정상 범위,v2
COVE-14-BLK-F,DC-ONLINE,온라인 DC,2026-08-18T09:00:00+09:00,274,2,272,0,0,24,정상 범위,v2
EDGE-28-GRY-F,ONLINE,온라인몰,2026-08-18T09:00:00+09:00,202,4,198,0,0,24,정상 범위,v2
EDGE-28-GRY-F,STORE-SEONGSU,성수 플래그십,2026-08-18T09:00:00+09:00,180,5,175,0,0,24,정상 범위,v2
EDGE-28-GRY-F,STORE-GANGNAM,강남점,2026-08-18T09:00:00+09:00,218,6,212,0,0,24,정상 범위,v2
EDGE-28-GRY-F,STORE-HANNAM,한남점,2026-08-18T09:00:00+09:00,249,0,249,0,0,24,정상 범위,v2
EDGE-28-GRY-F,STORE-BUSAN,부산 센텀,2026-08-18T09:00:00+09:00,227,1,226,0,0,24,정상 범위,v2
EDGE-28-GRY-F,STORE-SHANGHAI,상하이 IFC,2026-08-18T09:00:00+09:00,265,2,263,0,0,24,정상 범위,v2
EDGE-28-GRY-F,DC-ONLINE,온라인 DC,2026-08-18T09:00:00+09:00,303,3,300,0,0,24,정상 범위,v2
ARC-07-BLK-F,ONLINE,온라인몰,2026-08-19T09:00:00+09:00,67,1,66,0,0,35,정상 범위,v2
ARC-07-BLK-F,STORE-SEONGSU,성수 플래그십,2026-08-19T09:00:00+09:00,119,2,117,0,0,35,이동 가능 잉여,v2
ARC-07-BLK-F,STORE-GANGNAM,강남점,2026-08-19T09:00:00+09:00,137,3,134,0,0,35,판매 급증·품절 위험,v2
ARC-07-BLK-F,STORE-HANNAM,한남점,2026-08-19T09:00:00+09:00,124,4,120,0,0,35,정상 범위,v2
ARC-07-BLK-F,STORE-BUSAN,부산 센텀,2026-08-19T09:00:00+09:00,162,5,157,0,0,35,정상 범위,v2
ARC-07-BLK-F,STORE-SHANGHAI,상하이 IFC,2026-08-19T09:00:00+09:00,200,6,194,0,0,35,정상 범위,v2
ARC-07-BLK-F,DC-ONLINE,온라인 DC,2026-08-19T09:00:00+09:00,166,0,166,0,0,35,정상 범위,v2
FLOW-22-BLK-F,ONLINE,온라인몰,2026-08-19T09:00:00+09:00,95,2,93,0,0,38,정상 범위,v2
FLOW-22-BLK-F,STORE-SEONGSU,성수 플래그십,2026-08-19T09:00:00+09:00,137,3,134,0,0,38,정상 범위,v2
FLOW-22-BLK-F,STORE-GANGNAM,강남점,2026-08-19T09:00:00+09:00,115,4,111,0,0,38,정상 범위,v2
FLOW-22-BLK-F,STORE-HANNAM,한남점,2026-08-19T09:00:00+09:00,159,5,154,0,0,38,이동 가능 잉여,v2
FLOW-22-BLK-F,STORE-BUSAN,부산 센텀,2026-08-19T09:00:00+09:00,179,6,173,0,0,38,판매 급증·품절 위험,v2
FLOW-22-BLK-F,STORE-SHANGHAI,상하이 IFC,2026-08-19T09:00:00+09:00,162,0,162,0,0,38,정상 범위,v2
FLOW-22-BLK-F,DC-ONLINE,온라인 DC,2026-08-19T09:00:00+09:00,192,1,191,0,0,38,정상 범위,v2
EASE-19-CRM-F,ONLINE,온라인몰,2026-08-19T09:00:00+09:00,135,3,132,0,0,30,과잉재고·할인 최소화 검토,v2
EASE-19-CRM-F,STORE-SEONGSU,성수 플래그십,2026-08-19T09:00:00+09:00,113,4,109,0,0,30,과잉재고·할인 최소화 검토,v2
EASE-19-CRM-F,STORE-GANGNAM,강남점,2026-08-19T09:00:00+09:00,147,5,142,0,0,30,과잉재고·할인 최소화 검토,v2
EASE-19-CRM-F,STORE-HANNAM,한남점,2026-08-19T09:00:00+09:00,185,6,179,0,0,30,과잉재고·할인 최소화 검토,v2
EASE-19-CRM-F,STORE-BUSAN,부산 센텀,2026-08-19T09:00:00+09:00,155,0,155,0,0,30,과잉재고·할인 최소화 검토,v2
EASE-19-CRM-F,STORE-SHANGHAI,상하이 IFC,2026-08-19T09:00:00+09:00,188,1,187,0,0,30,과잉재고·할인 최소화 검토,v2
EASE-19-CRM-F,DC-ONLINE,온라인 DC,2026-08-19T09:00:00+09:00,232,2,230,0,0,30,과잉재고·할인 최소화 검토,v2
NOVA-11-NVY-F,ONLINE,온라인몰,2026-08-19T09:00:00+09:00,97,4,93,0,0,28,정상 범위,v2
NOVA-11-NVY-F,STORE-SEONGSU,성수 플래그십,2026-08-19T09:00:00+09:00,135,5,130,0,0,28,정상 범위,v2
NOVA-11-NVY-F,STORE-GANGNAM,강남점,2026-08-19T09:00:00+09:00,173,6,167,0,0,28,정상 범위,v2
NOVA-11-NVY-F,STORE-HANNAM,한남점,2026-08-19T09:00:00+09:00,144,0,144,0,0,28,정상 범위,v2
NOVA-11-NVY-F,STORE-BUSAN,부산 센텀,2026-08-19T09:00:00+09:00,182,1,181,0,0,28,정상 범위,v2
NOVA-11-NVY-F,STORE-SHANGHAI,상하이 IFC,2026-08-19T09:00:00+09:00,220,2,218,0,0,28,정상 범위,v2
NOVA-11-NVY-F,DC-ONLINE,온라인 DC,2026-08-19T09:00:00+09:00,198,3,195,0,0,28,정상 범위,v2
AIR-24-NVY-F,ONLINE,온라인몰,2026-08-19T09:00:00+09:00,118,5,113,0,0,32,전사 부족·재주문 필요,v2
AIR-24-NVY-F,STORE-SEONGSU,성수 플래그십,2026-08-19T09:00:00+09:00,154,6,148,0,0,32,전사 부족·재주문 필요,v2
AIR-24-NVY-F,STORE-GANGNAM,강남점,2026-08-19T09:00:00+09:00,126,0,126,0,0,32,전사 부족·재주문 필요,v2
AIR-24-NVY-F,STORE-HANNAM,한남점,2026-08-19T09:00:00+09:00,162,1,161,0,0,32,전사 부족·재주문 필요,v2
AIR-24-NVY-F,STORE-BUSAN,부산 센텀,2026-08-19T09:00:00+09:00,197,2,195,0,0,32,전사 부족·재주문 필요,v2
AIR-24-NVY-F,STORE-SHANGHAI,상하이 IFC,2026-08-19T09:00:00+09:00,177,3,174,0,0,32,전사 부족·재주문 필요,v2
AIR-24-NVY-F,DC-ONLINE,온라인 DC,2026-08-19T09:00:00+09:00,213,4,209,0,0,32,전사 부족·재주문 필요,v2
WAVE-31-WHT-F,ONLINE,온라인몰,2026-08-19T09:00:00+09:00,155,6,149,0,0,28,정상 범위,v2
WAVE-31-WHT-F,STORE-SEONGSU,성수 플래그십,2026-08-19T09:00:00+09:00,126,0,126,0,0,28,정상 범위,v2
WAVE-31-WHT-F,STORE-GANGNAM,강남점,2026-08-19T09:00:00+09:00,164,1,163,0,0,28,정상 범위,v2
WAVE-31-WHT-F,STORE-HANNAM,한남점,2026-08-19T09:00:00+09:00,202,2,200,0,0,28,정상 범위,v2
WAVE-31-WHT-F,STORE-BUSAN,부산 센텀,2026-08-19T09:00:00+09:00,180,3,177,0,0,28,정상 범위,v2
WAVE-31-WHT-F,STORE-SHANGHAI,상하이 IFC,2026-08-19T09:00:00+09:00,218,4,214,0,0,28,정상 범위,v2
WAVE-31-WHT-F,DC-ONLINE,온라인 DC,2026-08-19T09:00:00+09:00,256,5,251,0,0,28,정상 범위,v2
MOSS-18-BLK-F,ONLINE,온라인몰,2026-08-19T09:00:00+09:00,127,0,127,0,0,26,과잉재고·할인 최소화 검토,v2
MOSS-18-BLK-F,STORE-SEONGSU,성수 플래그십,2026-08-19T09:00:00+09:00,160,1,159,0,0,26,과잉재고·할인 최소화 검토,v2
MOSS-18-BLK-F,STORE-GANGNAM,강남점,2026-08-19T09:00:00+09:00,194,2,192,0,0,26,과잉재고·할인 최소화 검토,v2
MOSS-18-BLK-F,STORE-HANNAM,한남점,2026-08-19T09:00:00+09:00,176,3,173,0,0,26,과잉재고·할인 최소화 검토,v2
MOSS-18-BLK-F,STORE-BUSAN,부산 센텀,2026-08-19T09:00:00+09:00,208,4,204,0,0,26,과잉재고·할인 최소화 검토,v2
MOSS-18-BLK-F,STORE-SHANGHAI,상하이 IFC,2026-08-19T09:00:00+09:00,242,5,237,0,0,26,과잉재고·할인 최소화 검토,v2
MOSS-18-BLK-F,DC-ONLINE,온라인 DC,2026-08-19T09:00:00+09:00,231,6,225,0,0,26,과잉재고·할인 최소화 검토,v2
LUME-09-BEG-F,ONLINE,온라인몰,2026-08-19T09:00:00+09:00,146,1,145,0,0,25,정상 범위,v2
LUME-09-BEG-F,STORE-SEONGSU,성수 플래그십,2026-08-19T09:00:00+09:00,184,2,182,0,0,25,정상 범위,v2
LUME-09-BEG-F,STORE-GANGNAM,강남점,2026-08-19T09:00:00+09:00,162,3,159,0,0,25,정상 범위,v2
LUME-09-BEG-F,STORE-HANNAM,한남점,2026-08-19T09:00:00+09:00,200,4,196,0,0,25,정상 범위,v2
LUME-09-BEG-F,STORE-BUSAN,부산 센텀,2026-08-19T09:00:00+09:00,238,5,233,0,0,25,정상 범위,v2
LUME-09-BEG-F,STORE-SHANGHAI,상하이 IFC,2026-08-19T09:00:00+09:00,216,6,210,0,0,25,정상 범위,v2
LUME-09-BEG-F,DC-ONLINE,온라인 DC,2026-08-19T09:00:00+09:00,247,0,247,0,0,25,정상 범위,v2
CORE-55-WHT-F,ONLINE,온라인몰,2026-08-19T09:00:00+09:00,175,2,173,0,0,45,정상 범위,v2
CORE-55-WHT-F,STORE-SEONGSU,성수 플래그십,2026-08-19T09:00:00+09:00,153,3,150,0,0,45,정상 범위,v2
CORE-55-WHT-F,STORE-GANGNAM,강남점,2026-08-19T09:00:00+09:00,191,4,187,0,0,45,정상 범위,v2
CORE-55-WHT-F,STORE-HANNAM,한남점,2026-08-19T09:00:00+09:00,229,5,224,0,0,45,정상 범위,v2
CORE-55-WHT-F,STORE-BUSAN,부산 센텀,2026-08-19T09:00:00+09:00,207,6,201,0,0,45,정상 범위,v2
CORE-55-WHT-F,STORE-SHANGHAI,상하이 IFC,2026-08-19T09:00:00+09:00,238,0,238,0,0,45,정상 범위,v2
CORE-55-WHT-F,DC-ONLINE,온라인 DC,2026-08-19T09:00:00+09:00,276,1,275,0,2,45,정상 범위,v2
FORM-42-DEN-F,ONLINE,온라인몰,2026-08-19T09:00:00+09:00,144,3,141,0,0,28,정상 범위,v2
FORM-42-DEN-F,STORE-SEONGSU,성수 플래그십,2026-08-19T09:00:00+09:00,182,4,178,0,0,28,정상 범위,v2
FORM-42-DEN-F,STORE-GANGNAM,강남점,2026-08-19T09:00:00+09:00,220,5,215,0,0,28,정상 범위,v2
FORM-42-DEN-F,STORE-HANNAM,한남점,2026-08-19T09:00:00+09:00,198,6,192,0,2,28,정상 범위,v2
FORM-42-DEN-F,STORE-BUSAN,부산 센텀,2026-08-19T09:00:00+09:00,229,0,229,0,0,28,정상 범위,v2
FORM-42-DEN-F,STORE-SHANGHAI,상하이 IFC,2026-08-19T09:00:00+09:00,267,1,266,0,0,28,정상 범위,v2
FORM-42-DEN-F,DC-ONLINE,온라인 DC,2026-08-19T09:00:00+09:00,245,2,243,0,0,28,정상 범위,v2
COVE-14-BLK-F,ONLINE,온라인몰,2026-08-19T09:00:00+09:00,174,4,170,0,2,24,정상 범위,v2
COVE-14-BLK-F,STORE-SEONGSU,성수 플래그십,2026-08-19T09:00:00+09:00,212,5,207,0,0,24,정상 범위,v2
COVE-14-BLK-F,STORE-GANGNAM,강남점,2026-08-19T09:00:00+09:00,190,6,184,0,0,24,정상 범위,v2
COVE-14-BLK-F,STORE-HANNAM,한남점,2026-08-19T09:00:00+09:00,221,0,221,0,0,24,정상 범위,v2
COVE-14-BLK-F,STORE-BUSAN,부산 센텀,2026-08-19T09:00:00+09:00,259,1,258,0,0,24,정상 범위,v2
COVE-14-BLK-F,STORE-SHANGHAI,상하이 IFC,2026-08-19T09:00:00+09:00,237,2,235,0,0,24,정상 범위,v2
COVE-14-BLK-F,DC-ONLINE,온라인 DC,2026-08-19T09:00:00+09:00,275,3,272,0,0,24,정상 범위,v2
EDGE-28-GRY-F,ONLINE,온라인몰,2026-08-19T09:00:00+09:00,203,5,198,0,0,24,정상 범위,v2
EDGE-28-GRY-F,STORE-SEONGSU,성수 플래그십,2026-08-19T09:00:00+09:00,181,6,175,0,0,24,정상 범위,v2
EDGE-28-GRY-F,STORE-GANGNAM,강남점,2026-08-19T09:00:00+09:00,212,0,212,0,0,24,정상 범위,v2
EDGE-28-GRY-F,STORE-HANNAM,한남점,2026-08-19T09:00:00+09:00,250,1,249,0,0,24,정상 범위,v2
EDGE-28-GRY-F,STORE-BUSAN,부산 센텀,2026-08-19T09:00:00+09:00,228,2,226,0,0,24,정상 범위,v2
EDGE-28-GRY-F,STORE-SHANGHAI,상하이 IFC,2026-08-19T09:00:00+09:00,266,3,263,0,0,24,정상 범위,v2
EDGE-28-GRY-F,DC-ONLINE,온라인 DC,2026-08-19T09:00:00+09:00,304,4,300,0,0,24,정상 범위,v2
ARC-07-BLK-F,ONLINE,온라인몰,2026-08-20T09:00:00+09:00,65,2,63,0,0,35,정상 범위,v2
ARC-07-BLK-F,STORE-SEONGSU,성수 플래그십,2026-08-20T09:00:00+09:00,130,3,127,0,0,35,이동 가능 잉여,v2
ARC-07-BLK-F,STORE-GANGNAM,강남점,2026-08-20T09:00:00+09:00,128,4,124,0,0,35,판매 급증·품절 위험,v2
ARC-07-BLK-F,STORE-HANNAM,한남점,2026-08-20T09:00:00+09:00,124,5,119,0,0,35,정상 범위,v2
ARC-07-BLK-F,STORE-BUSAN,부산 센텀,2026-08-20T09:00:00+09:00,162,6,156,0,0,35,정상 범위,v2
ARC-07-BLK-F,STORE-SHANGHAI,상하이 IFC,2026-08-20T09:00:00+09:00,193,0,193,0,0,35,정상 범위,v2
ARC-07-BLK-F,DC-ONLINE,온라인 DC,2026-08-20T09:00:00+09:00,161,1,160,0,0,35,정상 범위,v2
FLOW-22-BLK-F,ONLINE,온라인몰,2026-08-20T09:00:00+09:00,91,3,88,0,0,38,정상 범위,v2
FLOW-22-BLK-F,STORE-SEONGSU,성수 플래그십,2026-08-20T09:00:00+09:00,137,4,133,0,0,38,정상 범위,v2
FLOW-22-BLK-F,STORE-GANGNAM,강남점,2026-08-20T09:00:00+09:00,115,5,110,0,0,38,정상 범위,v2
FLOW-22-BLK-F,STORE-HANNAM,한남점,2026-08-20T09:00:00+09:00,166,6,160,0,0,38,이동 가능 잉여,v2
FLOW-22-BLK-F,STORE-BUSAN,부산 센텀,2026-08-20T09:00:00+09:00,159,0,159,0,0,38,판매 급증·품절 위험,v2
FLOW-22-BLK-F,STORE-SHANGHAI,상하이 IFC,2026-08-20T09:00:00+09:00,162,1,161,0,0,38,정상 범위,v2
FLOW-22-BLK-F,DC-ONLINE,온라인 DC,2026-08-20T09:00:00+09:00,185,2,183,0,0,38,정상 범위,v2
EASE-19-CRM-F,ONLINE,온라인몰,2026-08-20T09:00:00+09:00,143,4,139,0,0,30,과잉재고·할인 최소화 검토,v2
EASE-19-CRM-F,STORE-SEONGSU,성수 플래그십,2026-08-20T09:00:00+09:00,121,5,116,0,0,30,과잉재고·할인 최소화 검토,v2
EASE-19-CRM-F,STORE-GANGNAM,강남점,2026-08-20T09:00:00+09:00,151,6,145,0,0,30,과잉재고·할인 최소화 검토,v2
EASE-19-CRM-F,STORE-HANNAM,한남점,2026-08-20T09:00:00+09:00,180,0,180,0,0,30,과잉재고·할인 최소화 검토,v2
EASE-19-CRM-F,STORE-BUSAN,부산 센텀,2026-08-20T09:00:00+09:00,157,1,156,0,0,30,과잉재고·할인 최소화 검토,v2
EASE-19-CRM-F,STORE-SHANGHAI,상하이 IFC,2026-08-20T09:00:00+09:00,186,2,184,0,0,30,과잉재고·할인 최소화 검토,v2
EASE-19-CRM-F,DC-ONLINE,온라인 DC,2026-08-20T09:00:00+09:00,236,3,233,0,0,30,과잉재고·할인 최소화 검토,v2
NOVA-11-NVY-F,ONLINE,온라인몰,2026-08-20T09:00:00+09:00,98,5,93,0,0,28,정상 범위,v2
NOVA-11-NVY-F,STORE-SEONGSU,성수 플래그십,2026-08-20T09:00:00+09:00,136,6,130,0,0,28,정상 범위,v2
NOVA-11-NVY-F,STORE-GANGNAM,강남점,2026-08-20T09:00:00+09:00,167,0,167,0,0,28,정상 범위,v2
NOVA-11-NVY-F,STORE-HANNAM,한남점,2026-08-20T09:00:00+09:00,145,1,144,0,0,28,정상 범위,v2
NOVA-11-NVY-F,STORE-BUSAN,부산 센텀,2026-08-20T09:00:00+09:00,183,2,181,0,0,28,정상 범위,v2
NOVA-11-NVY-F,STORE-SHANGHAI,상하이 IFC,2026-08-20T09:00:00+09:00,221,3,218,0,0,28,정상 범위,v2
NOVA-11-NVY-F,DC-ONLINE,온라인 DC,2026-08-20T09:00:00+09:00,199,4,195,0,0,28,정상 범위,v2
AIR-24-NVY-F,ONLINE,온라인몰,2026-08-20T09:00:00+09:00,111,6,105,0,0,32,전사 부족·재주문 필요,v2
AIR-24-NVY-F,STORE-SEONGSU,성수 플래그십,2026-08-20T09:00:00+09:00,137,0,137,0,0,32,전사 부족·재주문 필요,v2
AIR-24-NVY-F,STORE-GANGNAM,강남점,2026-08-20T09:00:00+09:00,117,1,116,0,0,32,전사 부족·재주문 필요,v2
AIR-24-NVY-F,STORE-HANNAM,한남점,2026-08-20T09:00:00+09:00,151,2,149,0,0,32,전사 부족·재주문 필요,v2
AIR-24-NVY-F,STORE-BUSAN,부산 센텀,2026-08-20T09:00:00+09:00,182,3,179,0,0,32,전사 부족·재주문 필요,v2
AIR-24-NVY-F,STORE-SHANGHAI,상하이 IFC,2026-08-20T09:00:00+09:00,164,4,160,0,0,32,전사 부족·재주문 필요,v2
AIR-24-NVY-F,DC-ONLINE,온라인 DC,2026-08-20T09:00:00+09:00,198,5,193,0,0,32,전사 부족·재주문 필요,v2
WAVE-31-WHT-F,ONLINE,온라인몰,2026-08-20T09:00:00+09:00,149,0,149,0,0,28,정상 범위,v2
WAVE-31-WHT-F,STORE-SEONGSU,성수 플래그십,2026-08-20T09:00:00+09:00,127,1,126,0,0,28,정상 범위,v2
WAVE-31-WHT-F,STORE-GANGNAM,강남점,2026-08-20T09:00:00+09:00,165,2,163,0,0,28,정상 범위,v2
WAVE-31-WHT-F,STORE-HANNAM,한남점,2026-08-20T09:00:00+09:00,203,3,200,0,0,28,정상 범위,v2
WAVE-31-WHT-F,STORE-BUSAN,부산 센텀,2026-08-20T09:00:00+09:00,181,4,177,0,0,28,정상 범위,v2
WAVE-31-WHT-F,STORE-SHANGHAI,상하이 IFC,2026-08-20T09:00:00+09:00,219,5,214,0,0,28,정상 범위,v2
WAVE-31-WHT-F,DC-ONLINE,온라인 DC,2026-08-20T09:00:00+09:00,257,6,251,0,0,28,정상 범위,v2
MOSS-18-BLK-F,ONLINE,온라인몰,2026-08-20T09:00:00+09:00,136,1,135,0,0,26,과잉재고·할인 최소화 검토,v2
MOSS-18-BLK-F,STORE-SEONGSU,성수 플래그십,2026-08-20T09:00:00+09:00,165,2,163,0,0,26,과잉재고·할인 최소화 검토,v2
MOSS-18-BLK-F,STORE-GANGNAM,강남점,2026-08-20T09:00:00+09:00,195,3,192,0,0,26,과잉재고·할인 최소화 검토,v2
MOSS-18-BLK-F,STORE-HANNAM,한남점,2026-08-20T09:00:00+09:00,180,4,176,0,0,26,과잉재고·할인 최소화 검토,v2
MOSS-18-BLK-F,STORE-BUSAN,부산 센텀,2026-08-20T09:00:00+09:00,207,5,202,0,0,26,과잉재고·할인 최소화 검토,v2
MOSS-18-BLK-F,STORE-SHANGHAI,상하이 IFC,2026-08-20T09:00:00+09:00,237,6,231,0,0,26,과잉재고·할인 최소화 검토,v2
MOSS-18-BLK-F,DC-ONLINE,온라인 DC,2026-08-20T09:00:00+09:00,230,0,230,0,0,26,과잉재고·할인 최소화 검토,v2
LUME-09-BEG-F,ONLINE,온라인몰,2026-08-20T09:00:00+09:00,147,2,145,0,0,25,정상 범위,v2
LUME-09-BEG-F,STORE-SEONGSU,성수 플래그십,2026-08-20T09:00:00+09:00,185,3,182,0,0,25,정상 범위,v2
LUME-09-BEG-F,STORE-GANGNAM,강남점,2026-08-20T09:00:00+09:00,163,4,159,0,0,25,정상 범위,v2
LUME-09-BEG-F,STORE-HANNAM,한남점,2026-08-20T09:00:00+09:00,201,5,196,0,0,25,정상 범위,v2
LUME-09-BEG-F,STORE-BUSAN,부산 센텀,2026-08-20T09:00:00+09:00,239,6,233,0,0,25,정상 범위,v2
LUME-09-BEG-F,STORE-SHANGHAI,상하이 IFC,2026-08-20T09:00:00+09:00,210,0,210,0,0,25,정상 범위,v2
LUME-09-BEG-F,DC-ONLINE,온라인 DC,2026-08-20T09:00:00+09:00,248,1,247,0,0,25,정상 범위,v2
CORE-55-WHT-F,ONLINE,온라인몰,2026-08-20T09:00:00+09:00,175,3,172,0,0,45,정상 범위,v2
CORE-55-WHT-F,STORE-SEONGSU,성수 플래그십,2026-08-20T09:00:00+09:00,153,4,149,0,0,45,정상 범위,v2
CORE-55-WHT-F,STORE-GANGNAM,강남점,2026-08-20T09:00:00+09:00,191,5,186,0,0,45,정상 범위,v2
CORE-55-WHT-F,STORE-HANNAM,한남점,2026-08-20T09:00:00+09:00,229,6,223,0,0,45,정상 범위,v2
CORE-55-WHT-F,STORE-BUSAN,부산 센텀,2026-08-20T09:00:00+09:00,200,0,200,0,0,45,정상 범위,v2
CORE-55-WHT-F,STORE-SHANGHAI,상하이 IFC,2026-08-20T09:00:00+09:00,238,1,237,0,2,45,정상 범위,v2
CORE-55-WHT-F,DC-ONLINE,온라인 DC,2026-08-20T09:00:00+09:00,276,2,274,0,0,45,정상 범위,v2
FORM-42-DEN-F,ONLINE,온라인몰,2026-08-20T09:00:00+09:00,145,4,141,0,0,28,정상 범위,v2
FORM-42-DEN-F,STORE-SEONGSU,성수 플래그십,2026-08-20T09:00:00+09:00,183,5,178,0,0,28,정상 범위,v2
FORM-42-DEN-F,STORE-GANGNAM,강남점,2026-08-20T09:00:00+09:00,221,6,215,0,2,28,정상 범위,v2
FORM-42-DEN-F,STORE-HANNAM,한남점,2026-08-20T09:00:00+09:00,192,0,192,0,0,28,정상 범위,v2
FORM-42-DEN-F,STORE-BUSAN,부산 센텀,2026-08-20T09:00:00+09:00,230,1,229,0,0,28,정상 범위,v2
FORM-42-DEN-F,STORE-SHANGHAI,상하이 IFC,2026-08-20T09:00:00+09:00,268,2,266,0,0,28,정상 범위,v2
FORM-42-DEN-F,DC-ONLINE,온라인 DC,2026-08-20T09:00:00+09:00,246,3,243,0,0,28,정상 범위,v2
COVE-14-BLK-F,ONLINE,온라인몰,2026-08-20T09:00:00+09:00,174,5,169,0,0,24,정상 범위,v2
COVE-14-BLK-F,STORE-SEONGSU,성수 플래그십,2026-08-20T09:00:00+09:00,212,6,206,0,0,24,정상 범위,v2
COVE-14-BLK-F,STORE-GANGNAM,강남점,2026-08-20T09:00:00+09:00,183,0,183,0,0,24,정상 범위,v2
COVE-14-BLK-F,STORE-HANNAM,한남점,2026-08-20T09:00:00+09:00,221,1,220,0,0,24,정상 범위,v2
COVE-14-BLK-F,STORE-BUSAN,부산 센텀,2026-08-20T09:00:00+09:00,259,2,257,0,0,24,정상 범위,v2
COVE-14-BLK-F,STORE-SHANGHAI,상하이 IFC,2026-08-20T09:00:00+09:00,237,3,234,0,0,24,정상 범위,v2
COVE-14-BLK-F,DC-ONLINE,온라인 DC,2026-08-20T09:00:00+09:00,275,4,271,0,0,24,정상 범위,v2
EDGE-28-GRY-F,ONLINE,온라인몰,2026-08-20T09:00:00+09:00,203,6,197,0,0,24,정상 범위,v2
EDGE-28-GRY-F,STORE-SEONGSU,성수 플래그십,2026-08-20T09:00:00+09:00,174,0,174,0,0,24,정상 범위,v2
EDGE-28-GRY-F,STORE-GANGNAM,강남점,2026-08-20T09:00:00+09:00,212,1,211,0,0,24,정상 범위,v2
EDGE-28-GRY-F,STORE-HANNAM,한남점,2026-08-20T09:00:00+09:00,250,2,248,0,0,24,정상 범위,v2
EDGE-28-GRY-F,STORE-BUSAN,부산 센텀,2026-08-20T09:00:00+09:00,228,3,225,0,0,24,정상 범위,v2
EDGE-28-GRY-F,STORE-SHANGHAI,상하이 IFC,2026-08-20T09:00:00+09:00,266,4,262,0,0,24,정상 범위,v2
EDGE-28-GRY-F,DC-ONLINE,온라인 DC,2026-08-20T09:00:00+09:00,304,5,299,0,0,24,정상 범위,v2
ARC-07-BLK-F,ONLINE,온라인몰,2026-08-21T09:00:00+09:00,62,3,59,0,0,35,정상 범위,v2
ARC-07-BLK-F,STORE-SEONGSU,성수 플래그십,2026-08-21T09:00:00+09:00,142,4,138,0,0,35,이동 가능 잉여,v2
ARC-07-BLK-F,STORE-GANGNAM,강남점,2026-08-21T09:00:00+09:00,119,5,114,0,0,35,판매 급증·품절 위험,v2
ARC-07-BLK-F,STORE-HANNAM,한남점,2026-08-21T09:00:00+09:00,124,6,118,0,0,35,정상 범위,v2
ARC-07-BLK-F,STORE-BUSAN,부산 센텀,2026-08-21T09:00:00+09:00,155,0,155,0,0,35,정상 범위,v2
ARC-07-BLK-F,STORE-SHANGHAI,상하이 IFC,2026-08-21T09:00:00+09:00,193,1,192,0,0,35,정상 범위,v2
ARC-07-BLK-F,DC-ONLINE,온라인 DC,2026-08-21T09:00:00+09:00,156,2,154,0,0,35,정상 범위,v2
FLOW-22-BLK-F,ONLINE,온라인몰,2026-08-21T09:00:00+09:00,87,4,83,0,0,38,정상 범위,v2
FLOW-22-BLK-F,STORE-SEONGSU,성수 플래그십,2026-08-21T09:00:00+09:00,137,5,132,0,0,38,정상 범위,v2
FLOW-22-BLK-F,STORE-GANGNAM,강남점,2026-08-21T09:00:00+09:00,115,6,109,0,0,38,정상 범위,v2
FLOW-22-BLK-F,STORE-HANNAM,한남점,2026-08-21T09:00:00+09:00,165,0,165,0,0,38,이동 가능 잉여,v2
FLOW-22-BLK-F,STORE-BUSAN,부산 센텀,2026-08-21T09:00:00+09:00,147,1,146,0,0,38,판매 급증·품절 위험,v2
FLOW-22-BLK-F,STORE-SHANGHAI,상하이 IFC,2026-08-21T09:00:00+09:00,162,2,160,0,0,38,정상 범위,v2
FLOW-22-BLK-F,DC-ONLINE,온라인 DC,2026-08-21T09:00:00+09:00,177,3,174,0,0,38,정상 범위,v2
EASE-19-CRM-F,ONLINE,온라인몰,2026-08-21T09:00:00+09:00,150,5,145,0,0,30,과잉재고·할인 최소화 검토,v2
EASE-19-CRM-F,STORE-SEONGSU,성수 플래그십,2026-08-21T09:00:00+09:00,128,6,122,0,0,30,과잉재고·할인 최소화 검토,v2
EASE-19-CRM-F,STORE-GANGNAM,강남점,2026-08-21T09:00:00+09:00,147,0,147,0,0,30,과잉재고·할인 최소화 검토,v2
EASE-19-CRM-F,STORE-HANNAM,한남점,2026-08-21T09:00:00+09:00,183,1,182,0,0,30,과잉재고·할인 최소화 검토,v2
EASE-19-CRM-F,STORE-BUSAN,부산 센텀,2026-08-21T09:00:00+09:00,159,2,157,0,0,30,과잉재고·할인 최소화 검토,v2
EASE-19-CRM-F,STORE-SHANGHAI,상하이 IFC,2026-08-21T09:00:00+09:00,183,3,180,0,0,30,과잉재고·할인 최소화 검토,v2
EASE-19-CRM-F,DC-ONLINE,온라인 DC,2026-08-21T09:00:00+09:00,239,4,235,0,0,30,과잉재고·할인 최소화 검토,v2
NOVA-11-NVY-F,ONLINE,온라인몰,2026-08-21T09:00:00+09:00,98,6,92,0,0,28,정상 범위,v2
NOVA-11-NVY-F,STORE-SEONGSU,성수 플래그십,2026-08-21T09:00:00+09:00,129,0,129,0,0,28,정상 범위,v2
NOVA-11-NVY-F,STORE-GANGNAM,강남점,2026-08-21T09:00:00+09:00,167,1,166,0,0,28,정상 범위,v2
NOVA-11-NVY-F,STORE-HANNAM,한남점,2026-08-21T09:00:00+09:00,145,2,143,0,0,28,정상 범위,v2
NOVA-11-NVY-F,STORE-BUSAN,부산 센텀,2026-08-21T09:00:00+09:00,183,3,180,0,0,28,정상 범위,v2
NOVA-11-NVY-F,STORE-SHANGHAI,상하이 IFC,2026-08-21T09:00:00+09:00,221,4,217,0,0,28,정상 범위,v2
NOVA-11-NVY-F,DC-ONLINE,온라인 DC,2026-08-21T09:00:00+09:00,199,5,194,0,0,28,정상 범위,v2
AIR-24-NVY-F,ONLINE,온라인몰,2026-08-21T09:00:00+09:00,96,0,96,0,0,32,전사 부족·재주문 필요,v2
AIR-24-NVY-F,STORE-SEONGSU,성수 플래그십,2026-08-21T09:00:00+09:00,127,1,126,0,0,32,전사 부족·재주문 필요,v2
AIR-24-NVY-F,STORE-GANGNAM,강남점,2026-08-21T09:00:00+09:00,109,2,107,0,0,32,전사 부족·재주문 필요,v2
AIR-24-NVY-F,STORE-HANNAM,한남점,2026-08-21T09:00:00+09:00,139,3,136,0,0,32,전사 부족·재주문 필요,v2
AIR-24-NVY-F,STORE-BUSAN,부산 센텀,2026-08-21T09:00:00+09:00,168,4,164,0,0,32,전사 부족·재주문 필요,v2
AIR-24-NVY-F,STORE-SHANGHAI,상하이 IFC,2026-08-21T09:00:00+09:00,152,5,147,0,0,32,전사 부족·재주문 필요,v2
AIR-24-NVY-F,DC-ONLINE,온라인 DC,2026-08-21T09:00:00+09:00,184,6,178,0,0,32,전사 부족·재주문 필요,v2
WAVE-31-WHT-F,ONLINE,온라인몰,2026-08-21T09:00:00+09:00,149,1,148,0,0,28,정상 범위,v2
WAVE-31-WHT-F,STORE-SEONGSU,성수 플래그십,2026-08-21T09:00:00+09:00,127,2,125,0,0,28,정상 범위,v2
WAVE-31-WHT-F,STORE-GANGNAM,강남점,2026-08-21T09:00:00+09:00,165,3,162,0,0,28,정상 범위,v2
WAVE-31-WHT-F,STORE-HANNAM,한남점,2026-08-21T09:00:00+09:00,203,4,199,0,0,28,정상 범위,v2
WAVE-31-WHT-F,STORE-BUSAN,부산 센텀,2026-08-21T09:00:00+09:00,181,5,176,0,0,28,정상 범위,v2
WAVE-31-WHT-F,STORE-SHANGHAI,상하이 IFC,2026-08-21T09:00:00+09:00,219,6,213,0,0,28,정상 범위,v2
WAVE-31-WHT-F,DC-ONLINE,온라인 DC,2026-08-21T09:00:00+09:00,250,0,250,0,0,28,정상 범위,v2
MOSS-18-BLK-F,ONLINE,온라인몰,2026-08-21T09:00:00+09:00,146,2,144,0,0,26,과잉재고·할인 최소화 검토,v2
MOSS-18-BLK-F,STORE-SEONGSU,성수 플래그십,2026-08-21T09:00:00+09:00,170,3,167,0,0,26,과잉재고·할인 최소화 검토,v2
MOSS-18-BLK-F,STORE-GANGNAM,강남점,2026-08-21T09:00:00+09:00,196,4,192,0,0,26,과잉재고·할인 최소화 검토,v2
MOSS-18-BLK-F,STORE-HANNAM,한남점,2026-08-21T09:00:00+09:00,185,5,180,0,0,26,과잉재고·할인 최소화 검토,v2
MOSS-18-BLK-F,STORE-BUSAN,부산 센텀,2026-08-21T09:00:00+09:00,206,6,200,0,0,26,과잉재고·할인 최소화 검토,v2
MOSS-18-BLK-F,STORE-SHANGHAI,상하이 IFC,2026-08-21T09:00:00+09:00,225,0,225,0,0,26,과잉재고·할인 최소화 검토,v2
MOSS-18-BLK-F,DC-ONLINE,온라인 DC,2026-08-21T09:00:00+09:00,236,1,235,0,0,26,과잉재고·할인 최소화 검토,v2
LUME-09-BEG-F,ONLINE,온라인몰,2026-08-21T09:00:00+09:00,147,3,144,0,0,25,정상 범위,v2
LUME-09-BEG-F,STORE-SEONGSU,성수 플래그십,2026-08-21T09:00:00+09:00,185,4,181,0,0,25,정상 범위,v2
LUME-09-BEG-F,STORE-GANGNAM,강남점,2026-08-21T09:00:00+09:00,163,5,158,0,0,25,정상 범위,v2
LUME-09-BEG-F,STORE-HANNAM,한남점,2026-08-21T09:00:00+09:00,201,6,195,0,0,25,정상 범위,v2
LUME-09-BEG-F,STORE-BUSAN,부산 센텀,2026-08-21T09:00:00+09:00,232,0,232,0,0,25,정상 범위,v2
LUME-09-BEG-F,STORE-SHANGHAI,상하이 IFC,2026-08-21T09:00:00+09:00,210,1,209,0,0,25,정상 범위,v2
LUME-09-BEG-F,DC-ONLINE,온라인 DC,2026-08-21T09:00:00+09:00,248,2,246,0,0,25,정상 범위,v2
CORE-55-WHT-F,ONLINE,온라인몰,2026-08-21T09:00:00+09:00,175,4,171,0,0,45,정상 범위,v2
CORE-55-WHT-F,STORE-SEONGSU,성수 플래그십,2026-08-21T09:00:00+09:00,153,5,148,0,0,45,정상 범위,v2
CORE-55-WHT-F,STORE-GANGNAM,강남점,2026-08-21T09:00:00+09:00,191,6,185,0,0,45,정상 범위,v2
CORE-55-WHT-F,STORE-HANNAM,한남점,2026-08-21T09:00:00+09:00,222,0,222,0,0,45,정상 범위,v2
CORE-55-WHT-F,STORE-BUSAN,부산 센텀,2026-08-21T09:00:00+09:00,200,1,199,0,2,45,정상 범위,v2
CORE-55-WHT-F,STORE-SHANGHAI,상하이 IFC,2026-08-21T09:00:00+09:00,238,2,236,0,0,45,정상 범위,v2
CORE-55-WHT-F,DC-ONLINE,온라인 DC,2026-08-21T09:00:00+09:00,276,3,273,0,0,45,정상 범위,v2
FORM-42-DEN-F,ONLINE,온라인몰,2026-08-21T09:00:00+09:00,145,5,140,0,0,28,정상 범위,v2
FORM-42-DEN-F,STORE-SEONGSU,성수 플래그십,2026-08-21T09:00:00+09:00,183,6,177,0,2,28,정상 범위,v2
FORM-42-DEN-F,STORE-GANGNAM,강남점,2026-08-21T09:00:00+09:00,214,0,214,0,0,28,정상 범위,v2
FORM-42-DEN-F,STORE-HANNAM,한남점,2026-08-21T09:00:00+09:00,192,1,191,0,0,28,정상 범위,v2
FORM-42-DEN-F,STORE-BUSAN,부산 센텀,2026-08-21T09:00:00+09:00,230,2,228,0,0,28,정상 범위,v2
FORM-42-DEN-F,STORE-SHANGHAI,상하이 IFC,2026-08-21T09:00:00+09:00,268,3,265,0,0,28,정상 범위,v2
FORM-42-DEN-F,DC-ONLINE,온라인 DC,2026-08-21T09:00:00+09:00,246,4,242,0,0,28,정상 범위,v2
COVE-14-BLK-F,ONLINE,온라인몰,2026-08-21T09:00:00+09:00,175,6,169,0,0,24,정상 범위,v2
COVE-14-BLK-F,STORE-SEONGSU,성수 플래그십,2026-08-21T09:00:00+09:00,206,0,206,0,0,24,정상 범위,v2
COVE-14-BLK-F,STORE-GANGNAM,강남점,2026-08-21T09:00:00+09:00,184,1,183,0,0,24,정상 범위,v2
COVE-14-BLK-F,STORE-HANNAM,한남점,2026-08-21T09:00:00+09:00,222,2,220,0,0,24,정상 범위,v2
COVE-14-BLK-F,STORE-BUSAN,부산 센텀,2026-08-21T09:00:00+09:00,260,3,257,0,0,24,정상 범위,v2
COVE-14-BLK-F,STORE-SHANGHAI,상하이 IFC,2026-08-21T09:00:00+09:00,238,4,234,0,0,24,정상 범위,v2
COVE-14-BLK-F,DC-ONLINE,온라인 DC,2026-08-21T09:00:00+09:00,276,5,271,0,0,24,정상 범위,v2
EDGE-28-GRY-F,ONLINE,온라인몰,2026-08-21T09:00:00+09:00,197,0,197,0,0,24,정상 범위,v2
EDGE-28-GRY-F,STORE-SEONGSU,성수 플래그십,2026-08-21T09:00:00+09:00,175,1,174,0,0,24,정상 범위,v2
EDGE-28-GRY-F,STORE-GANGNAM,강남점,2026-08-21T09:00:00+09:00,213,2,211,0,0,24,정상 범위,v2
EDGE-28-GRY-F,STORE-HANNAM,한남점,2026-08-21T09:00:00+09:00,251,3,248,0,0,24,정상 범위,v2
EDGE-28-GRY-F,STORE-BUSAN,부산 센텀,2026-08-21T09:00:00+09:00,229,4,225,0,0,24,정상 범위,v2
EDGE-28-GRY-F,STORE-SHANGHAI,상하이 IFC,2026-08-21T09:00:00+09:00,267,5,262,0,0,24,정상 범위,v2
EDGE-28-GRY-F,DC-ONLINE,온라인 DC,2026-08-21T09:00:00+09:00,305,6,299,0,0,24,정상 범위,v2
ARC-07-BLK-F,ONLINE,온라인몰,2026-08-22T09:00:00+09:00,60,4,56,0,0,35,정상 범위,v2
ARC-07-BLK-F,STORE-SEONGSU,성수 플래그십,2026-08-22T09:00:00+09:00,153,5,148,0,0,35,이동 가능 잉여,v2
ARC-07-BLK-F,STORE-GANGNAM,강남점,2026-08-22T09:00:00+09:00,110,6,104,0,0,35,판매 급증·품절 위험,v2
ARC-07-BLK-F,STORE-HANNAM,한남점,2026-08-22T09:00:00+09:00,117,0,117,0,0,35,정상 범위,v2
ARC-07-BLK-F,STORE-BUSAN,부산 센텀,2026-08-22T09:00:00+09:00,155,1,154,0,0,35,정상 범위,v2
ARC-07-BLK-F,STORE-SHANGHAI,상하이 IFC,2026-08-22T09:00:00+09:00,193,2,191,0,0,35,정상 범위,v2
ARC-07-BLK-F,DC-ONLINE,온라인 DC,2026-08-22T09:00:00+09:00,151,3,148,0,0,35,정상 범위,v2
FLOW-22-BLK-F,ONLINE,온라인몰,2026-08-22T09:00:00+09:00,82,5,77,0,0,38,정상 범위,v2
FLOW-22-BLK-F,STORE-SEONGSU,성수 플래그십,2026-08-22T09:00:00+09:00,137,6,131,0,0,38,정상 범위,v2
FLOW-22-BLK-F,STORE-GANGNAM,강남점,2026-08-22T09:00:00+09:00,108,0,108,0,0,38,정상 범위,v2
FLOW-22-BLK-F,STORE-HANNAM,한남점,2026-08-22T09:00:00+09:00,172,1,171,0,0,38,이동 가능 잉여,v2
FLOW-22-BLK-F,STORE-BUSAN,부산 센텀,2026-08-22T09:00:00+09:00,134,2,132,0,0,38,판매 급증·품절 위험,v2
FLOW-22-BLK-F,STORE-SHANGHAI,상하이 IFC,2026-08-22T09:00:00+09:00,162,3,159,0,0,38,정상 범위,v2
FLOW-22-BLK-F,DC-ONLINE,온라인 DC,2026-08-22T09:00:00+09:00,170,4,166,0,0,38,정상 범위,v2
EASE-19-CRM-F,ONLINE,온라인몰,2026-08-22T09:00:00+09:00,158,6,152,0,0,30,과잉재고·할인 최소화 검토,v2
EASE-19-CRM-F,STORE-SEONGSU,성수 플래그십,2026-08-22T09:00:00+09:00,128,0,128,0,0,30,과잉재고·할인 최소화 검토,v2
EASE-19-CRM-F,STORE-GANGNAM,강남점,2026-08-22T09:00:00+09:00,151,1,150,0,0,30,과잉재고·할인 최소화 검토,v2
EASE-19-CRM-F,STORE-HANNAM,한남점,2026-08-22T09:00:00+09:00,185,2,183,0,0,30,과잉재고·할인 최소화 검토,v2
EASE-19-CRM-F,STORE-BUSAN,부산 센텀,2026-08-22T09:00:00+09:00,160,3,157,0,0,30,과잉재고·할인 최소화 검토,v2
EASE-19-CRM-F,STORE-SHANGHAI,상하이 IFC,2026-08-22T09:00:00+09:00,181,4,177,0,0,30,과잉재고·할인 최소화 검토,v2
EASE-19-CRM-F,DC-ONLINE,온라인 DC,2026-08-22T09:00:00+09:00,243,5,238,0,0,30,과잉재고·할인 최소화 검토,v2
NOVA-11-NVY-F,ONLINE,온라인몰,2026-08-22T09:00:00+09:00,92,0,92,0,0,28,정상 범위,v2
NOVA-11-NVY-F,STORE-SEONGSU,성수 플래그십,2026-08-22T09:00:00+09:00,130,1,129,0,0,28,정상 범위,v2
NOVA-11-NVY-F,STORE-GANGNAM,강남점,2026-08-22T09:00:00+09:00,168,2,166,0,0,28,정상 범위,v2
NOVA-11-NVY-F,STORE-HANNAM,한남점,2026-08-22T09:00:00+09:00,146,3,143,0,0,28,정상 범위,v2
NOVA-11-NVY-F,STORE-BUSAN,부산 센텀,2026-08-22T09:00:00+09:00,184,4,180,0,0,28,정상 범위,v2
NOVA-11-NVY-F,STORE-SHANGHAI,상하이 IFC,2026-08-22T09:00:00+09:00,222,5,217,0,0,28,정상 범위,v2
NOVA-11-NVY-F,DC-ONLINE,온라인 DC,2026-08-22T09:00:00+09:00,200,6,194,0,0,28,정상 범위,v2
AIR-24-NVY-F,ONLINE,온라인몰,2026-08-22T09:00:00+09:00,89,1,88,0,0,32,전사 부족·재주문 필요,v2
AIR-24-NVY-F,STORE-SEONGSU,성수 플래그십,2026-08-22T09:00:00+09:00,118,2,116,0,0,32,전사 부족·재주문 필요,v2
AIR-24-NVY-F,STORE-GANGNAM,강남점,2026-08-22T09:00:00+09:00,100,3,97,0,0,32,전사 부족·재주문 필요,v2
AIR-24-NVY-F,STORE-HANNAM,한남점,2026-08-22T09:00:00+09:00,128,4,124,0,0,32,전사 부족·재주문 필요,v2
AIR-24-NVY-F,STORE-BUSAN,부산 센텀,2026-08-22T09:00:00+09:00,153,5,148,0,0,32,전사 부족·재주문 필요,v2
AIR-24-NVY-F,STORE-SHANGHAI,상하이 IFC,2026-08-22T09:00:00+09:00,139,6,133,0,0,32,전사 부족·재주문 필요,v2
AIR-24-NVY-F,DC-ONLINE,온라인 DC,2026-08-22T09:00:00+09:00,163,0,163,0,0,32,전사 부족·재주문 필요,v2
WAVE-31-WHT-F,ONLINE,온라인몰,2026-08-22T09:00:00+09:00,150,2,148,0,0,28,정상 범위,v2
WAVE-31-WHT-F,STORE-SEONGSU,성수 플래그십,2026-08-22T09:00:00+09:00,128,3,125,0,0,28,정상 범위,v2
WAVE-31-WHT-F,STORE-GANGNAM,강남점,2026-08-22T09:00:00+09:00,166,4,162,0,0,28,정상 범위,v2
WAVE-31-WHT-F,STORE-HANNAM,한남점,2026-08-22T09:00:00+09:00,204,5,199,0,0,28,정상 범위,v2
WAVE-31-WHT-F,STORE-BUSAN,부산 센텀,2026-08-22T09:00:00+09:00,182,6,176,0,0,28,정상 범위,v2
WAVE-31-WHT-F,STORE-SHANGHAI,상하이 IFC,2026-08-22T09:00:00+09:00,213,0,213,0,0,28,정상 범위,v2
WAVE-31-WHT-F,DC-ONLINE,온라인 DC,2026-08-22T09:00:00+09:00,251,1,250,0,0,28,정상 범위,v2
MOSS-18-BLK-F,ONLINE,온라인몰,2026-08-22T09:00:00+09:00,155,3,152,0,0,26,과잉재고·할인 최소화 검토,v2
MOSS-18-BLK-F,STORE-SEONGSU,성수 플래그십,2026-08-22T09:00:00+09:00,174,4,170,0,0,26,과잉재고·할인 최소화 검토,v2
MOSS-18-BLK-F,STORE-GANGNAM,강남점,2026-08-22T09:00:00+09:00,197,5,192,0,0,26,과잉재고·할인 최소화 검토,v2
MOSS-18-BLK-F,STORE-HANNAM,한남점,2026-08-22T09:00:00+09:00,189,6,183,0,0,26,과잉재고·할인 최소화 검토,v2
MOSS-18-BLK-F,STORE-BUSAN,부산 센텀,2026-08-22T09:00:00+09:00,197,0,197,0,0,26,과잉재고·할인 최소화 검토,v2
MOSS-18-BLK-F,STORE-SHANGHAI,상하이 IFC,2026-08-22T09:00:00+09:00,220,1,219,0,0,26,과잉재고·할인 최소화 검토,v2
MOSS-18-BLK-F,DC-ONLINE,온라인 DC,2026-08-22T09:00:00+09:00,242,2,240,0,0,26,과잉재고·할인 최소화 검토,v2
LUME-09-BEG-F,ONLINE,온라인몰,2026-08-22T09:00:00+09:00,148,4,144,0,0,25,정상 범위,v2
LUME-09-BEG-F,STORE-SEONGSU,성수 플래그십,2026-08-22T09:00:00+09:00,186,5,181,0,0,25,정상 범위,v2
LUME-09-BEG-F,STORE-GANGNAM,강남점,2026-08-22T09:00:00+09:00,164,6,158,0,0,25,정상 범위,v2
LUME-09-BEG-F,STORE-HANNAM,한남점,2026-08-22T09:00:00+09:00,195,0,195,0,0,25,정상 범위,v2
LUME-09-BEG-F,STORE-BUSAN,부산 센텀,2026-08-22T09:00:00+09:00,233,1,232,0,0,25,정상 범위,v2
LUME-09-BEG-F,STORE-SHANGHAI,상하이 IFC,2026-08-22T09:00:00+09:00,211,2,209,0,0,25,정상 범위,v2
LUME-09-BEG-F,DC-ONLINE,온라인 DC,2026-08-22T09:00:00+09:00,249,3,246,0,2,25,정상 범위,v2
CORE-55-WHT-F,ONLINE,온라인몰,2026-08-22T09:00:00+09:00,174,5,169,0,0,45,정상 범위,v2
CORE-55-WHT-F,STORE-SEONGSU,성수 플래그십,2026-08-22T09:00:00+09:00,152,6,146,0,0,45,정상 범위,v2
CORE-55-WHT-F,STORE-GANGNAM,강남점,2026-08-22T09:00:00+09:00,183,0,183,0,0,45,정상 범위,v2
CORE-55-WHT-F,STORE-HANNAM,한남점,2026-08-22T09:00:00+09:00,221,1,220,0,2,45,정상 범위,v2
CORE-55-WHT-F,STORE-BUSAN,부산 센텀,2026-08-22T09:00:00+09:00,199,2,197,0,0,45,정상 범위,v2
CORE-55-WHT-F,STORE-SHANGHAI,상하이 IFC,2026-08-22T09:00:00+09:00,237,3,234,0,0,45,정상 범위,v2
CORE-55-WHT-F,DC-ONLINE,온라인 DC,2026-08-22T09:00:00+09:00,275,4,271,0,0,45,정상 범위,v2
FORM-42-DEN-F,ONLINE,온라인몰,2026-08-22T09:00:00+09:00,146,6,140,0,2,28,정상 범위,v2
FORM-42-DEN-F,STORE-SEONGSU,성수 플래그십,2026-08-22T09:00:00+09:00,177,0,177,0,0,28,정상 범위,v2
FORM-42-DEN-F,STORE-GANGNAM,강남점,2026-08-22T09:00:00+09:00,215,1,214,0,0,28,정상 범위,v2
FORM-42-DEN-F,STORE-HANNAM,한남점,2026-08-22T09:00:00+09:00,193,2,191,0,0,28,정상 범위,v2
FORM-42-DEN-F,STORE-BUSAN,부산 센텀,2026-08-22T09:00:00+09:00,231,3,228,0,0,28,정상 범위,v2
FORM-42-DEN-F,STORE-SHANGHAI,상하이 IFC,2026-08-22T09:00:00+09:00,269,4,265,0,0,28,정상 범위,v2
FORM-42-DEN-F,DC-ONLINE,온라인 DC,2026-08-22T09:00:00+09:00,247,5,242,0,0,28,정상 범위,v2
COVE-14-BLK-F,ONLINE,온라인몰,2026-08-22T09:00:00+09:00,168,0,168,0,0,24,정상 범위,v2
COVE-14-BLK-F,STORE-SEONGSU,성수 플래그십,2026-08-22T09:00:00+09:00,206,1,205,0,0,24,정상 범위,v2
COVE-14-BLK-F,STORE-GANGNAM,강남점,2026-08-22T09:00:00+09:00,184,2,182,0,0,24,정상 범위,v2
COVE-14-BLK-F,STORE-HANNAM,한남점,2026-08-22T09:00:00+09:00,222,3,219,0,0,24,정상 범위,v2
COVE-14-BLK-F,STORE-BUSAN,부산 센텀,2026-08-22T09:00:00+09:00,260,4,256,0,0,24,정상 범위,v2
COVE-14-BLK-F,STORE-SHANGHAI,상하이 IFC,2026-08-22T09:00:00+09:00,238,5,233,0,0,24,정상 범위,v2
COVE-14-BLK-F,DC-ONLINE,온라인 DC,2026-08-22T09:00:00+09:00,276,6,270,0,0,24,정상 범위,v2
EDGE-28-GRY-F,ONLINE,온라인몰,2026-08-22T09:00:00+09:00,197,1,196,0,0,24,정상 범위,v2
EDGE-28-GRY-F,STORE-SEONGSU,성수 플래그십,2026-08-22T09:00:00+09:00,175,2,173,0,0,24,정상 범위,v2
EDGE-28-GRY-F,STORE-GANGNAM,강남점,2026-08-22T09:00:00+09:00,213,3,210,0,0,24,정상 범위,v2
EDGE-28-GRY-F,STORE-HANNAM,한남점,2026-08-22T09:00:00+09:00,251,4,247,0,0,24,정상 범위,v2
EDGE-28-GRY-F,STORE-BUSAN,부산 센텀,2026-08-22T09:00:00+09:00,229,5,224,0,0,24,정상 범위,v2
EDGE-28-GRY-F,STORE-SHANGHAI,상하이 IFC,2026-08-22T09:00:00+09:00,267,6,261,0,0,24,정상 범위,v2
EDGE-28-GRY-F,DC-ONLINE,온라인 DC,2026-08-22T09:00:00+09:00,298,0,298,0,0,24,정상 범위,v2
ARC-07-BLK-F,ONLINE,온라인몰,2026-08-23T09:00:00+09:00,57,5,52,0,0,35,정상 범위,v2
ARC-07-BLK-F,STORE-SEONGSU,성수 플래그십,2026-08-23T09:00:00+09:00,164,6,158,0,0,35,이동 가능 잉여,v2
ARC-07-BLK-F,STORE-GANGNAM,강남점,2026-08-23T09:00:00+09:00,94,0,94,0,0,35,판매 급증·품절 위험,v2
ARC-07-BLK-F,STORE-HANNAM,한남점,2026-08-23T09:00:00+09:00,117,1,116,0,0,35,정상 범위,v2
ARC-07-BLK-F,STORE-BUSAN,부산 센텀,2026-08-23T09:00:00+09:00,155,2,153,0,0,35,정상 범위,v2
ARC-07-BLK-F,STORE-SHANGHAI,상하이 IFC,2026-08-23T09:00:00+09:00,193,3,190,0,0,35,정상 범위,v2
ARC-07-BLK-F,DC-ONLINE,온라인 DC,2026-08-23T09:00:00+09:00,146,4,142,0,0,35,정상 범위,v2
FLOW-22-BLK-F,ONLINE,온라인몰,2026-08-23T09:00:00+09:00,78,6,72,0,0,38,정상 범위,v2
FLOW-22-BLK-F,STORE-SEONGSU,성수 플래그십,2026-08-23T09:00:00+09:00,130,0,130,0,0,38,정상 범위,v2
FLOW-22-BLK-F,STORE-GANGNAM,강남점,2026-08-23T09:00:00+09:00,108,1,107,0,0,38,정상 범위,v2
FLOW-22-BLK-F,STORE-HANNAM,한남점,2026-08-23T09:00:00+09:00,178,2,176,0,0,38,이동 가능 잉여,v2
FLOW-22-BLK-F,STORE-BUSAN,부산 센텀,2026-08-23T09:00:00+09:00,122,3,119,0,0,38,판매 급증·품절 위험,v2
FLOW-22-BLK-F,STORE-SHANGHAI,상하이 IFC,2026-08-23T09:00:00+09:00,162,4,158,0,0,38,정상 범위,v2
FLOW-22-BLK-F,DC-ONLINE,온라인 DC,2026-08-23T09:00:00+09:00,162,5,157,0,0,38,정상 범위,v2
EASE-19-CRM-F,ONLINE,온라인몰,2026-08-23T09:00:00+09:00,158,0,158,0,0,30,과잉재고·할인 최소화 검토,v2
EASE-19-CRM-F,STORE-SEONGSU,성수 플래그십,2026-08-23T09:00:00+09:00,136,1,135,0,0,30,과잉재고·할인 최소화 검토,v2
EASE-19-CRM-F,STORE-GANGNAM,강남점,2026-08-23T09:00:00+09:00,154,2,152,0,0,30,과잉재고·할인 최소화 검토,v2
EASE-19-CRM-F,STORE-HANNAM,한남점,2026-08-23T09:00:00+09:00,188,3,185,0,0,30,과잉재고·할인 최소화 검토,v2
EASE-19-CRM-F,STORE-BUSAN,부산 센텀,2026-08-23T09:00:00+09:00,162,4,158,0,0,30,과잉재고·할인 최소화 검토,v2
EASE-19-CRM-F,STORE-SHANGHAI,상하이 IFC,2026-08-23T09:00:00+09:00,178,5,173,0,0,30,과잉재고·할인 최소화 검토,v2
EASE-19-CRM-F,DC-ONLINE,온라인 DC,2026-08-23T09:00:00+09:00,246,6,240,0,0,30,과잉재고·할인 최소화 검토,v2
NOVA-11-NVY-F,ONLINE,온라인몰,2026-08-23T09:00:00+09:00,92,1,91,0,0,28,정상 범위,v2
NOVA-11-NVY-F,STORE-SEONGSU,성수 플래그십,2026-08-23T09:00:00+09:00,130,2,128,0,0,28,정상 범위,v2
NOVA-11-NVY-F,STORE-GANGNAM,강남점,2026-08-23T09:00:00+09:00,168,3,165,0,0,28,정상 범위,v2
NOVA-11-NVY-F,STORE-HANNAM,한남점,2026-08-23T09:00:00+09:00,146,4,142,0,0,28,정상 범위,v2
NOVA-11-NVY-F,STORE-BUSAN,부산 센텀,2026-08-23T09:00:00+09:00,184,5,179,0,0,28,정상 범위,v2
NOVA-11-NVY-F,STORE-SHANGHAI,상하이 IFC,2026-08-23T09:00:00+09:00,222,6,216,0,0,28,정상 범위,v2
NOVA-11-NVY-F,DC-ONLINE,온라인 DC,2026-08-23T09:00:00+09:00,193,0,193,0,0,28,정상 범위,v2
AIR-24-NVY-F,ONLINE,온라인몰,2026-08-23T09:00:00+09:00,81,2,79,0,0,32,전사 부족·재주문 필요,v2
AIR-24-NVY-F,STORE-SEONGSU,성수 플래그십,2026-08-23T09:00:00+09:00,108,3,105,0,0,32,전사 부족·재주문 필요,v2
AIR-24-NVY-F,STORE-GANGNAM,강남점,2026-08-23T09:00:00+09:00,91,4,87,0,0,32,전사 부족·재주문 필요,v2
AIR-24-NVY-F,STORE-HANNAM,한남점,2026-08-23T09:00:00+09:00,117,5,112,0,0,32,전사 부족·재주문 필요,v2
AIR-24-NVY-F,STORE-BUSAN,부산 센텀,2026-08-23T09:00:00+09:00,139,6,133,0,0,32,전사 부족·재주문 필요,v2
AIR-24-NVY-F,STORE-SHANGHAI,상하이 IFC,2026-08-23T09:00:00+09:00,120,0,120,0,0,32,전사 부족·재주문 필요,v2
AIR-24-NVY-F,DC-ONLINE,온라인 DC,2026-08-23T09:00:00+09:00,148,1,147,0,0,32,전사 부족·재주문 필요,v2
WAVE-31-WHT-F,ONLINE,온라인몰,2026-08-23T09:00:00+09:00,150,3,147,0,0,28,정상 범위,v2
WAVE-31-WHT-F,STORE-SEONGSU,성수 플래그십,2026-08-23T09:00:00+09:00,128,4,124,0,0,28,정상 범위,v2
WAVE-31-WHT-F,STORE-GANGNAM,강남점,2026-08-23T09:00:00+09:00,166,5,161,0,0,28,정상 범위,v2
WAVE-31-WHT-F,STORE-HANNAM,한남점,2026-08-23T09:00:00+09:00,204,6,198,0,0,28,정상 범위,v2
WAVE-31-WHT-F,STORE-BUSAN,부산 센텀,2026-08-23T09:00:00+09:00,175,0,175,0,0,28,정상 범위,v2
WAVE-31-WHT-F,STORE-SHANGHAI,상하이 IFC,2026-08-23T09:00:00+09:00,213,1,212,0,0,28,정상 범위,v2
WAVE-31-WHT-F,DC-ONLINE,온라인 DC,2026-08-23T09:00:00+09:00,251,2,249,0,0,28,정상 범위,v2
MOSS-18-BLK-F,ONLINE,온라인몰,2026-08-23T09:00:00+09:00,165,4,161,0,0,26,과잉재고·할인 최소화 검토,v2
MOSS-18-BLK-F,STORE-SEONGSU,성수 플래그십,2026-08-23T09:00:00+09:00,179,5,174,0,0,26,과잉재고·할인 최소화 검토,v2
MOSS-18-BLK-F,STORE-GANGNAM,강남점,2026-08-23T09:00:00+09:00,198,6,192,0,0,26,과잉재고·할인 최소화 검토,v2
MOSS-18-BLK-F,STORE-HANNAM,한남점,2026-08-23T09:00:00+09:00,187,0,187,0,0,26,과잉재고·할인 최소화 검토,v2
MOSS-18-BLK-F,STORE-BUSAN,부산 센텀,2026-08-23T09:00:00+09:00,196,1,195,0,0,26,과잉재고·할인 최소화 검토,v2
MOSS-18-BLK-F,STORE-SHANGHAI,상하이 IFC,2026-08-23T09:00:00+09:00,215,2,213,0,0,26,과잉재고·할인 최소화 검토,v2
MOSS-18-BLK-F,DC-ONLINE,온라인 DC,2026-08-23T09:00:00+09:00,248,3,245,0,0,26,과잉재고·할인 최소화 검토,v2
LUME-09-BEG-F,ONLINE,온라인몰,2026-08-23T09:00:00+09:00,148,5,143,0,0,25,정상 범위,v2
LUME-09-BEG-F,STORE-SEONGSU,성수 플래그십,2026-08-23T09:00:00+09:00,186,6,180,0,0,25,정상 범위,v2
LUME-09-BEG-F,STORE-GANGNAM,강남점,2026-08-23T09:00:00+09:00,157,0,157,0,0,25,정상 범위,v2
LUME-09-BEG-F,STORE-HANNAM,한남점,2026-08-23T09:00:00+09:00,195,1,194,0,0,25,정상 범위,v2
LUME-09-BEG-F,STORE-BUSAN,부산 센텀,2026-08-23T09:00:00+09:00,233,2,231,0,0,25,정상 범위,v2
LUME-09-BEG-F,STORE-SHANGHAI,상하이 IFC,2026-08-23T09:00:00+09:00,211,3,208,0,2,25,정상 범위,v2
LUME-09-BEG-F,DC-ONLINE,온라인 DC,2026-08-23T09:00:00+09:00,249,4,245,0,0,25,정상 범위,v2
CORE-55-WHT-F,ONLINE,온라인몰,2026-08-23T09:00:00+09:00,174,6,168,0,0,45,정상 범위,v2
CORE-55-WHT-F,STORE-SEONGSU,성수 플래그십,2026-08-23T09:00:00+09:00,145,0,145,0,0,45,정상 범위,v2
CORE-55-WHT-F,STORE-GANGNAM,강남점,2026-08-23T09:00:00+09:00,183,1,182,0,2,45,정상 범위,v2
CORE-55-WHT-F,STORE-HANNAM,한남점,2026-08-23T09:00:00+09:00,221,2,219,0,0,45,정상 범위,v2
CORE-55-WHT-F,STORE-BUSAN,부산 센텀,2026-08-23T09:00:00+09:00,199,3,196,0,0,45,정상 범위,v2
CORE-55-WHT-F,STORE-SHANGHAI,상하이 IFC,2026-08-23T09:00:00+09:00,237,4,233,0,0,45,정상 범위,v2
CORE-55-WHT-F,DC-ONLINE,온라인 DC,2026-08-23T09:00:00+09:00,275,5,270,0,0,45,정상 범위,v2
FORM-42-DEN-F,ONLINE,온라인몰,2026-08-23T09:00:00+09:00,139,0,139,0,0,28,정상 범위,v2
FORM-42-DEN-F,STORE-SEONGSU,성수 플래그십,2026-08-23T09:00:00+09:00,177,1,176,0,0,28,정상 범위,v2
FORM-42-DEN-F,STORE-GANGNAM,강남점,2026-08-23T09:00:00+09:00,215,2,213,0,0,28,정상 범위,v2
FORM-42-DEN-F,STORE-HANNAM,한남점,2026-08-23T09:00:00+09:00,193,3,190,0,0,28,정상 범위,v2
FORM-42-DEN-F,STORE-BUSAN,부산 센텀,2026-08-23T09:00:00+09:00,231,4,227,0,0,28,정상 범위,v2
FORM-42-DEN-F,STORE-SHANGHAI,상하이 IFC,2026-08-23T09:00:00+09:00,269,5,264,0,0,28,정상 범위,v2
FORM-42-DEN-F,DC-ONLINE,온라인 DC,2026-08-23T09:00:00+09:00,247,6,241,0,0,28,정상 범위,v2
COVE-14-BLK-F,ONLINE,온라인몰,2026-08-23T09:00:00+09:00,169,1,168,0,0,24,정상 범위,v2
COVE-14-BLK-F,STORE-SEONGSU,성수 플래그십,2026-08-23T09:00:00+09:00,207,2,205,0,0,24,정상 범위,v2
COVE-14-BLK-F,STORE-GANGNAM,강남점,2026-08-23T09:00:00+09:00,185,3,182,0,0,24,정상 범위,v2
COVE-14-BLK-F,STORE-HANNAM,한남점,2026-08-23T09:00:00+09:00,223,4,219,0,0,24,정상 범위,v2
COVE-14-BLK-F,STORE-BUSAN,부산 센텀,2026-08-23T09:00:00+09:00,261,5,256,0,0,24,정상 범위,v2
COVE-14-BLK-F,STORE-SHANGHAI,상하이 IFC,2026-08-23T09:00:00+09:00,239,6,233,0,0,24,정상 범위,v2
COVE-14-BLK-F,DC-ONLINE,온라인 DC,2026-08-23T09:00:00+09:00,270,0,270,0,0,24,정상 범위,v2
EDGE-28-GRY-F,ONLINE,온라인몰,2026-08-23T09:00:00+09:00,198,2,196,0,0,24,정상 범위,v2
EDGE-28-GRY-F,STORE-SEONGSU,성수 플래그십,2026-08-23T09:00:00+09:00,176,3,173,0,0,24,정상 범위,v2
EDGE-28-GRY-F,STORE-GANGNAM,강남점,2026-08-23T09:00:00+09:00,214,4,210,0,0,24,정상 범위,v2
EDGE-28-GRY-F,STORE-HANNAM,한남점,2026-08-23T09:00:00+09:00,252,5,247,0,0,24,정상 범위,v2
EDGE-28-GRY-F,STORE-BUSAN,부산 센텀,2026-08-23T09:00:00+09:00,230,6,224,0,0,24,정상 범위,v2
EDGE-28-GRY-F,STORE-SHANGHAI,상하이 IFC,2026-08-23T09:00:00+09:00,261,0,261,0,0,24,정상 범위,v2
EDGE-28-GRY-F,DC-ONLINE,온라인 DC,2026-08-23T09:00:00+09:00,299,1,298,0,0,24,정상 범위,v2
ARC-07-BLK-F,ONLINE,온라인몰,2026-08-24T09:00:00+09:00,55,6,49,0,0,35,정상 범위,v2
ARC-07-BLK-F,STORE-SEONGSU,성수 플래그십,2026-08-24T09:00:00+09:00,168,0,168,0,0,35,이동 가능 잉여,v2
ARC-07-BLK-F,STORE-GANGNAM,강남점,2026-08-24T09:00:00+09:00,85,1,84,0,0,35,판매 급증·품절 위험,v2
ARC-07-BLK-F,STORE-HANNAM,한남점,2026-08-24T09:00:00+09:00,117,2,115,0,0,35,정상 범위,v2
ARC-07-BLK-F,STORE-BUSAN,부산 센텀,2026-08-24T09:00:00+09:00,155,3,152,0,0,35,정상 범위,v2
ARC-07-BLK-F,STORE-SHANGHAI,상하이 IFC,2026-08-24T09:00:00+09:00,193,4,189,0,0,35,정상 범위,v2
ARC-07-BLK-F,DC-ONLINE,온라인 DC,2026-08-24T09:00:00+09:00,141,5,136,0,0,35,정상 범위,v2
FLOW-22-BLK-F,ONLINE,온라인몰,2026-08-24T09:00:00+09:00,67,0,67,0,0,38,정상 범위,v2
FLOW-22-BLK-F,STORE-SEONGSU,성수 플래그십,2026-08-24T09:00:00+09:00,130,1,129,0,0,38,정상 범위,v2
FLOW-22-BLK-F,STORE-GANGNAM,강남점,2026-08-24T09:00:00+09:00,108,2,106,0,0,38,정상 범위,v2
FLOW-22-BLK-F,STORE-HANNAM,한남점,2026-08-24T09:00:00+09:00,185,3,182,0,0,38,이동 가능 잉여,v2
FLOW-22-BLK-F,STORE-BUSAN,부산 센텀,2026-08-24T09:00:00+09:00,110,4,106,0,0,38,판매 급증·품절 위험,v2
FLOW-22-BLK-F,STORE-SHANGHAI,상하이 IFC,2026-08-24T09:00:00+09:00,162,5,157,0,0,38,정상 범위,v2
FLOW-22-BLK-F,DC-ONLINE,온라인 DC,2026-08-24T09:00:00+09:00,154,6,148,0,0,38,정상 범위,v2
EASE-19-CRM-F,ONLINE,온라인몰,2026-08-24T09:00:00+09:00,166,1,165,0,0,30,과잉재고·할인 최소화 검토,v2
EASE-19-CRM-F,STORE-SEONGSU,성수 플래그십,2026-08-24T09:00:00+09:00,143,2,141,0,0,30,과잉재고·할인 최소화 검토,v2
EASE-19-CRM-F,STORE-GANGNAM,강남점,2026-08-24T09:00:00+09:00,158,3,155,0,0,30,과잉재고·할인 최소화 검토,v2
EASE-19-CRM-F,STORE-HANNAM,한남점,2026-08-24T09:00:00+09:00,191,4,187,0,0,30,과잉재고·할인 최소화 검토,v2
EASE-19-CRM-F,STORE-BUSAN,부산 센텀,2026-08-24T09:00:00+09:00,164,5,159,0,0,30,과잉재고·할인 최소화 검토,v2
EASE-19-CRM-F,STORE-SHANGHAI,상하이 IFC,2026-08-24T09:00:00+09:00,175,6,169,0,0,30,과잉재고·할인 최소화 검토,v2
EASE-19-CRM-F,DC-ONLINE,온라인 DC,2026-08-24T09:00:00+09:00,243,0,243,0,0,30,과잉재고·할인 최소화 검토,v2
NOVA-11-NVY-F,ONLINE,온라인몰,2026-08-24T09:00:00+09:00,92,2,90,0,0,28,정상 범위,v2
NOVA-11-NVY-F,STORE-SEONGSU,성수 플래그십,2026-08-24T09:00:00+09:00,130,3,127,0,0,28,정상 범위,v2
NOVA-11-NVY-F,STORE-GANGNAM,강남점,2026-08-24T09:00:00+09:00,168,4,164,0,0,28,정상 범위,v2
NOVA-11-NVY-F,STORE-HANNAM,한남점,2026-08-24T09:00:00+09:00,146,5,141,0,0,28,정상 범위,v2
NOVA-11-NVY-F,STORE-BUSAN,부산 센텀,2026-08-24T09:00:00+09:00,184,6,178,0,0,28,정상 범위,v2
NOVA-11-NVY-F,STORE-SHANGHAI,상하이 IFC,2026-08-24T09:00:00+09:00,215,0,215,0,0,28,정상 범위,v2
NOVA-11-NVY-F,DC-ONLINE,온라인 DC,2026-08-24T09:00:00+09:00,193,1,192,0,0,28,정상 범위,v2
AIR-24-NVY-F,ONLINE,온라인몰,2026-08-24T09:00:00+09:00,74,3,71,0,0,32,전사 부족·재주문 필요,v2
AIR-24-NVY-F,STORE-SEONGSU,성수 플래그십,2026-08-24T09:00:00+09:00,98,4,94,0,0,32,전사 부족·재주문 필요,v2
AIR-24-NVY-F,STORE-GANGNAM,강남점,2026-08-24T09:00:00+09:00,82,5,77,0,0,32,전사 부족·재주문 필요,v2
AIR-24-NVY-F,STORE-HANNAM,한남점,2026-08-24T09:00:00+09:00,106,6,100,0,0,32,전사 부족·재주문 필요,v2
AIR-24-NVY-F,STORE-BUSAN,부산 센텀,2026-08-24T09:00:00+09:00,118,0,118,0,0,32,전사 부족·재주문 필요,v2
AIR-24-NVY-F,STORE-SHANGHAI,상하이 IFC,2026-08-24T09:00:00+09:00,107,1,106,0,0,32,전사 부족·재주문 필요,v2
AIR-24-NVY-F,DC-ONLINE,온라인 DC,2026-08-24T09:00:00+09:00,134,2,132,0,0,32,전사 부족·재주문 필요,v2
WAVE-31-WHT-F,ONLINE,온라인몰,2026-08-24T09:00:00+09:00,150,4,146,0,0,28,정상 범위,v2
WAVE-31-WHT-F,STORE-SEONGSU,성수 플래그십,2026-08-24T09:00:00+09:00,128,5,123,0,0,28,정상 범위,v2
WAVE-31-WHT-F,STORE-GANGNAM,강남점,2026-08-24T09:00:00+09:00,166,6,160,0,0,28,정상 범위,v2
WAVE-31-WHT-F,STORE-HANNAM,한남점,2026-08-24T09:00:00+09:00,197,0,197,0,0,28,정상 범위,v2
WAVE-31-WHT-F,STORE-BUSAN,부산 센텀,2026-08-24T09:00:00+09:00,175,1,174,0,0,28,정상 범위,v2
WAVE-31-WHT-F,STORE-SHANGHAI,상하이 IFC,2026-08-24T09:00:00+09:00,213,2,211,0,0,28,정상 범위,v2
WAVE-31-WHT-F,DC-ONLINE,온라인 DC,2026-08-24T09:00:00+09:00,251,3,248,0,0,28,정상 범위,v2
MOSS-18-BLK-F,ONLINE,온라인몰,2026-08-24T09:00:00+09:00,175,5,170,0,0,26,과잉재고·할인 최소화 검토,v2
MOSS-18-BLK-F,STORE-SEONGSU,성수 플래그십,2026-08-24T09:00:00+09:00,184,6,178,0,0,26,과잉재고·할인 최소화 검토,v2
MOSS-18-BLK-F,STORE-GANGNAM,강남점,2026-08-24T09:00:00+09:00,192,0,192,0,0,26,과잉재고·할인 최소화 검토,v2
MOSS-18-BLK-F,STORE-HANNAM,한남점,2026-08-24T09:00:00+09:00,191,1,190,0,0,26,과잉재고·할인 최소화 검토,v2
MOSS-18-BLK-F,STORE-BUSAN,부산 센텀,2026-08-24T09:00:00+09:00,195,2,193,0,0,26,과잉재고·할인 최소화 검토,v2
MOSS-18-BLK-F,STORE-SHANGHAI,상하이 IFC,2026-08-24T09:00:00+09:00,210,3,207,0,0,26,과잉재고·할인 최소화 검토,v2
MOSS-18-BLK-F,DC-ONLINE,온라인 DC,2026-08-24T09:00:00+09:00,254,4,250,0,0,26,과잉재고·할인 최소화 검토,v2
LUME-09-BEG-F,ONLINE,온라인몰,2026-08-24T09:00:00+09:00,149,6,143,0,0,25,정상 범위,v2
LUME-09-BEG-F,STORE-SEONGSU,성수 플래그십,2026-08-24T09:00:00+09:00,180,0,180,0,0,25,정상 범위,v2
LUME-09-BEG-F,STORE-GANGNAM,강남점,2026-08-24T09:00:00+09:00,158,1,157,0,0,25,정상 범위,v2
LUME-09-BEG-F,STORE-HANNAM,한남점,2026-08-24T09:00:00+09:00,196,2,194,0,0,25,정상 범위,v2
LUME-09-BEG-F,STORE-BUSAN,부산 센텀,2026-08-24T09:00:00+09:00,234,3,231,0,2,25,정상 범위,v2
LUME-09-BEG-F,STORE-SHANGHAI,상하이 IFC,2026-08-24T09:00:00+09:00,212,4,208,0,0,25,정상 범위,v2
LUME-09-BEG-F,DC-ONLINE,온라인 DC,2026-08-24T09:00:00+09:00,250,5,245,0,0,25,정상 범위,v2
CORE-55-WHT-F,ONLINE,온라인몰,2026-08-24T09:00:00+09:00,167,0,167,0,0,45,정상 범위,v2
CORE-55-WHT-F,STORE-SEONGSU,성수 플래그십,2026-08-24T09:00:00+09:00,145,1,144,0,2,45,정상 범위,v2
CORE-55-WHT-F,STORE-GANGNAM,강남점,2026-08-24T09:00:00+09:00,183,2,181,0,0,45,정상 범위,v2
CORE-55-WHT-F,STORE-HANNAM,한남점,2026-08-24T09:00:00+09:00,221,3,218,0,0,45,정상 범위,v2
CORE-55-WHT-F,STORE-BUSAN,부산 센텀,2026-08-24T09:00:00+09:00,199,4,195,0,0,45,정상 범위,v2
CORE-55-WHT-F,STORE-SHANGHAI,상하이 IFC,2026-08-24T09:00:00+09:00,237,5,232,0,0,45,정상 범위,v2
CORE-55-WHT-F,DC-ONLINE,온라인 DC,2026-08-24T09:00:00+09:00,275,6,269,0,0,45,정상 범위,v2
FORM-42-DEN-F,ONLINE,온라인몰,2026-08-24T09:00:00+09:00,140,1,139,0,0,28,정상 범위,v2
FORM-42-DEN-F,STORE-SEONGSU,성수 플래그십,2026-08-24T09:00:00+09:00,178,2,176,0,0,28,정상 범위,v2
FORM-42-DEN-F,STORE-GANGNAM,강남점,2026-08-24T09:00:00+09:00,216,3,213,0,0,28,정상 범위,v2
FORM-42-DEN-F,STORE-HANNAM,한남점,2026-08-24T09:00:00+09:00,194,4,190,0,0,28,정상 범위,v2
FORM-42-DEN-F,STORE-BUSAN,부산 센텀,2026-08-24T09:00:00+09:00,232,5,227,0,0,28,정상 범위,v2
FORM-42-DEN-F,STORE-SHANGHAI,상하이 IFC,2026-08-24T09:00:00+09:00,270,6,264,0,0,28,정상 범위,v2
FORM-42-DEN-F,DC-ONLINE,온라인 DC,2026-08-24T09:00:00+09:00,241,0,241,0,0,28,정상 범위,v2
COVE-14-BLK-F,ONLINE,온라인몰,2026-08-24T09:00:00+09:00,169,2,167,0,0,24,정상 범위,v2
COVE-14-BLK-F,STORE-SEONGSU,성수 플래그십,2026-08-24T09:00:00+09:00,207,3,204,0,0,24,정상 범위,v2
COVE-14-BLK-F,STORE-GANGNAM,강남점,2026-08-24T09:00:00+09:00,185,4,181,0,0,24,정상 범위,v2
COVE-14-BLK-F,STORE-HANNAM,한남점,2026-08-24T09:00:00+09:00,223,5,218,0,0,24,정상 범위,v2
COVE-14-BLK-F,STORE-BUSAN,부산 센텀,2026-08-24T09:00:00+09:00,261,6,255,0,0,24,정상 범위,v2
COVE-14-BLK-F,STORE-SHANGHAI,상하이 IFC,2026-08-24T09:00:00+09:00,232,0,232,0,0,24,정상 범위,v2
COVE-14-BLK-F,DC-ONLINE,온라인 DC,2026-08-24T09:00:00+09:00,270,1,269,0,0,24,정상 범위,v2
EDGE-28-GRY-F,ONLINE,온라인몰,2026-08-24T09:00:00+09:00,199,3,196,0,0,24,정상 범위,v2
EDGE-28-GRY-F,STORE-SEONGSU,성수 플래그십,2026-08-24T09:00:00+09:00,177,4,173,0,0,24,정상 범위,v2
EDGE-28-GRY-F,STORE-GANGNAM,강남점,2026-08-24T09:00:00+09:00,215,5,210,0,0,24,정상 범위,v2
EDGE-28-GRY-F,STORE-HANNAM,한남점,2026-08-24T09:00:00+09:00,253,6,247,0,0,24,정상 범위,v2
EDGE-28-GRY-F,STORE-BUSAN,부산 센텀,2026-08-24T09:00:00+09:00,224,0,224,0,0,24,정상 범위,v2
EDGE-28-GRY-F,STORE-SHANGHAI,상하이 IFC,2026-08-24T09:00:00+09:00,262,1,261,0,0,24,정상 범위,v2
EDGE-28-GRY-F,DC-ONLINE,온라인 DC,2026-08-24T09:00:00+09:00,300,2,298,0,0,24,정상 범위,v2
ARC-07-BLK-F,ONLINE,온라인몰,2026-08-25T09:00:00+09:00,45,0,45,0,0,35,정상 범위,v2
ARC-07-BLK-F,STORE-SEONGSU,성수 플래그십,2026-08-25T09:00:00+09:00,180,1,179,0,0,35,이동 가능 잉여,v2
ARC-07-BLK-F,STORE-GANGNAM,강남점,2026-08-25T09:00:00+09:00,76,2,74,0,0,35,판매 급증·품절 위험,v2
ARC-07-BLK-F,STORE-HANNAM,한남점,2026-08-25T09:00:00+09:00,116,3,113,0,0,35,정상 범위,v2
ARC-07-BLK-F,STORE-BUSAN,부산 센텀,2026-08-25T09:00:00+09:00,154,4,150,0,0,35,정상 범위,v2
ARC-07-BLK-F,STORE-SHANGHAI,상하이 IFC,2026-08-25T09:00:00+09:00,192,5,187,0,0,35,정상 범위,v2
ARC-07-BLK-F,DC-ONLINE,온라인 DC,2026-08-25T09:00:00+09:00,137,6,131,0,0,35,정상 범위,v2
FLOW-22-BLK-F,ONLINE,온라인몰,2026-08-25T09:00:00+09:00,63,1,62,0,0,38,정상 범위,v2
FLOW-22-BLK-F,STORE-SEONGSU,성수 플래그십,2026-08-25T09:00:00+09:00,131,2,129,0,0,38,정상 범위,v2
FLOW-22-BLK-F,STORE-GANGNAM,강남점,2026-08-25T09:00:00+09:00,109,3,106,0,0,38,정상 범위,v2
FLOW-22-BLK-F,STORE-HANNAM,한남점,2026-08-25T09:00:00+09:00,191,4,187,0,0,38,이동 가능 잉여,v2
FLOW-22-BLK-F,STORE-BUSAN,부산 센텀,2026-08-25T09:00:00+09:00,97,5,92,0,0,38,판매 급증·품절 위험,v2
FLOW-22-BLK-F,STORE-SHANGHAI,상하이 IFC,2026-08-25T09:00:00+09:00,163,6,157,0,0,38,정상 범위,v2
FLOW-22-BLK-F,DC-ONLINE,온라인 DC,2026-08-25T09:00:00+09:00,140,0,140,0,0,38,정상 범위,v2
EASE-19-CRM-F,ONLINE,온라인몰,2026-08-25T09:00:00+09:00,173,2,171,0,0,30,과잉재고·할인 최소화 검토,v2
EASE-19-CRM-F,STORE-SEONGSU,성수 플래그십,2026-08-25T09:00:00+09:00,150,3,147,0,0,30,과잉재고·할인 최소화 검토,v2
EASE-19-CRM-F,STORE-GANGNAM,강남점,2026-08-25T09:00:00+09:00,161,4,157,0,0,30,과잉재고·할인 최소화 검토,v2
EASE-19-CRM-F,STORE-HANNAM,한남점,2026-08-25T09:00:00+09:00,193,5,188,0,0,30,과잉재고·할인 최소화 검토,v2
EASE-19-CRM-F,STORE-BUSAN,부산 센텀,2026-08-25T09:00:00+09:00,166,6,160,0,0,30,과잉재고·할인 최소화 검토,v2
EASE-19-CRM-F,STORE-SHANGHAI,상하이 IFC,2026-08-25T09:00:00+09:00,166,0,166,0,0,30,과잉재고·할인 최소화 검토,v2
EASE-19-CRM-F,DC-ONLINE,온라인 DC,2026-08-25T09:00:00+09:00,246,1,245,0,0,30,과잉재고·할인 최소화 검토,v2
NOVA-11-NVY-F,ONLINE,온라인몰,2026-08-25T09:00:00+09:00,93,3,90,0,0,28,정상 범위,v2
NOVA-11-NVY-F,STORE-SEONGSU,성수 플래그십,2026-08-25T09:00:00+09:00,131,4,127,0,0,28,정상 범위,v2
NOVA-11-NVY-F,STORE-GANGNAM,강남점,2026-08-25T09:00:00+09:00,169,5,164,0,0,28,정상 범위,v2
NOVA-11-NVY-F,STORE-HANNAM,한남점,2026-08-25T09:00:00+09:00,147,6,141,0,0,28,정상 범위,v2
NOVA-11-NVY-F,STORE-BUSAN,부산 센텀,2026-08-25T09:00:00+09:00,178,0,178,0,0,28,정상 범위,v2
NOVA-11-NVY-F,STORE-SHANGHAI,상하이 IFC,2026-08-25T09:00:00+09:00,216,1,215,0,0,28,정상 범위,v2
NOVA-11-NVY-F,DC-ONLINE,온라인 DC,2026-08-25T09:00:00+09:00,194,2,192,0,0,28,정상 범위,v2
AIR-24-NVY-F,ONLINE,온라인몰,2026-08-25T09:00:00+09:00,66,4,62,0,0,32,전사 부족·재주문 필요,v2
AIR-24-NVY-F,STORE-SEONGSU,성수 플래그십,2026-08-25T09:00:00+09:00,88,5,83,0,0,32,전사 부족·재주문 필요,v2
AIR-24-NVY-F,STORE-GANGNAM,강남점,2026-08-25T09:00:00+09:00,74,6,68,0,0,32,전사 부족·재주문 필요,v2
AIR-24-NVY-F,STORE-HANNAM,한남점,2026-08-25T09:00:00+09:00,87,0,87,0,0,32,전사 부족·재주문 필요,v2
AIR-24-NVY-F,STORE-BUSAN,부산 센텀,2026-08-25T09:00:00+09:00,103,1,102,0,0,32,전사 부족·재주문 필요,v2
AIR-24-NVY-F,STORE-SHANGHAI,상하이 IFC,2026-08-25T09:00:00+09:00,95,2,93,0,0,32,전사 부족·재주문 필요,v2
AIR-24-NVY-F,DC-ONLINE,온라인 DC,2026-08-25T09:00:00+09:00,120,3,117,0,0,32,전사 부족·재주문 필요,v2
WAVE-31-WHT-F,ONLINE,온라인몰,2026-08-25T09:00:00+09:00,151,5,146,0,0,28,정상 범위,v2
WAVE-31-WHT-F,STORE-SEONGSU,성수 플래그십,2026-08-25T09:00:00+09:00,129,6,123,0,0,28,정상 범위,v2
WAVE-31-WHT-F,STORE-GANGNAM,강남점,2026-08-25T09:00:00+09:00,160,0,160,0,0,28,정상 범위,v2
WAVE-31-WHT-F,STORE-HANNAM,한남점,2026-08-25T09:00:00+09:00,198,1,197,0,0,28,정상 범위,v2
WAVE-31-WHT-F,STORE-BUSAN,부산 센텀,2026-08-25T09:00:00+09:00,176,2,174,0,0,28,정상 범위,v2
WAVE-31-WHT-F,STORE-SHANGHAI,상하이 IFC,2026-08-25T09:00:00+09:00,214,3,211,0,0,28,정상 범위,v2
WAVE-31-WHT-F,DC-ONLINE,온라인 DC,2026-08-25T09:00:00+09:00,252,4,248,0,0,28,정상 범위,v2
MOSS-18-BLK-F,ONLINE,온라인몰,2026-08-25T09:00:00+09:00,184,6,178,0,0,26,과잉재고·할인 최소화 검토,v2
MOSS-18-BLK-F,STORE-SEONGSU,성수 플래그십,2026-08-25T09:00:00+09:00,182,0,182,0,0,26,과잉재고·할인 최소화 검토,v2
MOSS-18-BLK-F,STORE-GANGNAM,강남점,2026-08-25T09:00:00+09:00,192,1,191,0,0,26,과잉재고·할인 최소화 검토,v2
MOSS-18-BLK-F,STORE-HANNAM,한남점,2026-08-25T09:00:00+09:00,196,2,194,0,0,26,과잉재고·할인 최소화 검토,v2
MOSS-18-BLK-F,STORE-BUSAN,부산 센텀,2026-08-25T09:00:00+09:00,194,3,191,0,0,26,과잉재고·할인 최소화 검토,v2
MOSS-18-BLK-F,STORE-SHANGHAI,상하이 IFC,2026-08-25T09:00:00+09:00,204,4,200,0,0,26,과잉재고·할인 최소화 검토,v2
MOSS-18-BLK-F,DC-ONLINE,온라인 DC,2026-08-25T09:00:00+09:00,259,5,254,0,2,26,과잉재고·할인 최소화 검토,v2
LUME-09-BEG-F,ONLINE,온라인몰,2026-08-25T09:00:00+09:00,142,0,142,0,0,25,정상 범위,v2
LUME-09-BEG-F,STORE-SEONGSU,성수 플래그십,2026-08-25T09:00:00+09:00,180,1,179,0,0,25,정상 범위,v2
LUME-09-BEG-F,STORE-GANGNAM,강남점,2026-08-25T09:00:00+09:00,158,2,156,0,0,25,정상 범위,v2
LUME-09-BEG-F,STORE-HANNAM,한남점,2026-08-25T09:00:00+09:00,196,3,193,0,2,25,정상 범위,v2
LUME-09-BEG-F,STORE-BUSAN,부산 센텀,2026-08-25T09:00:00+09:00,234,4,230,0,0,25,정상 범위,v2
LUME-09-BEG-F,STORE-SHANGHAI,상하이 IFC,2026-08-25T09:00:00+09:00,212,5,207,0,0,25,정상 범위,v2
LUME-09-BEG-F,DC-ONLINE,온라인 DC,2026-08-25T09:00:00+09:00,250,6,244,0,0,25,정상 범위,v2
CORE-55-WHT-F,ONLINE,온라인몰,2026-08-25T09:00:00+09:00,167,1,166,0,2,45,정상 범위,v2
CORE-55-WHT-F,STORE-SEONGSU,성수 플래그십,2026-08-25T09:00:00+09:00,145,2,143,0,0,45,정상 범위,v2
CORE-55-WHT-F,STORE-GANGNAM,강남점,2026-08-25T09:00:00+09:00,183,3,180,0,0,45,정상 범위,v2
CORE-55-WHT-F,STORE-HANNAM,한남점,2026-08-25T09:00:00+09:00,221,4,217,0,0,45,정상 범위,v2
CORE-55-WHT-F,STORE-BUSAN,부산 센텀,2026-08-25T09:00:00+09:00,199,5,194,0,0,45,정상 범위,v2
CORE-55-WHT-F,STORE-SHANGHAI,상하이 IFC,2026-08-25T09:00:00+09:00,237,6,231,0,0,45,정상 범위,v2
CORE-55-WHT-F,DC-ONLINE,온라인 DC,2026-08-25T09:00:00+09:00,268,0,268,0,0,45,정상 범위,v2
FORM-42-DEN-F,ONLINE,온라인몰,2026-08-25T09:00:00+09:00,140,2,138,0,0,28,정상 범위,v2
FORM-42-DEN-F,STORE-SEONGSU,성수 플래그십,2026-08-25T09:00:00+09:00,178,3,175,0,0,28,정상 범위,v2
FORM-42-DEN-F,STORE-GANGNAM,강남점,2026-08-25T09:00:00+09:00,216,4,212,0,0,28,정상 범위,v2
FORM-42-DEN-F,STORE-HANNAM,한남점,2026-08-25T09:00:00+09:00,194,5,189,0,0,28,정상 범위,v2
FORM-42-DEN-F,STORE-BUSAN,부산 센텀,2026-08-25T09:00:00+09:00,232,6,226,0,0,28,정상 범위,v2
FORM-42-DEN-F,STORE-SHANGHAI,상하이 IFC,2026-08-25T09:00:00+09:00,263,0,263,0,0,28,정상 범위,v2
FORM-42-DEN-F,DC-ONLINE,온라인 DC,2026-08-25T09:00:00+09:00,241,1,240,0,0,28,정상 범위,v2
COVE-14-BLK-F,ONLINE,온라인몰,2026-08-25T09:00:00+09:00,170,3,167,0,0,24,정상 범위,v2
COVE-14-BLK-F,STORE-SEONGSU,성수 플래그십,2026-08-25T09:00:00+09:00,208,4,204,0,0,24,정상 범위,v2
COVE-14-BLK-F,STORE-GANGNAM,강남점,2026-08-25T09:00:00+09:00,186,5,181,0,0,24,정상 범위,v2
COVE-14-BLK-F,STORE-HANNAM,한남점,2026-08-25T09:00:00+09:00,224,6,218,0,0,24,정상 범위,v2
COVE-14-BLK-F,STORE-BUSAN,부산 센텀,2026-08-25T09:00:00+09:00,255,0,255,0,0,24,정상 범위,v2
COVE-14-BLK-F,STORE-SHANGHAI,상하이 IFC,2026-08-25T09:00:00+09:00,233,1,232,0,0,24,정상 범위,v2
COVE-14-BLK-F,DC-ONLINE,온라인 DC,2026-08-25T09:00:00+09:00,271,2,269,0,0,24,정상 범위,v2
EDGE-28-GRY-F,ONLINE,온라인몰,2026-08-25T09:00:00+09:00,199,4,195,0,0,24,정상 범위,v2
EDGE-28-GRY-F,STORE-SEONGSU,성수 플래그십,2026-08-25T09:00:00+09:00,177,5,172,0,0,24,정상 범위,v2
EDGE-28-GRY-F,STORE-GANGNAM,강남점,2026-08-25T09:00:00+09:00,215,6,209,0,0,24,정상 범위,v2
EDGE-28-GRY-F,STORE-HANNAM,한남점,2026-08-25T09:00:00+09:00,246,0,246,0,0,24,정상 범위,v2
EDGE-28-GRY-F,STORE-BUSAN,부산 센텀,2026-08-25T09:00:00+09:00,224,1,223,0,0,24,정상 범위,v2
EDGE-28-GRY-F,STORE-SHANGHAI,상하이 IFC,2026-08-25T09:00:00+09:00,262,2,260,0,0,24,정상 범위,v2
EDGE-28-GRY-F,DC-ONLINE,온라인 DC,2026-08-25T09:00:00+09:00,300,3,297,0,0,24,정상 범위,v2
ARC-07-BLK-F,ONLINE,온라인몰,2026-08-26T09:00:00+09:00,43,1,42,0,0,35,정상 범위,v2
ARC-07-BLK-F,STORE-SEONGSU,성수 플래그십,2026-08-26T09:00:00+09:00,191,2,189,0,0,35,이동 가능 잉여,v2
ARC-07-BLK-F,STORE-GANGNAM,강남점,2026-08-26T09:00:00+09:00,67,3,64,0,0,35,판매 급증·품절 위험,v2
ARC-07-BLK-F,STORE-HANNAM,한남점,2026-08-26T09:00:00+09:00,116,4,112,0,0,35,정상 범위,v2
ARC-07-BLK-F,STORE-BUSAN,부산 센텀,2026-08-26T09:00:00+09:00,154,5,149,0,0,35,정상 범위,v2
ARC-07-BLK-F,STORE-SHANGHAI,상하이 IFC,2026-08-26T09:00:00+09:00,192,6,186,0,0,35,정상 범위,v2
ARC-07-BLK-F,DC-ONLINE,온라인 DC,2026-08-26T09:00:00+09:00,125,0,125,0,0,35,정상 범위,v2
FLOW-22-BLK-F,ONLINE,온라인몰,2026-08-26T09:00:00+09:00,59,2,57,0,0,38,정상 범위,v2
FLOW-22-BLK-F,STORE-SEONGSU,성수 플래그십,2026-08-26T09:00:00+09:00,131,3,128,0,0,38,정상 범위,v2
FLOW-22-BLK-F,STORE-GANGNAM,강남점,2026-08-26T09:00:00+09:00,109,4,105,0,0,38,정상 범위,v2
FLOW-22-BLK-F,STORE-HANNAM,한남점,2026-08-26T09:00:00+09:00,198,5,193,0,0,38,이동 가능 잉여,v2
FLOW-22-BLK-F,STORE-BUSAN,부산 센텀,2026-08-26T09:00:00+09:00,85,6,79,0,0,38,판매 급증·품절 위험,v2
FLOW-22-BLK-F,STORE-SHANGHAI,상하이 IFC,2026-08-26T09:00:00+09:00,156,0,156,0,0,38,정상 범위,v2
FLOW-22-BLK-F,DC-ONLINE,온라인 DC,2026-08-26T09:00:00+09:00,132,1,131,0,0,38,정상 범위,v2
EASE-19-CRM-F,ONLINE,온라인몰,2026-08-26T09:00:00+09:00,181,3,178,0,0,30,과잉재고·할인 최소화 검토,v2
EASE-19-CRM-F,STORE-SEONGSU,성수 플래그십,2026-08-26T09:00:00+09:00,157,4,153,0,0,30,과잉재고·할인 최소화 검토,v2
EASE-19-CRM-F,STORE-GANGNAM,강남점,2026-08-26T09:00:00+09:00,165,5,160,0,0,30,과잉재고·할인 최소화 검토,v2
EASE-19-CRM-F,STORE-HANNAM,한남점,2026-08-26T09:00:00+09:00,196,6,190,0,0,30,과잉재고·할인 최소화 검토,v2
EASE-19-CRM-F,STORE-BUSAN,부산 센텀,2026-08-26T09:00:00+09:00,161,0,161,0,0,30,과잉재고·할인 최소화 검토,v2
EASE-19-CRM-F,STORE-SHANGHAI,상하이 IFC,2026-08-26T09:00:00+09:00,163,1,162,0,0,30,과잉재고·할인 최소화 검토,v2
EASE-19-CRM-F,DC-ONLINE,온라인 DC,2026-08-26T09:00:00+09:00,250,2,248,0,0,30,과잉재고·할인 최소화 검토,v2
NOVA-11-NVY-F,ONLINE,온라인몰,2026-08-26T09:00:00+09:00,93,4,89,0,0,28,정상 범위,v2
NOVA-11-NVY-F,STORE-SEONGSU,성수 플래그십,2026-08-26T09:00:00+09:00,131,5,126,0,0,28,정상 범위,v2
NOVA-11-NVY-F,STORE-GANGNAM,강남점,2026-08-26T09:00:00+09:00,169,6,163,0,0,28,정상 범위,v2
NOVA-11-NVY-F,STORE-HANNAM,한남점,2026-08-26T09:00:00+09:00,140,0,140,0,0,28,정상 범위,v2
NOVA-11-NVY-F,STORE-BUSAN,부산 센텀,2026-08-26T09:00:00+09:00,178,1,177,0,0,28,정상 범위,v2
NOVA-11-NVY-F,STORE-SHANGHAI,상하이 IFC,2026-08-26T09:00:00+09:00,216,2,214,0,0,28,정상 범위,v2
NOVA-11-NVY-F,DC-ONLINE,온라인 DC,2026-08-26T09:00:00+09:00,194,3,191,0,0,28,정상 범위,v2
AIR-24-NVY-F,ONLINE,온라인몰,2026-08-26T09:00:00+09:00,59,5,54,0,0,32,전사 부족·재주문 필요,v2
AIR-24-NVY-F,STORE-SEONGSU,성수 플래그십,2026-08-26T09:00:00+09:00,78,6,72,0,0,32,전사 부족·재주문 필요,v2
AIR-24-NVY-F,STORE-GANGNAM,강남점,2026-08-26T09:00:00+09:00,58,0,58,0,0,32,전사 부족·재주문 필요,v2
AIR-24-NVY-F,STORE-HANNAM,한남점,2026-08-26T09:00:00+09:00,76,1,75,0,0,32,전사 부족·재주문 필요,v2
AIR-24-NVY-F,STORE-BUSAN,부산 센텀,2026-08-26T09:00:00+09:00,89,2,87,0,0,32,전사 부족·재주문 필요,v2
AIR-24-NVY-F,STORE-SHANGHAI,상하이 IFC,2026-08-26T09:00:00+09:00,82,3,79,0,0,32,전사 부족·재주문 필요,v2
AIR-24-NVY-F,DC-ONLINE,온라인 DC,2026-08-26T09:00:00+09:00,106,4,102,0,0,32,전사 부족·재주문 필요,v2
WAVE-31-WHT-F,ONLINE,온라인몰,2026-08-26T09:00:00+09:00,151,6,145,0,0,28,정상 범위,v2
WAVE-31-WHT-F,STORE-SEONGSU,성수 플래그십,2026-08-26T09:00:00+09:00,122,0,122,0,0,28,정상 범위,v2
WAVE-31-WHT-F,STORE-GANGNAM,강남점,2026-08-26T09:00:00+09:00,160,1,159,0,0,28,정상 범위,v2
WAVE-31-WHT-F,STORE-HANNAM,한남점,2026-08-26T09:00:00+09:00,198,2,196,0,0,28,정상 범위,v2
WAVE-31-WHT-F,STORE-BUSAN,부산 센텀,2026-08-26T09:00:00+09:00,176,3,173,0,0,28,정상 범위,v2
WAVE-31-WHT-F,STORE-SHANGHAI,상하이 IFC,2026-08-26T09:00:00+09:00,214,4,210,0,0,28,정상 범위,v2
WAVE-31-WHT-F,DC-ONLINE,온라인 DC,2026-08-26T09:00:00+09:00,252,5,247,0,0,28,정상 범위,v2
MOSS-18-BLK-F,ONLINE,온라인몰,2026-08-26T09:00:00+09:00,187,0,187,0,0,26,과잉재고·할인 최소화 검토,v2
MOSS-18-BLK-F,STORE-SEONGSU,성수 플래그십,2026-08-26T09:00:00+09:00,187,1,186,0,0,26,과잉재고·할인 최소화 검토,v2
MOSS-18-BLK-F,STORE-GANGNAM,강남점,2026-08-26T09:00:00+09:00,193,2,191,0,0,26,과잉재고·할인 최소화 검토,v2
MOSS-18-BLK-F,STORE-HANNAM,한남점,2026-08-26T09:00:00+09:00,200,3,197,0,0,26,과잉재고·할인 최소화 검토,v2
MOSS-18-BLK-F,STORE-BUSAN,부산 센텀,2026-08-26T09:00:00+09:00,193,4,189,0,0,26,과잉재고·할인 최소화 검토,v2
MOSS-18-BLK-F,STORE-SHANGHAI,상하이 IFC,2026-08-26T09:00:00+09:00,199,5,194,0,2,26,과잉재고·할인 최소화 검토,v2
MOSS-18-BLK-F,DC-ONLINE,온라인 DC,2026-08-26T09:00:00+09:00,265,6,259,0,0,26,과잉재고·할인 최소화 검토,v2
LUME-09-BEG-F,ONLINE,온라인몰,2026-08-26T09:00:00+09:00,143,1,142,0,0,25,정상 범위,v2
LUME-09-BEG-F,STORE-SEONGSU,성수 플래그십,2026-08-26T09:00:00+09:00,181,2,179,0,0,25,정상 범위,v2
LUME-09-BEG-F,STORE-GANGNAM,강남점,2026-08-26T09:00:00+09:00,159,3,156,0,2,25,정상 범위,v2
LUME-09-BEG-F,STORE-HANNAM,한남점,2026-08-26T09:00:00+09:00,197,4,193,0,0,25,정상 범위,v2
LUME-09-BEG-F,STORE-BUSAN,부산 센텀,2026-08-26T09:00:00+09:00,235,5,230,0,0,25,정상 범위,v2
LUME-09-BEG-F,STORE-SHANGHAI,상하이 IFC,2026-08-26T09:00:00+09:00,213,6,207,0,0,25,정상 범위,v2
LUME-09-BEG-F,DC-ONLINE,온라인 DC,2026-08-26T09:00:00+09:00,244,0,244,0,0,25,정상 범위,v2
CORE-55-WHT-F,ONLINE,온라인몰,2026-08-26T09:00:00+09:00,167,2,165,0,0,45,정상 범위,v2
CORE-55-WHT-F,STORE-SEONGSU,성수 플래그십,2026-08-26T09:00:00+09:00,145,3,142,0,0,45,정상 범위,v2
CORE-55-WHT-F,STORE-GANGNAM,강남점,2026-08-26T09:00:00+09:00,183,4,179,0,0,45,정상 범위,v2
CORE-55-WHT-F,STORE-HANNAM,한남점,2026-08-26T09:00:00+09:00,221,5,216,0,0,45,정상 범위,v2
CORE-55-WHT-F,STORE-BUSAN,부산 센텀,2026-08-26T09:00:00+09:00,199,6,193,0,0,45,정상 범위,v2
CORE-55-WHT-F,STORE-SHANGHAI,상하이 IFC,2026-08-26T09:00:00+09:00,230,0,230,0,0,45,정상 범위,v2
CORE-55-WHT-F,DC-ONLINE,온라인 DC,2026-08-26T09:00:00+09:00,268,1,267,0,0,45,정상 범위,v2
FORM-42-DEN-F,ONLINE,온라인몰,2026-08-26T09:00:00+09:00,141,3,138,0,0,28,정상 범위,v2
FORM-42-DEN-F,STORE-SEONGSU,성수 플래그십,2026-08-26T09:00:00+09:00,179,4,175,0,0,28,정상 범위,v2
FORM-42-DEN-F,STORE-GANGNAM,강남점,2026-08-26T09:00:00+09:00,217,5,212,0,0,28,정상 범위,v2
FORM-42-DEN-F,STORE-HANNAM,한남점,2026-08-26T09:00:00+09:00,195,6,189,0,0,28,정상 범위,v2
FORM-42-DEN-F,STORE-BUSAN,부산 센텀,2026-08-26T09:00:00+09:00,226,0,226,0,0,28,정상 범위,v2
FORM-42-DEN-F,STORE-SHANGHAI,상하이 IFC,2026-08-26T09:00:00+09:00,264,1,263,0,0,28,정상 범위,v2
FORM-42-DEN-F,DC-ONLINE,온라인 DC,2026-08-26T09:00:00+09:00,242,2,240,0,0,28,정상 범위,v2
COVE-14-BLK-F,ONLINE,온라인몰,2026-08-26T09:00:00+09:00,170,4,166,0,0,24,정상 범위,v2
COVE-14-BLK-F,STORE-SEONGSU,성수 플래그십,2026-08-26T09:00:00+09:00,208,5,203,0,0,24,정상 범위,v2
COVE-14-BLK-F,STORE-GANGNAM,강남점,2026-08-26T09:00:00+09:00,186,6,180,0,0,24,정상 범위,v2
COVE-14-BLK-F,STORE-HANNAM,한남점,2026-08-26T09:00:00+09:00,217,0,217,0,0,24,정상 범위,v2
COVE-14-BLK-F,STORE-BUSAN,부산 센텀,2026-08-26T09:00:00+09:00,255,1,254,0,0,24,정상 범위,v2
COVE-14-BLK-F,STORE-SHANGHAI,상하이 IFC,2026-08-26T09:00:00+09:00,233,2,231,0,0,24,정상 범위,v2
COVE-14-BLK-F,DC-ONLINE,온라인 DC,2026-08-26T09:00:00+09:00,271,3,268,0,0,24,정상 범위,v2
EDGE-28-GRY-F,ONLINE,온라인몰,2026-08-26T09:00:00+09:00,200,5,195,0,0,24,정상 범위,v2
EDGE-28-GRY-F,STORE-SEONGSU,성수 플래그십,2026-08-26T09:00:00+09:00,178,6,172,0,0,24,정상 범위,v2
EDGE-28-GRY-F,STORE-GANGNAM,강남점,2026-08-26T09:00:00+09:00,209,0,209,0,0,24,정상 범위,v2
EDGE-28-GRY-F,STORE-HANNAM,한남점,2026-08-26T09:00:00+09:00,247,1,246,0,0,24,정상 범위,v2
EDGE-28-GRY-F,STORE-BUSAN,부산 센텀,2026-08-26T09:00:00+09:00,225,2,223,0,0,24,정상 범위,v2
EDGE-28-GRY-F,STORE-SHANGHAI,상하이 IFC,2026-08-26T09:00:00+09:00,263,3,260,0,0,24,정상 범위,v2
EDGE-28-GRY-F,DC-ONLINE,온라인 DC,2026-08-26T09:00:00+09:00,301,4,297,0,0,24,정상 범위,v2
ARC-07-BLK-F,ONLINE,온라인몰,2026-08-27T09:00:00+09:00,40,2,38,0,0,35,정상 범위,v2
ARC-07-BLK-F,STORE-SEONGSU,성수 플래그십,2026-08-27T09:00:00+09:00,202,3,199,0,0,35,이동 가능 잉여,v2
ARC-07-BLK-F,STORE-GANGNAM,강남점,2026-08-27T09:00:00+09:00,58,4,54,0,0,35,판매 급증·품절 위험,v2
ARC-07-BLK-F,STORE-HANNAM,한남점,2026-08-27T09:00:00+09:00,116,5,111,0,0,35,정상 범위,v2
ARC-07-BLK-F,STORE-BUSAN,부산 센텀,2026-08-27T09:00:00+09:00,154,6,148,0,0,35,정상 범위,v2
ARC-07-BLK-F,STORE-SHANGHAI,상하이 IFC,2026-08-27T09:00:00+09:00,185,0,185,0,0,35,정상 범위,v2
ARC-07-BLK-F,DC-ONLINE,온라인 DC,2026-08-27T09:00:00+09:00,120,1,119,0,0,35,정상 범위,v2
FLOW-22-BLK-F,ONLINE,온라인몰,2026-08-27T09:00:00+09:00,55,3,52,0,0,38,정상 범위,v2
FLOW-22-BLK-F,STORE-SEONGSU,성수 플래그십,2026-08-27T09:00:00+09:00,131,4,127,0,0,38,정상 범위,v2
FLOW-22-BLK-F,STORE-GANGNAM,강남점,2026-08-27T09:00:00+09:00,109,5,104,0,0,38,정상 범위,v2
FLOW-22-BLK-F,STORE-HANNAM,한남점,2026-08-27T09:00:00+09:00,204,6,198,0,0,38,이동 가능 잉여,v2
FLOW-22-BLK-F,STORE-BUSAN,부산 센텀,2026-08-27T09:00:00+09:00,66,0,66,0,0,38,판매 급증·품절 위험,v2
FLOW-22-BLK-F,STORE-SHANGHAI,상하이 IFC,2026-08-27T09:00:00+09:00,156,1,155,0,0,38,정상 범위,v2
FLOW-22-BLK-F,DC-ONLINE,온라인 DC,2026-08-27T09:00:00+09:00,124,2,122,0,0,38,정상 범위,v2
EASE-19-CRM-F,ONLINE,온라인몰,2026-08-27T09:00:00+09:00,188,4,184,0,0,30,과잉재고·할인 최소화 검토,v2
EASE-19-CRM-F,STORE-SEONGSU,성수 플래그십,2026-08-27T09:00:00+09:00,165,5,160,0,0,30,과잉재고·할인 최소화 검토,v2
EASE-19-CRM-F,STORE-GANGNAM,강남점,2026-08-27T09:00:00+09:00,168,6,162,0,0,30,과잉재고·할인 최소화 검토,v2
EASE-19-CRM-F,STORE-HANNAM,한남점,2026-08-27T09:00:00+09:00,192,0,192,0,0,30,과잉재고·할인 최소화 검토,v2
EASE-19-CRM-F,STORE-BUSAN,부산 센텀,2026-08-27T09:00:00+09:00,163,1,162,0,0,30,과잉재고·할인 최소화 검토,v2
EASE-19-CRM-F,STORE-SHANGHAI,상하이 IFC,2026-08-27T09:00:00+09:00,160,2,158,0,0,30,과잉재고·할인 최소화 검토,v2
EASE-19-CRM-F,DC-ONLINE,온라인 DC,2026-08-27T09:00:00+09:00,253,3,250,0,0,30,과잉재고·할인 최소화 검토,v2
NOVA-11-NVY-F,ONLINE,온라인몰,2026-08-27T09:00:00+09:00,93,5,88,0,0,28,정상 범위,v2
NOVA-11-NVY-F,STORE-SEONGSU,성수 플래그십,2026-08-27T09:00:00+09:00,131,6,125,0,0,28,정상 범위,v2
NOVA-11-NVY-F,STORE-GANGNAM,강남점,2026-08-27T09:00:00+09:00,162,0,162,0,0,28,정상 범위,v2
NOVA-11-NVY-F,STORE-HANNAM,한남점,2026-08-27T09:00:00+09:00,140,1,139,0,0,28,정상 범위,v2
NOVA-11-NVY-F,STORE-BUSAN,부산 센텀,2026-08-27T09:00:00+09:00,178,2,176,0,0,28,정상 범위,v2
NOVA-11-NVY-F,STORE-SHANGHAI,상하이 IFC,2026-08-27T09:00:00+09:00,216,3,213,0,0,28,정상 범위,v2
NOVA-11-NVY-F,DC-ONLINE,온라인 DC,2026-08-27T09:00:00+09:00,194,4,190,0,0,28,정상 범위,v2
AIR-24-NVY-F,ONLINE,온라인몰,2026-08-27T09:00:00+09:00,51,6,45,0,0,32,전사 부족·재주문 필요,v2
AIR-24-NVY-F,STORE-SEONGSU,성수 플래그십,2026-08-27T09:00:00+09:00,61,0,61,0,0,32,전사 부족·재주문 필요,v2
AIR-24-NVY-F,STORE-GANGNAM,강남점,2026-08-27T09:00:00+09:00,49,1,48,0,0,32,전사 부족·재주문 필요,v2
AIR-24-NVY-F,STORE-HANNAM,한남점,2026-08-27T09:00:00+09:00,65,2,63,0,0,32,전사 부족·재주문 필요,v2
AIR-24-NVY-F,STORE-BUSAN,부산 센텀,2026-08-27T09:00:00+09:00,75,3,72,0,0,32,전사 부족·재주문 필요,v2
AIR-24-NVY-F,STORE-SHANGHAI,상하이 IFC,2026-08-27T09:00:00+09:00,70,4,66,0,0,32,전사 부족·재주문 필요,v2
AIR-24-NVY-F,DC-ONLINE,온라인 DC,2026-08-27T09:00:00+09:00,91,5,86,0,0,32,전사 부족·재주문 필요,v2
WAVE-31-WHT-F,ONLINE,온라인몰,2026-08-27T09:00:00+09:00,144,0,144,0,0,28,정상 범위,v2
WAVE-31-WHT-F,STORE-SEONGSU,성수 플래그십,2026-08-27T09:00:00+09:00,122,1,121,0,0,28,정상 범위,v2
WAVE-31-WHT-F,STORE-GANGNAM,강남점,2026-08-27T09:00:00+09:00,160,2,158,0,0,28,정상 범위,v2
WAVE-31-WHT-F,STORE-HANNAM,한남점,2026-08-27T09:00:00+09:00,198,3,195,0,0,28,정상 범위,v2
WAVE-31-WHT-F,STORE-BUSAN,부산 센텀,2026-08-27T09:00:00+09:00,176,4,172,0,0,28,정상 범위,v2
WAVE-31-WHT-F,STORE-SHANGHAI,상하이 IFC,2026-08-27T09:00:00+09:00,214,5,209,0,0,28,정상 범위,v2
WAVE-31-WHT-F,DC-ONLINE,온라인 DC,2026-08-27T09:00:00+09:00,252,6,246,0,0,28,정상 범위,v2
MOSS-18-BLK-F,ONLINE,온라인몰,2026-08-27T09:00:00+09:00,197,1,196,0,0,26,과잉재고·할인 최소화 검토,v2
MOSS-18-BLK-F,STORE-SEONGSU,성수 플래그십,2026-08-27T09:00:00+09:00,192,2,190,0,0,26,과잉재고·할인 최소화 검토,v2
MOSS-18-BLK-F,STORE-GANGNAM,강남점,2026-08-27T09:00:00+09:00,194,3,191,0,0,26,과잉재고·할인 최소화 검토,v2
MOSS-18-BLK-F,STORE-HANNAM,한남점,2026-08-27T09:00:00+09:00,205,4,201,0,0,26,과잉재고·할인 최소화 검토,v2
MOSS-18-BLK-F,STORE-BUSAN,부산 센텀,2026-08-27T09:00:00+09:00,192,5,187,0,2,26,과잉재고·할인 최소화 검토,v2
MOSS-18-BLK-F,STORE-SHANGHAI,상하이 IFC,2026-08-27T09:00:00+09:00,194,6,188,0,0,26,과잉재고·할인 최소화 검토,v2
MOSS-18-BLK-F,DC-ONLINE,온라인 DC,2026-08-27T09:00:00+09:00,264,0,264,0,0,26,과잉재고·할인 최소화 검토,v2
LUME-09-BEG-F,ONLINE,온라인몰,2026-08-27T09:00:00+09:00,143,2,141,0,0,25,정상 범위,v2
LUME-09-BEG-F,STORE-SEONGSU,성수 플래그십,2026-08-27T09:00:00+09:00,181,3,178,0,2,25,정상 범위,v2
LUME-09-BEG-F,STORE-GANGNAM,강남점,2026-08-27T09:00:00+09:00,159,4,155,0,0,25,정상 범위,v2
LUME-09-BEG-F,STORE-HANNAM,한남점,2026-08-27T09:00:00+09:00,197,5,192,0,0,25,정상 범위,v2
LUME-09-BEG-F,STORE-BUSAN,부산 센텀,2026-08-27T09:00:00+09:00,235,6,229,0,0,25,정상 범위,v2
LUME-09-BEG-F,STORE-SHANGHAI,상하이 IFC,2026-08-27T09:00:00+09:00,206,0,206,0,0,25,정상 범위,v2
LUME-09-BEG-F,DC-ONLINE,온라인 DC,2026-08-27T09:00:00+09:00,244,1,243,0,0,25,정상 범위,v2
CORE-55-WHT-F,ONLINE,온라인몰,2026-08-27T09:00:00+09:00,167,3,164,0,0,45,정상 범위,v2
CORE-55-WHT-F,STORE-SEONGSU,성수 플래그십,2026-08-27T09:00:00+09:00,145,4,141,0,0,45,정상 범위,v2
CORE-55-WHT-F,STORE-GANGNAM,강남점,2026-08-27T09:00:00+09:00,183,5,178,0,0,45,정상 범위,v2
CORE-55-WHT-F,STORE-HANNAM,한남점,2026-08-27T09:00:00+09:00,221,6,215,0,0,45,정상 범위,v2
CORE-55-WHT-F,STORE-BUSAN,부산 센텀,2026-08-27T09:00:00+09:00,192,0,192,0,0,45,정상 범위,v2
CORE-55-WHT-F,STORE-SHANGHAI,상하이 IFC,2026-08-27T09:00:00+09:00,230,1,229,0,0,45,정상 범위,v2
CORE-55-WHT-F,DC-ONLINE,온라인 DC,2026-08-27T09:00:00+09:00,268,2,266,0,0,45,정상 범위,v2
FORM-42-DEN-F,ONLINE,온라인몰,2026-08-27T09:00:00+09:00,141,4,137,0,0,28,정상 범위,v2
FORM-42-DEN-F,STORE-SEONGSU,성수 플래그십,2026-08-27T09:00:00+09:00,179,5,174,0,0,28,정상 범위,v2
FORM-42-DEN-F,STORE-GANGNAM,강남점,2026-08-27T09:00:00+09:00,217,6,211,0,0,28,정상 범위,v2
FORM-42-DEN-F,STORE-HANNAM,한남점,2026-08-27T09:00:00+09:00,188,0,188,0,0,28,정상 범위,v2
FORM-42-DEN-F,STORE-BUSAN,부산 센텀,2026-08-27T09:00:00+09:00,226,1,225,0,0,28,정상 범위,v2
FORM-42-DEN-F,STORE-SHANGHAI,상하이 IFC,2026-08-27T09:00:00+09:00,264,2,262,0,0,28,정상 범위,v2
FORM-42-DEN-F,DC-ONLINE,온라인 DC,2026-08-27T09:00:00+09:00,242,3,239,0,0,28,정상 범위,v2
COVE-14-BLK-F,ONLINE,온라인몰,2026-08-27T09:00:00+09:00,171,5,166,0,0,24,정상 범위,v2
COVE-14-BLK-F,STORE-SEONGSU,성수 플래그십,2026-08-27T09:00:00+09:00,209,6,203,0,0,24,정상 범위,v2
COVE-14-BLK-F,STORE-GANGNAM,강남점,2026-08-27T09:00:00+09:00,180,0,180,0,0,24,정상 범위,v2
COVE-14-BLK-F,STORE-HANNAM,한남점,2026-08-27T09:00:00+09:00,218,1,217,0,0,24,정상 범위,v2
COVE-14-BLK-F,STORE-BUSAN,부산 센텀,2026-08-27T09:00:00+09:00,256,2,254,0,0,24,정상 범위,v2
COVE-14-BLK-F,STORE-SHANGHAI,상하이 IFC,2026-08-27T09:00:00+09:00,234,3,231,0,0,24,정상 범위,v2
COVE-14-BLK-F,DC-ONLINE,온라인 DC,2026-08-27T09:00:00+09:00,272,4,268,0,0,24,정상 범위,v2
EDGE-28-GRY-F,ONLINE,온라인몰,2026-08-27T09:00:00+09:00,201,6,195,0,0,24,정상 범위,v2
EDGE-28-GRY-F,STORE-SEONGSU,성수 플래그십,2026-08-27T09:00:00+09:00,172,0,172,0,0,24,정상 범위,v2
EDGE-28-GRY-F,STORE-GANGNAM,강남점,2026-08-27T09:00:00+09:00,210,1,209,0,0,24,정상 범위,v2
EDGE-28-GRY-F,STORE-HANNAM,한남점,2026-08-27T09:00:00+09:00,248,2,246,0,0,24,정상 범위,v2
EDGE-28-GRY-F,STORE-BUSAN,부산 센텀,2026-08-27T09:00:00+09:00,226,3,223,0,0,24,정상 범위,v2
EDGE-28-GRY-F,STORE-SHANGHAI,상하이 IFC,2026-08-27T09:00:00+09:00,264,4,260,0,0,24,정상 범위,v2
EDGE-28-GRY-F,DC-ONLINE,온라인 DC,2026-08-27T09:00:00+09:00,302,5,297,0,0,24,정상 범위,v2
ARC-07-BLK-F,ONLINE,온라인몰,2026-08-28T09:00:00+09:00,38,3,35,0,0,35,정상 범위,v2
ARC-07-BLK-F,STORE-SEONGSU,성수 플래그십,2026-08-28T09:00:00+09:00,213,4,209,0,0,35,이동 가능 잉여,v2
ARC-07-BLK-F,STORE-GANGNAM,강남점,2026-08-28T09:00:00+09:00,49,5,44,0,0,35,판매 급증·품절 위험,v2
ARC-07-BLK-F,STORE-HANNAM,한남점,2026-08-28T09:00:00+09:00,116,6,110,0,0,35,정상 범위,v2
ARC-07-BLK-F,STORE-BUSAN,부산 센텀,2026-08-28T09:00:00+09:00,147,0,147,0,0,35,정상 범위,v2
ARC-07-BLK-F,STORE-SHANGHAI,상하이 IFC,2026-08-28T09:00:00+09:00,185,1,184,0,0,35,정상 범위,v2
ARC-07-BLK-F,DC-ONLINE,온라인 DC,2026-08-28T09:00:00+09:00,115,2,113,40,0,35,정상 범위,v2
FLOW-22-BLK-F,ONLINE,온라인몰,2026-08-28T09:00:00+09:00,50,4,46,0,0,38,정상 범위,v2
FLOW-22-BLK-F,STORE-SEONGSU,성수 플래그십,2026-08-28T09:00:00+09:00,131,5,126,0,0,38,정상 범위,v2
FLOW-22-BLK-F,STORE-GANGNAM,강남점,2026-08-28T09:00:00+09:00,109,6,103,0,0,38,정상 범위,v2
FLOW-22-BLK-F,STORE-HANNAM,한남점,2026-08-28T09:00:00+09:00,204,0,204,0,0,38,이동 가능 잉여,v2
FLOW-22-BLK-F,STORE-BUSAN,부산 센텀,2026-08-28T09:00:00+09:00,53,1,52,0,0,38,판매 급증·품절 위험,v2
FLOW-22-BLK-F,STORE-SHANGHAI,상하이 IFC,2026-08-28T09:00:00+09:00,156,2,154,0,0,38,정상 범위,v2
FLOW-22-BLK-F,DC-ONLINE,온라인 DC,2026-08-28T09:00:00+09:00,117,3,114,40,0,38,정상 범위,v2
EASE-19-CRM-F,ONLINE,온라인몰,2026-08-28T09:00:00+09:00,196,5,191,0,0,30,과잉재고·할인 최소화 검토,v2
EASE-19-CRM-F,STORE-SEONGSU,성수 플래그십,2026-08-28T09:00:00+09:00,172,6,166,0,0,30,과잉재고·할인 최소화 검토,v2
EASE-19-CRM-F,STORE-GANGNAM,강남점,2026-08-28T09:00:00+09:00,165,0,165,0,0,30,과잉재고·할인 최소화 검토,v2
EASE-19-CRM-F,STORE-HANNAM,한남점,2026-08-28T09:00:00+09:00,194,1,193,0,0,30,과잉재고·할인 최소화 검토,v2
EASE-19-CRM-F,STORE-BUSAN,부산 센텀,2026-08-28T09:00:00+09:00,164,2,162,0,0,30,과잉재고·할인 최소화 검토,v2
EASE-19-CRM-F,STORE-SHANGHAI,상하이 IFC,2026-08-28T09:00:00+09:00,158,3,155,0,0,30,과잉재고·할인 최소화 검토,v2
EASE-19-CRM-F,DC-ONLINE,온라인 DC,2026-08-28T09:00:00+09:00,257,4,253,0,0,30,과잉재고·할인 최소화 검토,v2
NOVA-11-NVY-F,ONLINE,온라인몰,2026-08-28T09:00:00+09:00,94,6,88,0,0,28,정상 범위,v2
NOVA-11-NVY-F,STORE-SEONGSU,성수 플래그십,2026-08-28T09:00:00+09:00,125,0,125,0,0,28,정상 범위,v2
NOVA-11-NVY-F,STORE-GANGNAM,강남점,2026-08-28T09:00:00+09:00,163,1,162,0,0,28,정상 범위,v2
NOVA-11-NVY-F,STORE-HANNAM,한남점,2026-08-28T09:00:00+09:00,141,2,139,0,0,28,정상 범위,v2
NOVA-11-NVY-F,STORE-BUSAN,부산 센텀,2026-08-28T09:00:00+09:00,179,3,176,0,0,28,정상 범위,v2
NOVA-11-NVY-F,STORE-SHANGHAI,상하이 IFC,2026-08-28T09:00:00+09:00,217,4,213,0,0,28,정상 범위,v2
NOVA-11-NVY-F,DC-ONLINE,온라인 DC,2026-08-28T09:00:00+09:00,195,5,190,0,0,28,정상 범위,v2
AIR-24-NVY-F,ONLINE,온라인몰,2026-08-28T09:00:00+09:00,37,0,37,0,0,32,전사 부족·재주문 필요,v2
AIR-24-NVY-F,STORE-SEONGSU,성수 플래그십,2026-08-28T09:00:00+09:00,52,1,51,0,0,32,전사 부족·재주문 필요,v2
AIR-24-NVY-F,STORE-GANGNAM,강남점,2026-08-28T09:00:00+09:00,40,2,38,0,0,32,전사 부족·재주문 필요,v2
AIR-24-NVY-F,STORE-HANNAM,한남점,2026-08-28T09:00:00+09:00,54,3,51,0,0,32,전사 부족·재주문 필요,v2
AIR-24-NVY-F,STORE-BUSAN,부산 센텀,2026-08-28T09:00:00+09:00,60,4,56,0,0,32,전사 부족·재주문 필요,v2
AIR-24-NVY-F,STORE-SHANGHAI,상하이 IFC,2026-08-28T09:00:00+09:00,57,5,52,0,0,32,전사 부족·재주문 필요,v2
AIR-24-NVY-F,DC-ONLINE,온라인 DC,2026-08-28T09:00:00+09:00,77,6,71,0,0,32,전사 부족·재주문 필요,v2
WAVE-31-WHT-F,ONLINE,온라인몰,2026-08-28T09:00:00+09:00,145,1,144,0,0,28,정상 범위,v2
WAVE-31-WHT-F,STORE-SEONGSU,성수 플래그십,2026-08-28T09:00:00+09:00,123,2,121,0,0,28,정상 범위,v2
WAVE-31-WHT-F,STORE-GANGNAM,강남점,2026-08-28T09:00:00+09:00,161,3,158,0,0,28,정상 범위,v2
WAVE-31-WHT-F,STORE-HANNAM,한남점,2026-08-28T09:00:00+09:00,199,4,195,0,0,28,정상 범위,v2
WAVE-31-WHT-F,STORE-BUSAN,부산 센텀,2026-08-28T09:00:00+09:00,177,5,172,0,0,28,정상 범위,v2
WAVE-31-WHT-F,STORE-SHANGHAI,상하이 IFC,2026-08-28T09:00:00+09:00,215,6,209,0,0,28,정상 범위,v2
WAVE-31-WHT-F,DC-ONLINE,온라인 DC,2026-08-28T09:00:00+09:00,246,0,246,0,2,28,정상 범위,v2
MOSS-18-BLK-F,ONLINE,온라인몰,2026-08-28T09:00:00+09:00,206,2,204,0,0,26,과잉재고·할인 최소화 검토,v2
MOSS-18-BLK-F,STORE-SEONGSU,성수 플래그십,2026-08-28T09:00:00+09:00,196,3,193,0,0,26,과잉재고·할인 최소화 검토,v2
MOSS-18-BLK-F,STORE-GANGNAM,강남점,2026-08-28T09:00:00+09:00,195,4,191,0,0,26,과잉재고·할인 최소화 검토,v2
MOSS-18-BLK-F,STORE-HANNAM,한남점,2026-08-28T09:00:00+09:00,209,5,204,0,2,26,과잉재고·할인 최소화 검토,v2
MOSS-18-BLK-F,STORE-BUSAN,부산 센텀,2026-08-28T09:00:00+09:00,190,6,184,0,0,26,과잉재고·할인 최소화 검토,v2
MOSS-18-BLK-F,STORE-SHANGHAI,상하이 IFC,2026-08-28T09:00:00+09:00,182,0,182,0,0,26,과잉재고·할인 최소화 검토,v2
MOSS-18-BLK-F,DC-ONLINE,온라인 DC,2026-08-28T09:00:00+09:00,270,1,269,0,0,26,과잉재고·할인 최소화 검토,v2
LUME-09-BEG-F,ONLINE,온라인몰,2026-08-28T09:00:00+09:00,144,3,141,0,2,25,정상 범위,v2
LUME-09-BEG-F,STORE-SEONGSU,성수 플래그십,2026-08-28T09:00:00+09:00,182,4,178,0,0,25,정상 범위,v2
LUME-09-BEG-F,STORE-GANGNAM,강남점,2026-08-28T09:00:00+09:00,160,5,155,0,0,25,정상 범위,v2
LUME-09-BEG-F,STORE-HANNAM,한남점,2026-08-28T09:00:00+09:00,198,6,192,0,0,25,정상 범위,v2
LUME-09-BEG-F,STORE-BUSAN,부산 센텀,2026-08-28T09:00:00+09:00,229,0,229,0,0,25,정상 범위,v2
LUME-09-BEG-F,STORE-SHANGHAI,상하이 IFC,2026-08-28T09:00:00+09:00,207,1,206,0,0,25,정상 범위,v2
LUME-09-BEG-F,DC-ONLINE,온라인 DC,2026-08-28T09:00:00+09:00,245,2,243,0,0,25,정상 범위,v2
CORE-55-WHT-F,ONLINE,온라인몰,2026-08-28T09:00:00+09:00,166,4,162,0,0,45,정상 범위,v2
CORE-55-WHT-F,STORE-SEONGSU,성수 플래그십,2026-08-28T09:00:00+09:00,144,5,139,0,0,45,정상 범위,v2
CORE-55-WHT-F,STORE-GANGNAM,강남점,2026-08-28T09:00:00+09:00,182,6,176,0,0,45,정상 범위,v2
CORE-55-WHT-F,STORE-HANNAM,한남점,2026-08-28T09:00:00+09:00,213,0,213,0,0,45,정상 범위,v2
CORE-55-WHT-F,STORE-BUSAN,부산 센텀,2026-08-28T09:00:00+09:00,191,1,190,0,0,45,정상 범위,v2
CORE-55-WHT-F,STORE-SHANGHAI,상하이 IFC,2026-08-28T09:00:00+09:00,229,2,227,0,0,45,정상 범위,v2
CORE-55-WHT-F,DC-ONLINE,온라인 DC,2026-08-28T09:00:00+09:00,267,3,264,0,0,45,정상 범위,v2
FORM-42-DEN-F,ONLINE,온라인몰,2026-08-28T09:00:00+09:00,142,5,137,0,0,28,정상 범위,v2
FORM-42-DEN-F,STORE-SEONGSU,성수 플래그십,2026-08-28T09:00:00+09:00,180,6,174,0,0,28,정상 범위,v2
FORM-42-DEN-F,STORE-GANGNAM,강남점,2026-08-28T09:00:00+09:00,211,0,211,0,0,28,정상 범위,v2
FORM-42-DEN-F,STORE-HANNAM,한남점,2026-08-28T09:00:00+09:00,189,1,188,0,0,28,정상 범위,v2
FORM-42-DEN-F,STORE-BUSAN,부산 센텀,2026-08-28T09:00:00+09:00,227,2,225,0,0,28,정상 범위,v2
FORM-42-DEN-F,STORE-SHANGHAI,상하이 IFC,2026-08-28T09:00:00+09:00,265,3,262,0,0,28,정상 범위,v2
FORM-42-DEN-F,DC-ONLINE,온라인 DC,2026-08-28T09:00:00+09:00,243,4,239,0,0,28,정상 범위,v2
COVE-14-BLK-F,ONLINE,온라인몰,2026-08-28T09:00:00+09:00,171,6,165,0,0,24,정상 범위,v2
COVE-14-BLK-F,STORE-SEONGSU,성수 플래그십,2026-08-28T09:00:00+09:00,202,0,202,0,0,24,정상 범위,v2
COVE-14-BLK-F,STORE-GANGNAM,강남점,2026-08-28T09:00:00+09:00,180,1,179,0,0,24,정상 범위,v2
COVE-14-BLK-F,STORE-HANNAM,한남점,2026-08-28T09:00:00+09:00,218,2,216,0,0,24,정상 범위,v2
COVE-14-BLK-F,STORE-BUSAN,부산 센텀,2026-08-28T09:00:00+09:00,256,3,253,0,0,24,정상 범위,v2
COVE-14-BLK-F,STORE-SHANGHAI,상하이 IFC,2026-08-28T09:00:00+09:00,234,4,230,0,0,24,정상 범위,v2
COVE-14-BLK-F,DC-ONLINE,온라인 DC,2026-08-28T09:00:00+09:00,272,5,267,0,0,24,정상 범위,v2
EDGE-28-GRY-F,ONLINE,온라인몰,2026-08-28T09:00:00+09:00,194,0,194,0,0,24,정상 범위,v2
EDGE-28-GRY-F,STORE-SEONGSU,성수 플래그십,2026-08-28T09:00:00+09:00,172,1,171,0,0,24,정상 범위,v2
EDGE-28-GRY-F,STORE-GANGNAM,강남점,2026-08-28T09:00:00+09:00,210,2,208,0,0,24,정상 범위,v2
EDGE-28-GRY-F,STORE-HANNAM,한남점,2026-08-28T09:00:00+09:00,248,3,245,0,0,24,정상 범위,v2
EDGE-28-GRY-F,STORE-BUSAN,부산 센텀,2026-08-28T09:00:00+09:00,226,4,222,0,0,24,정상 범위,v2
EDGE-28-GRY-F,STORE-SHANGHAI,상하이 IFC,2026-08-28T09:00:00+09:00,264,5,259,0,0,24,정상 범위,v2
EDGE-28-GRY-F,DC-ONLINE,온라인 DC,2026-08-28T09:00:00+09:00,302,6,296,0,0,24,정상 범위,v2
ARC-07-BLK-F,ONLINE,온라인몰,2026-08-29T09:00:00+09:00,35,4,31,0,0,35,정상 범위,v2
ARC-07-BLK-F,STORE-SEONGSU,성수 플래그십,2026-08-29T09:00:00+09:00,225,5,220,0,0,35,이동 가능 잉여,v2
ARC-07-BLK-F,STORE-GANGNAM,강남점,2026-08-29T09:00:00+09:00,40,6,34,0,0,35,판매 급증·품절 위험,v2
ARC-07-BLK-F,STORE-HANNAM,한남점,2026-08-29T09:00:00+09:00,109,0,109,0,0,35,정상 범위,v2
ARC-07-BLK-F,STORE-BUSAN,부산 센텀,2026-08-29T09:00:00+09:00,147,1,146,0,0,35,정상 범위,v2
ARC-07-BLK-F,STORE-SHANGHAI,상하이 IFC,2026-08-29T09:00:00+09:00,185,2,183,0,0,35,정상 범위,v2
ARC-07-BLK-F,DC-ONLINE,온라인 DC,2026-08-29T09:00:00+09:00,110,3,107,40,0,35,정상 범위,v2
FLOW-22-BLK-F,ONLINE,온라인몰,2026-08-29T09:00:00+09:00,46,5,41,0,0,38,정상 범위,v2
FLOW-22-BLK-F,STORE-SEONGSU,성수 플래그십,2026-08-29T09:00:00+09:00,131,6,125,0,0,38,정상 범위,v2
FLOW-22-BLK-F,STORE-GANGNAM,강남점,2026-08-29T09:00:00+09:00,102,0,102,0,0,38,정상 범위,v2
FLOW-22-BLK-F,STORE-HANNAM,한남점,2026-08-29T09:00:00+09:00,210,1,209,0,0,38,이동 가능 잉여,v2
FLOW-22-BLK-F,STORE-BUSAN,부산 센텀,2026-08-29T09:00:00+09:00,41,2,39,0,0,38,판매 급증·품절 위험,v2
FLOW-22-BLK-F,STORE-SHANGHAI,상하이 IFC,2026-08-29T09:00:00+09:00,156,3,153,0,0,38,정상 범위,v2
FLOW-22-BLK-F,DC-ONLINE,온라인 DC,2026-08-29T09:00:00+09:00,109,4,105,40,0,38,정상 범위,v2
EASE-19-CRM-F,ONLINE,온라인몰,2026-08-29T09:00:00+09:00,203,6,197,0,0,30,과잉재고·할인 최소화 검토,v2
EASE-19-CRM-F,STORE-SEONGSU,성수 플래그십,2026-08-29T09:00:00+09:00,172,0,172,0,0,30,과잉재고·할인 최소화 검토,v2
EASE-19-CRM-F,STORE-GANGNAM,강남점,2026-08-29T09:00:00+09:00,168,1,167,0,0,30,과잉재고·할인 최소화 검토,v2
EASE-19-CRM-F,STORE-HANNAM,한남점,2026-08-29T09:00:00+09:00,197,2,195,0,0,30,과잉재고·할인 최소화 검토,v2
EASE-19-CRM-F,STORE-BUSAN,부산 센텀,2026-08-29T09:00:00+09:00,166,3,163,0,0,30,과잉재고·할인 최소화 검토,v2
EASE-19-CRM-F,STORE-SHANGHAI,상하이 IFC,2026-08-29T09:00:00+09:00,155,4,151,0,0,30,과잉재고·할인 최소화 검토,v2
EASE-19-CRM-F,DC-ONLINE,온라인 DC,2026-08-29T09:00:00+09:00,260,5,255,0,0,30,과잉재고·할인 최소화 검토,v2
NOVA-11-NVY-F,ONLINE,온라인몰,2026-08-29T09:00:00+09:00,87,0,87,0,0,28,정상 범위,v2
NOVA-11-NVY-F,STORE-SEONGSU,성수 플래그십,2026-08-29T09:00:00+09:00,125,1,124,0,0,28,정상 범위,v2
NOVA-11-NVY-F,STORE-GANGNAM,강남점,2026-08-29T09:00:00+09:00,163,2,161,0,0,28,정상 범위,v2
NOVA-11-NVY-F,STORE-HANNAM,한남점,2026-08-29T09:00:00+09:00,141,3,138,0,0,28,정상 범위,v2
NOVA-11-NVY-F,STORE-BUSAN,부산 센텀,2026-08-29T09:00:00+09:00,179,4,175,0,0,28,정상 범위,v2
NOVA-11-NVY-F,STORE-SHANGHAI,상하이 IFC,2026-08-29T09:00:00+09:00,217,5,212,0,0,28,정상 범위,v2
NOVA-11-NVY-F,DC-ONLINE,온라인 DC,2026-08-29T09:00:00+09:00,195,6,189,0,0,28,정상 범위,v2
AIR-24-NVY-F,ONLINE,온라인몰,2026-08-29T09:00:00+09:00,29,1,28,0,0,32,전사 부족·재주문 필요,v2
AIR-24-NVY-F,STORE-SEONGSU,성수 플래그십,2026-08-29T09:00:00+09:00,42,2,40,0,0,32,전사 부족·재주문 필요,v2
AIR-24-NVY-F,STORE-GANGNAM,강남점,2026-08-29T09:00:00+09:00,32,3,29,0,0,32,전사 부족·재주문 필요,v2
AIR-24-NVY-F,STORE-HANNAM,한남점,2026-08-29T09:00:00+09:00,42,4,38,0,0,32,전사 부족·재주문 필요,v2
AIR-24-NVY-F,STORE-BUSAN,부산 센텀,2026-08-29T09:00:00+09:00,46,5,41,0,0,32,전사 부족·재주문 필요,v2
AIR-24-NVY-F,STORE-SHANGHAI,상하이 IFC,2026-08-29T09:00:00+09:00,45,6,39,0,0,32,전사 부족·재주문 필요,v2
AIR-24-NVY-F,DC-ONLINE,온라인 DC,2026-08-29T09:00:00+09:00,56,0,56,0,0,32,전사 부족·재주문 필요,v2
WAVE-31-WHT-F,ONLINE,온라인몰,2026-08-29T09:00:00+09:00,145,2,143,0,0,28,정상 범위,v2
WAVE-31-WHT-F,STORE-SEONGSU,성수 플래그십,2026-08-29T09:00:00+09:00,123,3,120,0,0,28,정상 범위,v2
WAVE-31-WHT-F,STORE-GANGNAM,강남점,2026-08-29T09:00:00+09:00,161,4,157,0,0,28,정상 범위,v2
WAVE-31-WHT-F,STORE-HANNAM,한남점,2026-08-29T09:00:00+09:00,199,5,194,0,0,28,정상 범위,v2
WAVE-31-WHT-F,STORE-BUSAN,부산 센텀,2026-08-29T09:00:00+09:00,177,6,171,0,0,28,정상 범위,v2
WAVE-31-WHT-F,STORE-SHANGHAI,상하이 IFC,2026-08-29T09:00:00+09:00,208,0,208,0,2,28,정상 범위,v2
WAVE-31-WHT-F,DC-ONLINE,온라인 DC,2026-08-29T09:00:00+09:00,246,1,245,0,0,28,정상 범위,v2
MOSS-18-BLK-F,ONLINE,온라인몰,2026-08-29T09:00:00+09:00,216,3,213,0,0,26,과잉재고·할인 최소화 검토,v2
MOSS-18-BLK-F,STORE-SEONGSU,성수 플래그십,2026-08-29T09:00:00+09:00,201,4,197,0,0,26,과잉재고·할인 최소화 검토,v2
MOSS-18-BLK-F,STORE-GANGNAM,강남점,2026-08-29T09:00:00+09:00,196,5,191,0,2,26,과잉재고·할인 최소화 검토,v2
MOSS-18-BLK-F,STORE-HANNAM,한남점,2026-08-29T09:00:00+09:00,214,6,208,0,0,26,과잉재고·할인 최소화 검토,v2
MOSS-18-BLK-F,STORE-BUSAN,부산 센텀,2026-08-29T09:00:00+09:00,182,0,182,0,0,26,과잉재고·할인 최소화 검토,v2
MOSS-18-BLK-F,STORE-SHANGHAI,상하이 IFC,2026-08-29T09:00:00+09:00,177,1,176,0,0,26,과잉재고·할인 최소화 검토,v2
MOSS-18-BLK-F,DC-ONLINE,온라인 DC,2026-08-29T09:00:00+09:00,276,2,274,0,0,26,과잉재고·할인 최소화 검토,v2
LUME-09-BEG-F,ONLINE,온라인몰,2026-08-29T09:00:00+09:00,144,4,140,0,0,25,정상 범위,v2
LUME-09-BEG-F,STORE-SEONGSU,성수 플래그십,2026-08-29T09:00:00+09:00,182,5,177,0,0,25,정상 범위,v2
LUME-09-BEG-F,STORE-GANGNAM,강남점,2026-08-29T09:00:00+09:00,160,6,154,0,0,25,정상 범위,v2
LUME-09-BEG-F,STORE-HANNAM,한남점,2026-08-29T09:00:00+09:00,191,0,191,0,0,25,정상 범위,v2
LUME-09-BEG-F,STORE-BUSAN,부산 센텀,2026-08-29T09:00:00+09:00,229,1,228,0,0,25,정상 범위,v2
LUME-09-BEG-F,STORE-SHANGHAI,상하이 IFC,2026-08-29T09:00:00+09:00,207,2,205,0,0,25,정상 범위,v2
LUME-09-BEG-F,DC-ONLINE,온라인 DC,2026-08-29T09:00:00+09:00,245,3,242,0,0,25,정상 범위,v2
CORE-55-WHT-F,ONLINE,온라인몰,2026-08-29T09:00:00+09:00,166,5,161,0,0,45,정상 범위,v2
CORE-55-WHT-F,STORE-SEONGSU,성수 플래그십,2026-08-29T09:00:00+09:00,144,6,138,0,0,45,정상 범위,v2
CORE-55-WHT-F,STORE-GANGNAM,강남점,2026-08-29T09:00:00+09:00,175,0,175,0,0,45,정상 범위,v2
CORE-55-WHT-F,STORE-HANNAM,한남점,2026-08-29T09:00:00+09:00,213,1,212,0,0,45,정상 범위,v2
CORE-55-WHT-F,STORE-BUSAN,부산 센텀,2026-08-29T09:00:00+09:00,191,2,189,0,0,45,정상 범위,v2
CORE-55-WHT-F,STORE-SHANGHAI,상하이 IFC,2026-08-29T09:00:00+09:00,229,3,226,0,0,45,정상 범위,v2
CORE-55-WHT-F,DC-ONLINE,온라인 DC,2026-08-29T09:00:00+09:00,267,4,263,0,0,45,정상 범위,v2
FORM-42-DEN-F,ONLINE,온라인몰,2026-08-29T09:00:00+09:00,142,6,136,0,0,28,정상 범위,v2
FORM-42-DEN-F,STORE-SEONGSU,성수 플래그십,2026-08-29T09:00:00+09:00,173,0,173,0,0,28,정상 범위,v2
FORM-42-DEN-F,STORE-GANGNAM,강남점,2026-08-29T09:00:00+09:00,211,1,210,0,0,28,정상 범위,v2
FORM-42-DEN-F,STORE-HANNAM,한남점,2026-08-29T09:00:00+09:00,189,2,187,0,0,28,정상 범위,v2
FORM-42-DEN-F,STORE-BUSAN,부산 센텀,2026-08-29T09:00:00+09:00,227,3,224,0,0,28,정상 범위,v2
FORM-42-DEN-F,STORE-SHANGHAI,상하이 IFC,2026-08-29T09:00:00+09:00,265,4,261,0,0,28,정상 범위,v2
FORM-42-DEN-F,DC-ONLINE,온라인 DC,2026-08-29T09:00:00+09:00,243,5,238,0,0,28,정상 범위,v2
COVE-14-BLK-F,ONLINE,온라인몰,2026-08-29T09:00:00+09:00,165,0,165,0,0,24,정상 범위,v2
COVE-14-BLK-F,STORE-SEONGSU,성수 플래그십,2026-08-29T09:00:00+09:00,203,1,202,0,0,24,정상 범위,v2
COVE-14-BLK-F,STORE-GANGNAM,강남점,2026-08-29T09:00:00+09:00,181,2,179,0,0,24,정상 범위,v2
COVE-14-BLK-F,STORE-HANNAM,한남점,2026-08-29T09:00:00+09:00,219,3,216,0,0,24,정상 범위,v2
COVE-14-BLK-F,STORE-BUSAN,부산 센텀,2026-08-29T09:00:00+09:00,257,4,253,0,0,24,정상 범위,v2
COVE-14-BLK-F,STORE-SHANGHAI,상하이 IFC,2026-08-29T09:00:00+09:00,235,5,230,0,0,24,정상 범위,v2
COVE-14-BLK-F,DC-ONLINE,온라인 DC,2026-08-29T09:00:00+09:00,273,6,267,0,0,24,정상 범위,v2
EDGE-28-GRY-F,ONLINE,온라인몰,2026-08-29T09:00:00+09:00,195,1,194,0,0,24,정상 범위,v2
EDGE-28-GRY-F,STORE-SEONGSU,성수 플래그십,2026-08-29T09:00:00+09:00,173,2,171,0,0,24,정상 범위,v2
EDGE-28-GRY-F,STORE-GANGNAM,강남점,2026-08-29T09:00:00+09:00,211,3,208,0,0,24,정상 범위,v2
EDGE-28-GRY-F,STORE-HANNAM,한남점,2026-08-29T09:00:00+09:00,249,4,245,0,0,24,정상 범위,v2
EDGE-28-GRY-F,STORE-BUSAN,부산 센텀,2026-08-29T09:00:00+09:00,227,5,222,0,0,24,정상 범위,v2
EDGE-28-GRY-F,STORE-SHANGHAI,상하이 IFC,2026-08-29T09:00:00+09:00,265,6,259,0,0,24,정상 범위,v2
EDGE-28-GRY-F,DC-ONLINE,온라인 DC,2026-08-29T09:00:00+09:00,296,0,296,0,0,24,정상 범위,v2
ARC-07-BLK-F,ONLINE,온라인몰,2026-08-30T09:00:00+09:00,33,5,28,0,0,35,정상 범위,v2
ARC-07-BLK-F,STORE-SEONGSU,성수 플래그십,2026-08-30T09:00:00+09:00,236,6,230,0,0,35,이동 가능 잉여,v2
ARC-07-BLK-F,STORE-GANGNAM,강남점,2026-08-30T09:00:00+09:00,24,0,24,0,0,35,판매 급증·품절 위험,v2
ARC-07-BLK-F,STORE-HANNAM,한남점,2026-08-30T09:00:00+09:00,109,1,108,0,0,35,정상 범위,v2
ARC-07-BLK-F,STORE-BUSAN,부산 센텀,2026-08-30T09:00:00+09:00,147,2,145,0,0,35,정상 범위,v2
ARC-07-BLK-F,STORE-SHANGHAI,상하이 IFC,2026-08-30T09:00:00+09:00,185,3,182,0,0,35,정상 범위,v2
ARC-07-BLK-F,DC-ONLINE,온라인 DC,2026-08-30T09:00:00+09:00,105,4,101,40,0,35,정상 범위,v2
FLOW-22-BLK-F,ONLINE,온라인몰,2026-08-30T09:00:00+09:00,42,6,36,0,0,38,정상 범위,v2
FLOW-22-BLK-F,STORE-SEONGSU,성수 플래그십,2026-08-30T09:00:00+09:00,124,0,124,0,0,38,정상 범위,v2
FLOW-22-BLK-F,STORE-GANGNAM,강남점,2026-08-30T09:00:00+09:00,102,1,101,0,0,38,정상 범위,v2
FLOW-22-BLK-F,STORE-HANNAM,한남점,2026-08-30T09:00:00+09:00,217,2,215,0,0,38,이동 가능 잉여,v2
FLOW-22-BLK-F,STORE-BUSAN,부산 센텀,2026-08-30T09:00:00+09:00,28,3,25,0,0,38,판매 급증·품절 위험,v2
FLOW-22-BLK-F,STORE-SHANGHAI,상하이 IFC,2026-08-30T09:00:00+09:00,156,4,152,0,0,38,정상 범위,v2
FLOW-22-BLK-F,DC-ONLINE,온라인 DC,2026-08-30T09:00:00+09:00,102,5,97,40,0,38,정상 범위,v2
EASE-19-CRM-F,ONLINE,온라인몰,2026-08-30T09:00:00+09:00,204,0,204,0,0,30,과잉재고·할인 최소화 검토,v2
EASE-19-CRM-F,STORE-SEONGSU,성수 플래그십,2026-08-30T09:00:00+09:00,180,1,179,0,0,30,과잉재고·할인 최소화 검토,v2
EASE-19-CRM-F,STORE-GANGNAM,강남점,2026-08-30T09:00:00+09:00,172,2,170,0,0,30,과잉재고·할인 최소화 검토,v2
EASE-19-CRM-F,STORE-HANNAM,한남점,2026-08-30T09:00:00+09:00,199,3,196,0,0,30,과잉재고·할인 최소화 검토,v2
EASE-19-CRM-F,STORE-BUSAN,부산 센텀,2026-08-30T09:00:00+09:00,168,4,164,0,0,30,과잉재고·할인 최소화 검토,v2
EASE-19-CRM-F,STORE-SHANGHAI,상하이 IFC,2026-08-30T09:00:00+09:00,153,5,148,0,0,30,과잉재고·할인 최소화 검토,v2
EASE-19-CRM-F,DC-ONLINE,온라인 DC,2026-08-30T09:00:00+09:00,264,6,258,0,0,30,과잉재고·할인 최소화 검토,v2
NOVA-11-NVY-F,ONLINE,온라인몰,2026-08-30T09:00:00+09:00,88,1,87,0,0,28,정상 범위,v2
NOVA-11-NVY-F,STORE-SEONGSU,성수 플래그십,2026-08-30T09:00:00+09:00,126,2,124,0,0,28,정상 범위,v2
NOVA-11-NVY-F,STORE-GANGNAM,강남점,2026-08-30T09:00:00+09:00,164,3,161,0,0,28,정상 범위,v2
NOVA-11-NVY-F,STORE-HANNAM,한남점,2026-08-30T09:00:00+09:00,142,4,138,0,0,28,정상 범위,v2
NOVA-11-NVY-F,STORE-BUSAN,부산 센텀,2026-08-30T09:00:00+09:00,180,5,175,0,0,28,정상 범위,v2
NOVA-11-NVY-F,STORE-SHANGHAI,상하이 IFC,2026-08-30T09:00:00+09:00,218,6,212,0,0,28,정상 범위,v2
NOVA-11-NVY-F,DC-ONLINE,온라인 DC,2026-08-30T09:00:00+09:00,189,0,189,0,0,28,정상 범위,v2
AIR-24-NVY-F,ONLINE,온라인몰,2026-08-30T09:00:00+09:00,22,2,20,0,0,32,전사 부족·재주문 필요,v2
AIR-24-NVY-F,STORE-SEONGSU,성수 플래그십,2026-08-30T09:00:00+09:00,32,3,29,0,0,32,전사 부족·재주문 필요,v2
AIR-24-NVY-F,STORE-GANGNAM,강남점,2026-08-30T09:00:00+09:00,23,4,19,0,0,32,전사 부족·재주문 필요,v2
AIR-24-NVY-F,STORE-HANNAM,한남점,2026-08-30T09:00:00+09:00,31,5,26,0,0,32,전사 부족·재주문 필요,v2
AIR-24-NVY-F,STORE-BUSAN,부산 센텀,2026-08-30T09:00:00+09:00,31,6,25,0,0,32,전사 부족·재주문 필요,v2
AIR-24-NVY-F,STORE-SHANGHAI,상하이 IFC,2026-08-30T09:00:00+09:00,25,0,25,0,0,32,전사 부족·재주문 필요,v2
AIR-24-NVY-F,DC-ONLINE,온라인 DC,2026-08-30T09:00:00+09:00,41,1,40,0,0,32,전사 부족·재주문 필요,v2
WAVE-31-WHT-F,ONLINE,온라인몰,2026-08-30T09:00:00+09:00,146,3,143,0,0,28,정상 범위,v2
WAVE-31-WHT-F,STORE-SEONGSU,성수 플래그십,2026-08-30T09:00:00+09:00,124,4,120,0,0,28,정상 범위,v2
WAVE-31-WHT-F,STORE-GANGNAM,강남점,2026-08-30T09:00:00+09:00,162,5,157,0,0,28,정상 범위,v2
WAVE-31-WHT-F,STORE-HANNAM,한남점,2026-08-30T09:00:00+09:00,200,6,194,0,0,28,정상 범위,v2
WAVE-31-WHT-F,STORE-BUSAN,부산 센텀,2026-08-30T09:00:00+09:00,171,0,171,0,2,28,정상 범위,v2
WAVE-31-WHT-F,STORE-SHANGHAI,상하이 IFC,2026-08-30T09:00:00+09:00,209,1,208,0,0,28,정상 범위,v2
WAVE-31-WHT-F,DC-ONLINE,온라인 DC,2026-08-30T09:00:00+09:00,247,2,245,0,0,28,정상 범위,v2
MOSS-18-BLK-F,ONLINE,온라인몰,2026-08-30T09:00:00+09:00,225,4,221,0,0,26,과잉재고·할인 최소화 검토,v2
MOSS-18-BLK-F,STORE-SEONGSU,성수 플래그십,2026-08-30T09:00:00+09:00,206,5,201,0,2,26,과잉재고·할인 최소화 검토,v2
MOSS-18-BLK-F,STORE-GANGNAM,강남점,2026-08-30T09:00:00+09:00,197,6,191,0,0,26,과잉재고·할인 최소화 검토,v2
MOSS-18-BLK-F,STORE-HANNAM,한남점,2026-08-30T09:00:00+09:00,211,0,211,0,0,26,과잉재고·할인 최소화 검토,v2
MOSS-18-BLK-F,STORE-BUSAN,부산 센텀,2026-08-30T09:00:00+09:00,181,1,180,0,0,26,과잉재고·할인 최소화 검토,v2
MOSS-18-BLK-F,STORE-SHANGHAI,상하이 IFC,2026-08-30T09:00:00+09:00,172,2,170,0,0,26,과잉재고·할인 최소화 검토,v2
MOSS-18-BLK-F,DC-ONLINE,온라인 DC,2026-08-30T09:00:00+09:00,282,3,279,0,0,26,과잉재고·할인 최소화 검토,v2
LUME-09-BEG-F,ONLINE,온라인몰,2026-08-30T09:00:00+09:00,145,5,140,0,0,25,정상 범위,v2
LUME-09-BEG-F,STORE-SEONGSU,성수 플래그십,2026-08-30T09:00:00+09:00,183,6,177,0,0,25,정상 범위,v2
LUME-09-BEG-F,STORE-GANGNAM,강남점,2026-08-30T09:00:00+09:00,154,0,154,0,0,25,정상 범위,v2
LUME-09-BEG-F,STORE-HANNAM,한남점,2026-08-30T09:00:00+09:00,192,1,191,0,0,25,정상 범위,v2
LUME-09-BEG-F,STORE-BUSAN,부산 센텀,2026-08-30T09:00:00+09:00,230,2,228,0,0,25,정상 범위,v2
LUME-09-BEG-F,STORE-SHANGHAI,상하이 IFC,2026-08-30T09:00:00+09:00,208,3,205,0,0,25,정상 범위,v2
LUME-09-BEG-F,DC-ONLINE,온라인 DC,2026-08-30T09:00:00+09:00,246,4,242,0,0,25,정상 범위,v2
CORE-55-WHT-F,ONLINE,온라인몰,2026-08-30T09:00:00+09:00,166,6,160,0,0,45,정상 범위,v2
CORE-55-WHT-F,STORE-SEONGSU,성수 플래그십,2026-08-30T09:00:00+09:00,137,0,137,0,0,45,정상 범위,v2
CORE-55-WHT-F,STORE-GANGNAM,강남점,2026-08-30T09:00:00+09:00,175,1,174,0,0,45,정상 범위,v2
CORE-55-WHT-F,STORE-HANNAM,한남점,2026-08-30T09:00:00+09:00,213,2,211,0,0,45,정상 범위,v2
CORE-55-WHT-F,STORE-BUSAN,부산 센텀,2026-08-30T09:00:00+09:00,191,3,188,0,0,45,정상 범위,v2
CORE-55-WHT-F,STORE-SHANGHAI,상하이 IFC,2026-08-30T09:00:00+09:00,229,4,225,0,0,45,정상 범위,v2
CORE-55-WHT-F,DC-ONLINE,온라인 DC,2026-08-30T09:00:00+09:00,267,5,262,0,0,45,정상 범위,v2
FORM-42-DEN-F,ONLINE,온라인몰,2026-08-30T09:00:00+09:00,136,0,136,0,0,28,정상 범위,v2
FORM-42-DEN-F,STORE-SEONGSU,성수 플래그십,2026-08-30T09:00:00+09:00,174,1,173,0,0,28,정상 범위,v2
FORM-42-DEN-F,STORE-GANGNAM,강남점,2026-08-30T09:00:00+09:00,212,2,210,0,0,28,정상 범위,v2
FORM-42-DEN-F,STORE-HANNAM,한남점,2026-08-30T09:00:00+09:00,190,3,187,0,0,28,정상 범위,v2
FORM-42-DEN-F,STORE-BUSAN,부산 센텀,2026-08-30T09:00:00+09:00,228,4,224,0,0,28,정상 범위,v2
FORM-42-DEN-F,STORE-SHANGHAI,상하이 IFC,2026-08-30T09:00:00+09:00,266,5,261,0,0,28,정상 범위,v2
FORM-42-DEN-F,DC-ONLINE,온라인 DC,2026-08-30T09:00:00+09:00,244,6,238,0,0,28,정상 범위,v2
COVE-14-BLK-F,ONLINE,온라인몰,2026-08-30T09:00:00+09:00,165,1,164,0,0,24,정상 범위,v2
COVE-14-BLK-F,STORE-SEONGSU,성수 플래그십,2026-08-30T09:00:00+09:00,203,2,201,0,0,24,정상 범위,v2
COVE-14-BLK-F,STORE-GANGNAM,강남점,2026-08-30T09:00:00+09:00,181,3,178,0,0,24,정상 범위,v2
COVE-14-BLK-F,STORE-HANNAM,한남점,2026-08-30T09:00:00+09:00,219,4,215,0,0,24,정상 범위,v2
COVE-14-BLK-F,STORE-BUSAN,부산 센텀,2026-08-30T09:00:00+09:00,257,5,252,0,0,24,정상 범위,v2
COVE-14-BLK-F,STORE-SHANGHAI,상하이 IFC,2026-08-30T09:00:00+09:00,235,6,229,0,0,24,정상 범위,v2
COVE-14-BLK-F,DC-ONLINE,온라인 DC,2026-08-30T09:00:00+09:00,266,0,266,0,0,24,정상 범위,v2
EDGE-28-GRY-F,ONLINE,온라인몰,2026-08-30T09:00:00+09:00,195,2,193,0,0,24,정상 범위,v2
EDGE-28-GRY-F,STORE-SEONGSU,성수 플래그십,2026-08-30T09:00:00+09:00,173,3,170,0,0,24,정상 범위,v2
EDGE-28-GRY-F,STORE-GANGNAM,강남점,2026-08-30T09:00:00+09:00,211,4,207,0,0,24,정상 범위,v2
EDGE-28-GRY-F,STORE-HANNAM,한남점,2026-08-30T09:00:00+09:00,249,5,244,0,0,24,정상 범위,v2
EDGE-28-GRY-F,STORE-BUSAN,부산 센텀,2026-08-30T09:00:00+09:00,227,6,221,0,0,24,정상 범위,v2
EDGE-28-GRY-F,STORE-SHANGHAI,상하이 IFC,2026-08-30T09:00:00+09:00,258,0,258,0,0,24,정상 범위,v2
EDGE-28-GRY-F,DC-ONLINE,온라인 DC,2026-08-30T09:00:00+09:00,296,1,295,0,0,24,정상 범위,v2
ARC-07-BLK-F,ONLINE,온라인몰,2026-08-31T09:00:00+09:00,30,6,24,0,0,35,정상 범위,v2
ARC-07-BLK-F,STORE-SEONGSU,성수 플래그십,2026-08-31T09:00:00+09:00,240,0,240,0,0,35,이동 가능 잉여,v2
ARC-07-BLK-F,STORE-GANGNAM,강남점,2026-08-31T09:00:00+09:00,15,1,14,0,0,35,판매 급증·품절 위험,v2
ARC-07-BLK-F,STORE-HANNAM,한남점,2026-08-31T09:00:00+09:00,109,2,107,0,0,35,정상 범위,v2
ARC-07-BLK-F,STORE-BUSAN,부산 센텀,2026-08-31T09:00:00+09:00,147,3,144,0,0,35,정상 범위,v2
ARC-07-BLK-F,STORE-SHANGHAI,상하이 IFC,2026-08-31T09:00:00+09:00,185,4,181,0,0,35,정상 범위,v2
ARC-07-BLK-F,DC-ONLINE,온라인 DC,2026-08-31T09:00:00+09:00,100,5,95,40,0,35,정상 범위,v2
FLOW-22-BLK-F,ONLINE,온라인몰,2026-08-31T09:00:00+09:00,31,0,31,0,0,38,정상 범위,v2
FLOW-22-BLK-F,STORE-SEONGSU,성수 플래그십,2026-08-31T09:00:00+09:00,124,1,123,0,0,38,정상 범위,v2
FLOW-22-BLK-F,STORE-GANGNAM,강남점,2026-08-31T09:00:00+09:00,102,2,100,0,0,38,정상 범위,v2
FLOW-22-BLK-F,STORE-HANNAM,한남점,2026-08-31T09:00:00+09:00,223,3,220,0,0,38,이동 가능 잉여,v2
FLOW-22-BLK-F,STORE-BUSAN,부산 센텀,2026-08-31T09:00:00+09:00,16,4,12,0,0,38,판매 급증·품절 위험,v2
FLOW-22-BLK-F,STORE-SHANGHAI,상하이 IFC,2026-08-31T09:00:00+09:00,156,5,151,0,0,38,정상 범위,v2
FLOW-22-BLK-F,DC-ONLINE,온라인 DC,2026-08-31T09:00:00+09:00,94,6,88,40,0,38,정상 범위,v2
EASE-19-CRM-F,ONLINE,온라인몰,2026-08-31T09:00:00+09:00,211,1,210,0,0,30,과잉재고·할인 최소화 검토,v2
EASE-19-CRM-F,STORE-SEONGSU,성수 플래그십,2026-08-31T09:00:00+09:00,187,2,185,0,0,30,과잉재고·할인 최소화 검토,v2
EASE-19-CRM-F,STORE-GANGNAM,강남점,2026-08-31T09:00:00+09:00,175,3,172,0,0,30,과잉재고·할인 최소화 검토,v2
EASE-19-CRM-F,STORE-HANNAM,한남점,2026-08-31T09:00:00+09:00,202,4,198,0,0,30,과잉재고·할인 최소화 검토,v2
EASE-19-CRM-F,STORE-BUSAN,부산 센텀,2026-08-31T09:00:00+09:00,170,5,165,0,0,30,과잉재고·할인 최소화 검토,v2
EASE-19-CRM-F,STORE-SHANGHAI,상하이 IFC,2026-08-31T09:00:00+09:00,150,6,144,0,0,30,과잉재고·할인 최소화 검토,v2
EASE-19-CRM-F,DC-ONLINE,온라인 DC,2026-08-31T09:00:00+09:00,260,0,260,0,0,30,과잉재고·할인 최소화 검토,v2
NOVA-11-NVY-F,ONLINE,온라인몰,2026-08-31T09:00:00+09:00,88,2,86,0,0,28,정상 범위,v2
NOVA-11-NVY-F,STORE-SEONGSU,성수 플래그십,2026-08-31T09:00:00+09:00,126,3,123,0,0,28,정상 범위,v2
NOVA-11-NVY-F,STORE-GANGNAM,강남점,2026-08-31T09:00:00+09:00,164,4,160,0,0,28,정상 범위,v2
NOVA-11-NVY-F,STORE-HANNAM,한남점,2026-08-31T09:00:00+09:00,142,5,137,0,0,28,정상 범위,v2
NOVA-11-NVY-F,STORE-BUSAN,부산 센텀,2026-08-31T09:00:00+09:00,180,6,174,0,0,28,정상 범위,v2
NOVA-11-NVY-F,STORE-SHANGHAI,상하이 IFC,2026-08-31T09:00:00+09:00,211,0,211,0,0,28,정상 범위,v2
NOVA-11-NVY-F,DC-ONLINE,온라인 DC,2026-08-31T09:00:00+09:00,189,1,188,0,0,28,정상 범위,v2
AIR-24-NVY-F,ONLINE,온라인몰,2026-08-31T09:00:00+09:00,14,3,11,0,0,32,전사 부족·재주문 필요,v2
AIR-24-NVY-F,STORE-SEONGSU,성수 플래그십,2026-08-31T09:00:00+09:00,22,4,18,0,0,32,전사 부족·재주문 필요,v2
AIR-24-NVY-F,STORE-GANGNAM,강남점,2026-08-31T09:00:00+09:00,14,5,9,0,0,32,전사 부족·재주문 필요,v2
AIR-24-NVY-F,STORE-HANNAM,한남점,2026-08-31T09:00:00+09:00,20,6,14,0,0,32,전사 부족·재주문 필요,v2
AIR-24-NVY-F,STORE-BUSAN,부산 센텀,2026-08-31T09:00:00+09:00,10,0,10,0,0,32,전사 부족·재주문 필요,v2
AIR-24-NVY-F,STORE-SHANGHAI,상하이 IFC,2026-08-31T09:00:00+09:00,13,1,12,0,0,32,전사 부족·재주문 필요,v2
AIR-24-NVY-F,DC-ONLINE,온라인 DC,2026-08-31T09:00:00+09:00,27,2,25,0,2,32,전사 부족·재주문 필요,v2
WAVE-31-WHT-F,ONLINE,온라인몰,2026-08-31T09:00:00+09:00,146,4,142,0,0,28,정상 범위,v2
WAVE-31-WHT-F,STORE-SEONGSU,성수 플래그십,2026-08-31T09:00:00+09:00,124,5,119,0,0,28,정상 범위,v2
WAVE-31-WHT-F,STORE-GANGNAM,강남점,2026-08-31T09:00:00+09:00,162,6,156,0,0,28,정상 범위,v2
WAVE-31-WHT-F,STORE-HANNAM,한남점,2026-08-31T09:00:00+09:00,193,0,193,0,2,28,정상 범위,v2
WAVE-31-WHT-F,STORE-BUSAN,부산 센텀,2026-08-31T09:00:00+09:00,171,1,170,0,0,28,정상 범위,v2
WAVE-31-WHT-F,STORE-SHANGHAI,상하이 IFC,2026-08-31T09:00:00+09:00,209,2,207,0,0,28,정상 범위,v2
WAVE-31-WHT-F,DC-ONLINE,온라인 DC,2026-08-31T09:00:00+09:00,247,3,244,0,0,28,정상 범위,v2
MOSS-18-BLK-F,ONLINE,온라인몰,2026-08-31T09:00:00+09:00,235,5,230,0,2,26,과잉재고·할인 최소화 검토,v2
MOSS-18-BLK-F,STORE-SEONGSU,성수 플래그십,2026-08-31T09:00:00+09:00,211,6,205,0,0,26,과잉재고·할인 최소화 검토,v2
MOSS-18-BLK-F,STORE-GANGNAM,강남점,2026-08-31T09:00:00+09:00,191,0,191,0,0,26,과잉재고·할인 최소화 검토,v2
MOSS-18-BLK-F,STORE-HANNAM,한남점,2026-08-31T09:00:00+09:00,216,1,215,0,0,26,과잉재고·할인 최소화 검토,v2
MOSS-18-BLK-F,STORE-BUSAN,부산 센텀,2026-08-31T09:00:00+09:00,180,2,178,0,0,26,과잉재고·할인 최소화 검토,v2
MOSS-18-BLK-F,STORE-SHANGHAI,상하이 IFC,2026-08-31T09:00:00+09:00,167,3,164,0,0,26,과잉재고·할인 최소화 검토,v2
MOSS-18-BLK-F,DC-ONLINE,온라인 DC,2026-08-31T09:00:00+09:00,288,4,284,0,0,26,과잉재고·할인 최소화 검토,v2
LUME-09-BEG-F,ONLINE,온라인몰,2026-08-31T09:00:00+09:00,145,6,139,0,0,25,정상 범위,v2
LUME-09-BEG-F,STORE-SEONGSU,성수 플래그십,2026-08-31T09:00:00+09:00,176,0,176,0,0,25,정상 범위,v2
LUME-09-BEG-F,STORE-GANGNAM,강남점,2026-08-31T09:00:00+09:00,154,1,153,0,0,25,정상 범위,v2
LUME-09-BEG-F,STORE-HANNAM,한남점,2026-08-31T09:00:00+09:00,192,2,190,0,0,25,정상 범위,v2
LUME-09-BEG-F,STORE-BUSAN,부산 센텀,2026-08-31T09:00:00+09:00,230,3,227,0,0,25,정상 범위,v2
LUME-09-BEG-F,STORE-SHANGHAI,상하이 IFC,2026-08-31T09:00:00+09:00,208,4,204,0,0,25,정상 범위,v2
LUME-09-BEG-F,DC-ONLINE,온라인 DC,2026-08-31T09:00:00+09:00,246,5,241,0,0,25,정상 범위,v2
CORE-55-WHT-F,ONLINE,온라인몰,2026-08-31T09:00:00+09:00,159,0,159,0,0,45,정상 범위,v2
CORE-55-WHT-F,STORE-SEONGSU,성수 플래그십,2026-08-31T09:00:00+09:00,137,1,136,0,0,45,정상 범위,v2
CORE-55-WHT-F,STORE-GANGNAM,강남점,2026-08-31T09:00:00+09:00,175,2,173,0,0,45,정상 범위,v2
CORE-55-WHT-F,STORE-HANNAM,한남점,2026-08-31T09:00:00+09:00,213,3,210,0,0,45,정상 범위,v2
CORE-55-WHT-F,STORE-BUSAN,부산 센텀,2026-08-31T09:00:00+09:00,191,4,187,0,0,45,정상 범위,v2
CORE-55-WHT-F,STORE-SHANGHAI,상하이 IFC,2026-08-31T09:00:00+09:00,229,5,224,0,0,45,정상 범위,v2
CORE-55-WHT-F,DC-ONLINE,온라인 DC,2026-08-31T09:00:00+09:00,267,6,261,0,0,45,정상 범위,v2
FORM-42-DEN-F,ONLINE,온라인몰,2026-08-31T09:00:00+09:00,136,1,135,0,0,28,정상 범위,v2
FORM-42-DEN-F,STORE-SEONGSU,성수 플래그십,2026-08-31T09:00:00+09:00,174,2,172,0,0,28,정상 범위,v2
FORM-42-DEN-F,STORE-GANGNAM,강남점,2026-08-31T09:00:00+09:00,212,3,209,0,0,28,정상 범위,v2
FORM-42-DEN-F,STORE-HANNAM,한남점,2026-08-31T09:00:00+09:00,190,4,186,0,0,28,정상 범위,v2
FORM-42-DEN-F,STORE-BUSAN,부산 센텀,2026-08-31T09:00:00+09:00,228,5,223,0,0,28,정상 범위,v2
FORM-42-DEN-F,STORE-SHANGHAI,상하이 IFC,2026-08-31T09:00:00+09:00,266,6,260,0,0,28,정상 범위,v2
FORM-42-DEN-F,DC-ONLINE,온라인 DC,2026-08-31T09:00:00+09:00,237,0,237,0,0,28,정상 범위,v2
COVE-14-BLK-F,ONLINE,온라인몰,2026-08-31T09:00:00+09:00,166,2,164,0,0,24,정상 범위,v2
COVE-14-BLK-F,STORE-SEONGSU,성수 플래그십,2026-08-31T09:00:00+09:00,204,3,201,0,0,24,정상 범위,v2
COVE-14-BLK-F,STORE-GANGNAM,강남점,2026-08-31T09:00:00+09:00,182,4,178,0,0,24,정상 범위,v2
COVE-14-BLK-F,STORE-HANNAM,한남점,2026-08-31T09:00:00+09:00,220,5,215,0,0,24,정상 범위,v2
COVE-14-BLK-F,STORE-BUSAN,부산 센텀,2026-08-31T09:00:00+09:00,258,6,252,0,0,24,정상 범위,v2
COVE-14-BLK-F,STORE-SHANGHAI,상하이 IFC,2026-08-31T09:00:00+09:00,229,0,229,0,0,24,정상 범위,v2
COVE-14-BLK-F,DC-ONLINE,온라인 DC,2026-08-31T09:00:00+09:00,267,1,266,0,0,24,정상 범위,v2
EDGE-28-GRY-F,ONLINE,온라인몰,2026-08-31T09:00:00+09:00,196,3,193,0,0,24,정상 범위,v2
EDGE-28-GRY-F,STORE-SEONGSU,성수 플래그십,2026-08-31T09:00:00+09:00,174,4,170,0,0,24,정상 범위,v2
EDGE-28-GRY-F,STORE-GANGNAM,강남점,2026-08-31T09:00:00+09:00,212,5,207,0,0,24,정상 범위,v2
EDGE-28-GRY-F,STORE-HANNAM,한남점,2026-08-31T09:00:00+09:00,250,6,244,0,0,24,정상 범위,v2
EDGE-28-GRY-F,STORE-BUSAN,부산 센텀,2026-08-31T09:00:00+09:00,221,0,221,0,0,24,정상 범위,v2
EDGE-28-GRY-F,STORE-SHANGHAI,상하이 IFC,2026-08-31T09:00:00+09:00,259,1,258,0,0,24,정상 범위,v2
EDGE-28-GRY-F,DC-ONLINE,온라인 DC,2026-08-31T09:00:00+09:00,297,2,295,0,0,24,정상 범위,v2
