sold_at,channel_code,sku_code,quantity,net_sales,unit_cost,channel_fee,marketing_cost,shipping_cost,return_cost,returned_quantity,location_code,location_name,product_name,category,order_id,line_id,country_code,currency_code,customer_token,shipping_region_1,shipping_region_2,order_status,scenario_note,data_pack_version
2026-08-18T10:00:00+09:00,자사몰,ARC-07-BLK-F,4,0,82000,0,0,0,0,0,ONLINE,온라인몰,Utility Jacket,OUTER,EVENT14-20260818-00-00,1,KR,KRW,CUST-0001,서울,성동구,cancelled,정상 범위,v2
2026-08-18T11:13:00+09:00,무신사,ARC-07-BLK-F,5,1140800,82000,136896,51336,3500,0,0,ONLINE,온라인몰,Utility Jacket,OUTER,EVENT14-20260818-00-01,1,KR,KRW,CUST-0012,서울,강남구,paid,정상 범위,v2
2026-08-18T12:26:00+09:00,29CM,ARC-07-BLK-F,3,699360,82000,97910,27974,3500,0,0,ONLINE,온라인몰,Utility Jacket,OUTER,EVENT14-20260818-00-02,1,KR,KRW,CUST-0023,서울,마포구,paid,정상 범위,v2
2026-08-18T13:39:00+09:00,네이버,ARC-07-BLK-F,4,962240,82000,76979,24056,3500,0,0,ONLINE,온라인몰,Utility Jacket,OUTER,EVENT14-20260818-00-03,1,KR,KRW,CUST-0034,경기,성남시,paid,정상 범위,v2
2026-08-18T14:52:00+09:00,W컨셉,ARC-07-BLK-F,3,654720,82000,98208,22915,3500,0,0,ONLINE,온라인몰,Utility Jacket,OUTER,EVENT14-20260818-00-04,1,KR,KRW,CUST-0045,경기,수원시,paid,정상 범위,v2
2026-08-18T15:05:00+09:00,매장 POS,ARC-07-BLK-F,3,721680,82000,14434,7217,0,0,0,STORE-SEONGSU,성수 플래그십,Utility Jacket,OUTER,EVENT14-20260818-00-05,1,KR,KRW,CUST-0056,서울,성동구,paid,정상 범위,v2
2026-08-18T11:11:00+09:00,자사몰,FLOW-22-BLK-F,5,766300,51000,30652,26821,3500,0,0,ONLINE,온라인몰,Drape Pants,BOTTOM,EVENT14-20260818-01-00,1,KR,KRW,CUST-0038,서울,강남구,paid,정상 범위,v2
2026-08-18T12:24:00+09:00,무신사,FLOW-22-BLK-F,4,581440,51000,69773,26165,3500,0,0,ONLINE,온라인몰,Drape Pants,BOTTOM,EVENT14-20260818-01-01,1,KR,KRW,CUST-0049,서울,마포구,paid,정상 범위,v2
2026-08-18T13:37:00+09:00,29CM,FLOW-22-BLK-F,4,594080,51000,83171,23763,3500,0,0,ONLINE,온라인몰,Drape Pants,BOTTOM,EVENT14-20260818-01-02,1,KR,KRW,CUST-0060,경기,성남시,paid,정상 범위,v2
2026-08-18T14:50:00+09:00,네이버,FLOW-22-BLK-F,4,613040,51000,49043,15326,3500,0,0,ONLINE,온라인몰,Drape Pants,BOTTOM,EVENT14-20260818-01-03,1,KR,KRW,CUST-0071,경기,수원시,paid,정상 범위,v2
2026-08-18T15:03:00+09:00,W컨셉,FLOW-22-BLK-F,2,278080,51000,41712,9733,3500,0,0,ONLINE,온라인몰,Drape Pants,BOTTOM,EVENT14-20260818-01-04,1,KR,KRW,CUST-0082,부산,해운대구,paid,정상 범위,v2
2026-08-18T16:16:00+09:00,매장 POS,FLOW-22-BLK-F,3,459780,51000,9196,4598,0,0,0,STORE-GANGNAM,강남점,Drape Pants,BOTTOM,EVENT14-20260818-01-05,1,KR,KRW,CUST-0093,서울,강남구,paid,정상 범위,v2
2026-08-18T12:22:00+09:00,자사몰,EASE-19-CRM-F,3,290280,36000,11611,10160,3500,0,0,ONLINE,온라인몰,Layer Top,TOP,EVENT14-20260818-02-00,1,KR,KRW,CUST-0075,서울,마포구,paid,EASE-19 판매 둔화·반품 증가,v2
2026-08-18T13:35:00+09:00,무신사,EASE-19-CRM-F,2,193520,36000,23222,8708,3500,0,0,ONLINE,온라인몰,Layer Top,TOP,EVENT14-20260818-02-01,1,KR,KRW,CUST-0086,경기,성남시,paid,EASE-19 판매 둔화·반품 증가,v2
2026-08-18T14:48:00+09:00,29CM,EASE-19-CRM-F,2,193520,36000,27093,7741,3500,0,0,ONLINE,온라인몰,Layer Top,TOP,EVENT14-20260818-02-02,1,KR,KRW,CUST-0097,경기,수원시,paid,EASE-19 판매 둔화·반품 증가,v2
2026-08-18T15:01:00+09:00,네이버,EASE-19-CRM-F,2,193520,36000,15482,4838,3500,0,0,ONLINE,온라인몰,Layer Top,TOP,EVENT14-20260818-02-03,1,KR,KRW,CUST-0108,부산,해운대구,paid,EASE-19 판매 둔화·반품 증가,v2
2026-08-18T16:14:00+09:00,W컨셉,EASE-19-CRM-F,2,193520,36000,29028,6773,3500,0,0,ONLINE,온라인몰,Layer Top,TOP,EVENT14-20260818-02-04,1,KR,KRW,CUST-0119,인천,연수구,paid,EASE-19 판매 둔화·반품 증가,v2
2026-08-18T17:27:00+09:00,매장 POS,EASE-19-CRM-F,2,0,36000,0,0,0,0,0,STORE-HANNAM,한남점,Layer Top,TOP,EVENT14-20260818-02-05,1,KR,KRW,CUST-0130,서울,용산구,cancelled,EASE-19 판매 둔화·반품 증가,v2
2026-08-18T13:33:00+09:00,자사몰,NOVA-11-NVY-F,3,634380,72000,25375,22203,3500,0,0,ONLINE,온라인몰,Volume Dress,DRESS,EVENT14-20260818-03-00,1,KR,KRW,CUST-0112,경기,성남시,paid,정상 범위,v2
2026-08-18T14:46:00+09:00,무신사,NOVA-11-NVY-F,4,802240,72000,96269,36101,3500,0,0,ONLINE,온라인몰,Volume Dress,DRESS,EVENT14-20260818-03-01,1,KR,KRW,CUST-0123,경기,수원시,paid,정상 범위,v2
2026-08-18T15:59:00+09:00,29CM,NOVA-11-NVY-F,2,409840,72000,57378,16394,3500,0,0,ONLINE,온라인몰,Volume Dress,DRESS,EVENT14-20260818-03-02,1,KR,KRW,CUST-0134,부산,해운대구,paid,정상 범위,v2
2026-08-18T16:12:00+09:00,네이버,NOVA-11-NVY-F,2,422920,72000,33834,10573,3500,0,0,ONLINE,온라인몰,Volume Dress,DRESS,EVENT14-20260818-03-03,1,KR,KRW,CUST-0145,인천,연수구,paid,정상 범위,v2
2026-08-18T17:25:00+09:00,W컨셉,NOVA-11-NVY-F,2,383680,72000,57552,13429,3500,0,0,ONLINE,온라인몰,Volume Dress,DRESS,EVENT14-20260818-03-04,1,KR,KRW,CUST-0156,대구,수성구,paid,정상 범위,v2
2026-08-18T18:38:00+09:00,매장 POS,NOVA-11-NVY-F,2,422920,72000,8458,4229,0,0,0,STORE-BUSAN,부산 센텀,Volume Dress,DRESS,EVENT14-20260818-03-05,1,KR,KRW,CUST-0167,부산,해운대구,paid,정상 범위,v2
2026-08-18T14:44:00+09:00,자사몰,AIR-24-NVY-F,3,576180,68000,23047,20166,3500,0,0,ONLINE,온라인몰,Airy Volume Dress,DRESS,EVENT14-20260818-04-00,1,KR,KRW,CUST-0149,경기,수원시,paid,정상 범위,v2
2026-08-18T15:57:00+09:00,무신사,AIR-24-NVY-F,5,910800,68000,109296,40986,3500,0,0,ONLINE,온라인몰,Airy Volume Dress,DRESS,EVENT14-20260818-04-01,1,KR,KRW,CUST-0160,부산,해운대구,paid,정상 범위,v2
2026-08-18T16:10:00+09:00,29CM,AIR-24-NVY-F,3,558360,68000,78170,22334,3500,0,0,ONLINE,온라인몰,Airy Volume Dress,DRESS,EVENT14-20260818-04-02,1,KR,KRW,CUST-0171,인천,연수구,paid,정상 범위,v2
2026-08-18T17:23:00+09:00,네이버,AIR-24-NVY-F,4,768240,68000,61459,19206,3500,0,0,ONLINE,온라인몰,Airy Volume Dress,DRESS,EVENT14-20260818-04-03,1,KR,KRW,CUST-0182,대구,수성구,paid,정상 범위,v2
2026-08-18T18:36:00+09:00,W컨셉,AIR-24-NVY-F,3,522720,68000,78408,18295,3500,0,0,ONLINE,온라인몰,Airy Volume Dress,DRESS,EVENT14-20260818-04-04,1,KR,KRW,CUST-0193,서울,성동구,paid,정상 범위,v2
2026-08-18T19:49:00+09:00,매장 POS,AIR-24-NVY-F,3,576180,68000,11524,5762,0,6500,1,STORE-SHANGHAI,상하이 IFC,Airy Volume Dress,DRESS,EVENT14-20260818-04-05,1,CN,KRW,CUST-0204,上海,浦东新区,paid,정상 범위,v2
2026-08-18T15:55:00+09:00,자사몰,WAVE-31-WHT-F,4,574240,44000,22970,20098,3500,0,0,ONLINE,온라인몰,Sheer Shirt,TOP,EVENT14-20260818-05-00,1,KR,KRW,CUST-0186,부산,해운대구,paid,정상 범위,v2
2026-08-18T16:08:00+09:00,무신사,WAVE-31-WHT-F,3,408480,44000,49018,18382,3500,0,0,ONLINE,온라인몰,Sheer Shirt,TOP,EVENT14-20260818-05-01,1,KR,KRW,CUST-0197,인천,연수구,paid,정상 범위,v2
2026-08-18T17:21:00+09:00,29CM,WAVE-31-WHT-F,2,278240,44000,38954,11130,3500,0,0,ONLINE,온라인몰,Sheer Shirt,TOP,EVENT14-20260818-05-02,1,KR,KRW,CUST-0208,대구,수성구,paid,정상 범위,v2
2026-08-18T18:34:00+09:00,네이버,WAVE-31-WHT-F,3,430680,44000,34454,10767,3500,0,0,ONLINE,온라인몰,Sheer Shirt,TOP,EVENT14-20260818-05-03,1,KR,KRW,CUST-0219,서울,성동구,paid,정상 범위,v2
2026-08-18T19:47:00+09:00,W컨셉,WAVE-31-WHT-F,2,260480,44000,39072,9117,3500,0,0,ONLINE,온라인몰,Sheer Shirt,TOP,EVENT14-20260818-05-04,1,KR,KRW,CUST-0230,서울,강남구,paid,정상 범위,v2
2026-08-18T20:00:00+09:00,매장 POS,WAVE-31-WHT-F,2,287120,44000,5742,2871,0,0,0,STORE-SEONGSU,성수 플래그십,Sheer Shirt,TOP,EVENT14-20260818-05-05,1,KR,KRW,CUST-0241,서울,성동구,paid,정상 범위,v2
2026-08-18T16:06:00+09:00,자사몰,MOSS-18-BLK-F,1,104880,42000,4195,3671,3500,0,0,ONLINE,온라인몰,Volume Bermuda,BOTTOM,EVENT14-20260818-06-00,1,KR,KRW,CUST-0223,인천,연수구,paid,MOSS-18 과잉재고·판매 둔화,v2
2026-08-18T17:19:00+09:00,무신사,MOSS-18-BLK-F,1,104880,42000,12586,4720,3500,0,0,ONLINE,온라인몰,Volume Bermuda,BOTTOM,EVENT14-20260818-06-01,1,KR,KRW,CUST-0234,대구,수성구,paid,MOSS-18 과잉재고·판매 둔화,v2
2026-08-18T18:32:00+09:00,29CM,MOSS-18-BLK-F,1,104880,42000,14683,4195,3500,0,0,ONLINE,온라인몰,Volume Bermuda,BOTTOM,EVENT14-20260818-06-02,1,KR,KRW,CUST-0245,서울,성동구,paid,MOSS-18 과잉재고·판매 둔화,v2
2026-08-18T19:45:00+09:00,네이버,MOSS-18-BLK-F,1,104880,42000,8390,2622,3500,0,0,ONLINE,온라인몰,Volume Bermuda,BOTTOM,EVENT14-20260818-06-03,1,KR,KRW,CUST-0256,서울,강남구,paid,MOSS-18 과잉재고·판매 둔화,v2
2026-08-18T20:58:00+09:00,W컨셉,MOSS-18-BLK-F,1,104880,42000,15732,3671,3500,0,0,ONLINE,온라인몰,Volume Bermuda,BOTTOM,EVENT14-20260818-06-04,1,KR,KRW,CUST-0267,서울,마포구,paid,MOSS-18 과잉재고·판매 둔화,v2
2026-08-18T10:11:00+09:00,매장 POS,MOSS-18-BLK-F,1,104880,42000,2098,1049,0,0,0,STORE-GANGNAM,강남점,Volume Bermuda,BOTTOM,EVENT14-20260818-06-05,1,KR,KRW,CUST-0278,서울,강남구,paid,MOSS-18 과잉재고·판매 둔화,v2
2026-08-18T17:17:00+09:00,자사몰,LUME-09-BEG-F,3,517980,59000,20719,18129,3500,0,0,ONLINE,온라인몰,Knit Cardigan,KNIT,EVENT14-20260818-07-00,1,KR,KRW,CUST-0260,대구,수성구,paid,정상 범위,v2
2026-08-18T18:30:00+09:00,무신사,LUME-09-BEG-F,2,327520,59000,39302,14738,3500,0,0,ONLINE,온라인몰,Knit Cardigan,KNIT,EVENT14-20260818-07-01,1,KR,KRW,CUST-0271,서울,성동구,paid,정상 범위,v2
2026-08-18T19:43:00+09:00,29CM,LUME-09-BEG-F,2,334640,59000,46850,13386,3500,0,0,ONLINE,온라인몰,Knit Cardigan,KNIT,EVENT14-20260818-07-02,1,KR,KRW,CUST-0282,서울,강남구,paid,정상 범위,v2
2026-08-18T20:56:00+09:00,네이버,LUME-09-BEG-F,2,345320,59000,27626,8633,3500,0,0,ONLINE,온라인몰,Knit Cardigan,KNIT,EVENT14-20260818-07-03,1,KR,KRW,CUST-0293,서울,마포구,paid,정상 범위,v2
2026-08-18T10:09:00+09:00,W컨셉,LUME-09-BEG-F,2,313280,59000,46992,10965,3500,0,0,ONLINE,온라인몰,Knit Cardigan,KNIT,EVENT14-20260818-07-04,1,KR,KRW,CUST-0304,경기,성남시,paid,정상 범위,v2
2026-08-18T11:22:00+09:00,매장 POS,LUME-09-BEG-F,1,172660,59000,3453,1727,0,0,0,STORE-HANNAM,한남점,Knit Cardigan,KNIT,EVENT14-20260818-07-05,1,KR,KRW,CUST-0315,서울,용산구,paid,정상 범위,v2
2026-08-18T18:28:00+09:00,자사몰,CORE-55-WHT-F,5,329800,19000,13192,11543,3500,0,0,ONLINE,온라인몰,Logo Tee,TOP,EVENT14-20260818-08-00,1,KR,KRW,CUST-0297,서울,성동구,paid,정상 범위,v2
2026-08-18T19:41:00+09:00,무신사,CORE-55-WHT-F,7,437920,19000,52550,19706,3500,0,0,ONLINE,온라인몰,Logo Tee,TOP,EVENT14-20260818-08-01,1,KR,KRW,CUST-0308,서울,강남구,paid,정상 범위,v2
2026-08-18T20:54:00+09:00,29CM,CORE-55-WHT-F,4,255680,19000,35795,10227,3500,0,0,ONLINE,온라인몰,Logo Tee,TOP,EVENT14-20260818-08-02,1,KR,KRW,CUST-0319,서울,마포구,paid,정상 범위,v2
2026-08-18T10:07:00+09:00,네이버,CORE-55-WHT-F,6,395760,19000,31661,9894,3500,0,0,ONLINE,온라인몰,Logo Tee,TOP,EVENT14-20260818-08-03,1,KR,KRW,CUST-0330,경기,성남시,paid,정상 범위,v2
2026-08-18T11:20:00+09:00,W컨셉,CORE-55-WHT-F,4,239360,19000,35904,8378,3500,0,0,ONLINE,온라인몰,Logo Tee,TOP,EVENT14-20260818-08-04,1,KR,KRW,CUST-0341,경기,수원시,paid,정상 범위,v2
2026-08-18T12:33:00+09:00,매장 POS,CORE-55-WHT-F,3,197880,19000,3958,1979,0,0,0,STORE-BUSAN,부산 센텀,Logo Tee,TOP,EVENT14-20260818-08-05,1,KR,KRW,CUST-0352,부산,해운대구,paid,정상 범위,v2
2026-08-18T19:39:00+09:00,자사몰,FORM-42-DEN-F,2,325920,58000,13037,11407,3500,0,0,ONLINE,온라인몰,Denim Skirt,BOTTOM,EVENT14-20260818-09-00,1,KR,KRW,CUST-0334,서울,강남구,paid,정상 범위,v2
2026-08-18T20:52:00+09:00,무신사,FORM-42-DEN-F,3,463680,58000,55642,20866,3500,0,0,ONLINE,온라인몰,Denim Skirt,BOTTOM,EVENT14-20260818-09-01,1,KR,KRW,CUST-0345,서울,마포구,paid,정상 범위,v2
2026-08-18T10:05:00+09:00,29CM,FORM-42-DEN-F,2,315840,58000,44218,12634,3500,0,0,ONLINE,온라인몰,Denim Skirt,BOTTOM,EVENT14-20260818-09-02,1,KR,KRW,CUST-0356,경기,성남시,paid,정상 범위,v2
2026-08-18T11:18:00+09:00,네이버,FORM-42-DEN-F,3,488880,58000,39110,12222,3500,0,0,ONLINE,온라인몰,Denim Skirt,BOTTOM,EVENT14-20260818-09-03,1,KR,KRW,CUST-0367,경기,수원시,paid,정상 범위,v2
2026-08-18T12:31:00+09:00,W컨셉,FORM-42-DEN-F,2,295680,58000,44352,10349,3500,6500,1,ONLINE,온라인몰,Denim Skirt,BOTTOM,EVENT14-20260818-09-04,1,KR,KRW,CUST-0378,부산,해운대구,paid,정상 범위,v2
2026-08-18T13:44:00+09:00,매장 POS,FORM-42-DEN-F,2,325920,58000,6518,3259,0,0,0,STORE-SHANGHAI,상하이 IFC,Denim Skirt,BOTTOM,EVENT14-20260818-09-05,1,CN,KRW,CUST-0389,上海,浦东新区,paid,정상 범위,v2
2026-08-18T20:50:00+09:00,자사몰,COVE-14-BLK-F,2,442320,76000,17693,15481,3500,0,0,ONLINE,온라인몰,Maxi Dress,DRESS,EVENT14-20260818-10-00,1,KR,KRW,CUST-0371,서울,마포구,paid,정상 범위,v2
2026-08-18T10:03:00+09:00,무신사,COVE-14-BLK-F,2,419520,76000,50342,18878,3500,0,0,ONLINE,온라인몰,Maxi Dress,DRESS,EVENT14-20260818-10-01,1,KR,KRW,CUST-0382,경기,성남시,paid,정상 범위,v2
2026-08-18T11:16:00+09:00,29CM,COVE-14-BLK-F,2,428640,76000,60010,17146,3500,0,0,ONLINE,온라인몰,Maxi Dress,DRESS,EVENT14-20260818-10-02,1,KR,KRW,CUST-0393,경기,수원시,paid,정상 범위,v2
2026-08-18T12:29:00+09:00,네이버,COVE-14-BLK-F,2,442320,76000,35386,11058,3500,0,0,ONLINE,온라인몰,Maxi Dress,DRESS,EVENT14-20260818-10-03,1,KR,KRW,CUST-0404,부산,해운대구,paid,정상 범위,v2
2026-08-18T13:42:00+09:00,W컨셉,COVE-14-BLK-F,1,200640,76000,30096,7022,3500,0,0,ONLINE,온라인몰,Maxi Dress,DRESS,EVENT14-20260818-10-04,1,KR,KRW,CUST-0415,인천,연수구,paid,정상 범위,v2
2026-08-18T14:55:00+09:00,매장 POS,COVE-14-BLK-F,1,221160,76000,4423,2212,0,0,0,STORE-SEONGSU,성수 플래그십,Maxi Dress,DRESS,EVENT14-20260818-10-05,1,KR,KRW,CUST-0426,서울,성동구,paid,정상 범위,v2
2026-08-18T10:01:00+09:00,자사몰,EDGE-28-GRY-F,2,519920,91000,20797,18197,3500,0,0,ONLINE,온라인몰,Zip Jacket,OUTER,EVENT14-20260818-11-00,1,KR,KRW,CUST-0408,경기,성남시,paid,정상 범위,v2
2026-08-18T11:14:00+09:00,무신사,EDGE-28-GRY-F,2,493120,91000,59174,22190,3500,0,0,ONLINE,온라인몰,Zip Jacket,OUTER,EVENT14-20260818-11-01,1,KR,KRW,CUST-0419,경기,수원시,paid,정상 범위,v2
2026-08-18T12:27:00+09:00,29CM,EDGE-28-GRY-F,2,503840,91000,70538,20154,3500,0,0,ONLINE,온라인몰,Zip Jacket,OUTER,EVENT14-20260818-11-02,1,KR,KRW,CUST-0430,부산,해운대구,paid,정상 범위,v2
2026-08-18T13:40:00+09:00,네이버,EDGE-28-GRY-F,1,259960,91000,20797,6499,3500,0,0,ONLINE,온라인몰,Zip Jacket,OUTER,EVENT14-20260818-11-03,1,KR,KRW,CUST-0441,인천,연수구,paid,정상 범위,v2
2026-08-18T14:53:00+09:00,W컨셉,EDGE-28-GRY-F,1,0,91000,0,0,0,0,0,ONLINE,온라인몰,Zip Jacket,OUTER,EVENT14-20260818-11-04,1,KR,KRW,CUST-0452,대구,수성구,cancelled,정상 범위,v2
2026-08-18T15:06:00+09:00,매장 POS,EDGE-28-GRY-F,1,259960,91000,5199,2600,0,0,0,STORE-GANGNAM,강남점,Zip Jacket,OUTER,EVENT14-20260818-11-05,1,KR,KRW,CUST-0463,서울,강남구,paid,정상 범위,v2
2026-08-19T10:07:00+09:00,자사몰,ARC-07-BLK-F,5,1202800,82000,48112,42098,3500,0,0,ONLINE,온라인몰,Utility Jacket,OUTER,EVENT14-20260819-00-00,1,KR,KRW,CUST-0024,경기,성남시,paid,정상 범위,v2
2026-08-19T11:20:00+09:00,무신사,ARC-07-BLK-F,4,912640,82000,109517,41069,3500,0,0,ONLINE,온라인몰,Utility Jacket,OUTER,EVENT14-20260819-00-01,1,KR,KRW,CUST-0035,경기,수원시,paid,정상 범위,v2
2026-08-19T12:33:00+09:00,29CM,ARC-07-BLK-F,4,932480,82000,130547,37299,3500,0,0,ONLINE,온라인몰,Utility Jacket,OUTER,EVENT14-20260819-00-02,1,KR,KRW,CUST-0046,부산,해운대구,paid,정상 범위,v2
2026-08-19T13:46:00+09:00,네이버,ARC-07-BLK-F,3,721680,82000,57734,18042,3500,0,0,ONLINE,온라인몰,Utility Jacket,OUTER,EVENT14-20260819-00-03,1,KR,KRW,CUST-0057,인천,연수구,paid,정상 범위,v2
2026-08-19T14:59:00+09:00,W컨셉,ARC-07-BLK-F,4,872960,82000,130944,30554,3500,0,0,ONLINE,온라인몰,Utility Jacket,OUTER,EVENT14-20260819-00-04,1,KR,KRW,CUST-0068,대구,수성구,paid,정상 범위,v2
2026-08-19T15:12:00+09:00,매장 POS,ARC-07-BLK-F,3,721680,82000,14434,7217,0,0,0,STORE-GANGNAM,강남점,Utility Jacket,OUTER,EVENT14-20260819-00-05,1,KR,KRW,CUST-0079,서울,강남구,paid,정상 범위,v2
2026-08-19T11:18:00+09:00,자사몰,FLOW-22-BLK-F,4,613040,51000,24522,21456,3500,0,0,ONLINE,온라인몰,Drape Pants,BOTTOM,EVENT14-20260819-01-00,1,KR,KRW,CUST-0061,경기,수원시,paid,정상 범위,v2
2026-08-19T12:31:00+09:00,무신사,FLOW-22-BLK-F,5,726800,51000,87216,32706,3500,0,0,ONLINE,온라인몰,Drape Pants,BOTTOM,EVENT14-20260819-01-01,1,KR,KRW,CUST-0072,부산,해운대구,paid,정상 범위,v2
2026-08-19T13:44:00+09:00,29CM,FLOW-22-BLK-F,3,445560,51000,62378,17822,3500,0,0,ONLINE,온라인몰,Drape Pants,BOTTOM,EVENT14-20260819-01-02,1,KR,KRW,CUST-0083,인천,연수구,paid,정상 범위,v2
2026-08-19T14:57:00+09:00,네이버,FLOW-22-BLK-F,4,613040,51000,49043,15326,3500,0,0,ONLINE,온라인몰,Drape Pants,BOTTOM,EVENT14-20260819-01-03,1,KR,KRW,CUST-0094,대구,수성구,paid,정상 범위,v2
2026-08-19T15:10:00+09:00,W컨셉,FLOW-22-BLK-F,3,417120,51000,62568,14599,3500,0,0,ONLINE,온라인몰,Drape Pants,BOTTOM,EVENT14-20260819-01-04,1,KR,KRW,CUST-0105,서울,성동구,paid,정상 범위,v2
2026-08-19T16:23:00+09:00,매장 POS,FLOW-22-BLK-F,2,306520,51000,6130,3065,0,0,0,STORE-HANNAM,한남점,Drape Pants,BOTTOM,EVENT14-20260819-01-05,1,KR,KRW,CUST-0116,서울,용산구,paid,정상 범위,v2
2026-08-19T12:29:00+09:00,자사몰,EASE-19-CRM-F,2,193520,36000,7741,6773,3500,0,0,ONLINE,온라인몰,Layer Top,TOP,EVENT14-20260819-02-00,1,KR,KRW,CUST-0098,부산,해운대구,paid,EASE-19 판매 둔화·반품 증가,v2
2026-08-19T13:42:00+09:00,무신사,EASE-19-CRM-F,3,290280,36000,34834,13063,3500,0,0,ONLINE,온라인몰,Layer Top,TOP,EVENT14-20260819-02-01,1,KR,KRW,CUST-0109,인천,연수구,paid,EASE-19 판매 둔화·반품 증가,v2
2026-08-19T14:55:00+09:00,29CM,EASE-19-CRM-F,2,193520,36000,27093,7741,3500,0,0,ONLINE,온라인몰,Layer Top,TOP,EVENT14-20260819-02-02,1,KR,KRW,CUST-0120,대구,수성구,paid,EASE-19 판매 둔화·반품 증가,v2
2026-08-19T15:08:00+09:00,네이버,EASE-19-CRM-F,3,290280,36000,23222,7257,3500,0,0,ONLINE,온라인몰,Layer Top,TOP,EVENT14-20260819-02-03,1,KR,KRW,CUST-0131,서울,성동구,paid,EASE-19 판매 둔화·반품 증가,v2
2026-08-19T16:21:00+09:00,W컨셉,EASE-19-CRM-F,2,193520,36000,29028,6773,3500,0,0,ONLINE,온라인몰,Layer Top,TOP,EVENT14-20260819-02-04,1,KR,KRW,CUST-0142,서울,강남구,paid,EASE-19 판매 둔화·반품 증가,v2
2026-08-19T17:34:00+09:00,매장 POS,EASE-19-CRM-F,2,193520,36000,3870,1935,0,0,0,STORE-BUSAN,부산 센텀,Layer Top,TOP,EVENT14-20260819-02-05,1,KR,KRW,CUST-0153,부산,해운대구,paid,EASE-19 판매 둔화·반품 증가,v2
2026-08-19T13:40:00+09:00,자사몰,NOVA-11-NVY-F,4,845840,72000,33834,29604,3500,6500,1,ONLINE,온라인몰,Volume Dress,DRESS,EVENT14-20260819-03-00,1,KR,KRW,CUST-0135,인천,연수구,paid,정상 범위,v2
2026-08-19T14:53:00+09:00,무신사,NOVA-11-NVY-F,3,601680,72000,72202,27076,3500,0,0,ONLINE,온라인몰,Volume Dress,DRESS,EVENT14-20260819-03-01,1,KR,KRW,CUST-0146,대구,수성구,paid,정상 범위,v2
2026-08-19T15:06:00+09:00,29CM,NOVA-11-NVY-F,3,614760,72000,86066,24590,3500,0,0,ONLINE,온라인몰,Volume Dress,DRESS,EVENT14-20260819-03-02,1,KR,KRW,CUST-0157,서울,성동구,paid,정상 범위,v2
2026-08-19T16:19:00+09:00,네이버,NOVA-11-NVY-F,3,634380,72000,50750,15860,3500,0,0,ONLINE,온라인몰,Volume Dress,DRESS,EVENT14-20260819-03-03,1,KR,KRW,CUST-0168,서울,강남구,paid,정상 범위,v2
2026-08-19T17:32:00+09:00,W컨셉,NOVA-11-NVY-F,2,383680,72000,57552,13429,3500,0,0,ONLINE,온라인몰,Volume Dress,DRESS,EVENT14-20260819-03-04,1,KR,KRW,CUST-0179,서울,마포구,paid,정상 범위,v2
2026-08-19T18:45:00+09:00,매장 POS,NOVA-11-NVY-F,2,422920,72000,8458,4229,0,0,0,STORE-SHANGHAI,상하이 IFC,Volume Dress,DRESS,EVENT14-20260819-03-05,1,CN,KRW,CUST-0190,上海,浦东新区,paid,정상 범위,v2
2026-08-19T14:51:00+09:00,자사몰,AIR-24-NVY-F,4,768240,68000,30730,26888,3500,0,0,ONLINE,온라인몰,Airy Volume Dress,DRESS,EVENT14-20260819-04-00,1,KR,KRW,CUST-0172,대구,수성구,paid,정상 범위,v2
2026-08-19T15:04:00+09:00,무신사,AIR-24-NVY-F,4,728640,68000,87437,32789,3500,0,0,ONLINE,온라인몰,Airy Volume Dress,DRESS,EVENT14-20260819-04-01,1,KR,KRW,CUST-0183,서울,성동구,paid,정상 범위,v2
2026-08-19T16:17:00+09:00,29CM,AIR-24-NVY-F,3,558360,68000,78170,22334,3500,0,0,ONLINE,온라인몰,Airy Volume Dress,DRESS,EVENT14-20260819-04-02,1,KR,KRW,CUST-0194,서울,강남구,paid,정상 범위,v2
2026-08-19T17:30:00+09:00,네이버,AIR-24-NVY-F,3,576180,68000,46094,14405,3500,0,0,ONLINE,온라인몰,Airy Volume Dress,DRESS,EVENT14-20260819-04-03,1,KR,KRW,CUST-0205,서울,마포구,paid,정상 범위,v2
2026-08-19T18:43:00+09:00,W컨셉,AIR-24-NVY-F,3,522720,68000,78408,18295,3500,0,0,ONLINE,온라인몰,Airy Volume Dress,DRESS,EVENT14-20260819-04-04,1,KR,KRW,CUST-0216,경기,성남시,paid,정상 범위,v2
2026-08-19T19:56:00+09:00,매장 POS,AIR-24-NVY-F,2,384120,68000,7682,3841,0,0,0,STORE-SEONGSU,성수 플래그십,Airy Volume Dress,DRESS,EVENT14-20260819-04-05,1,KR,KRW,CUST-0227,서울,성동구,paid,정상 범위,v2
2026-08-19T15:02:00+09:00,자사몰,WAVE-31-WHT-F,3,430680,44000,17227,15074,3500,0,0,ONLINE,온라인몰,Sheer Shirt,TOP,EVENT14-20260819-05-00,1,KR,KRW,CUST-0209,서울,성동구,paid,정상 범위,v2
2026-08-19T16:15:00+09:00,무신사,WAVE-31-WHT-F,4,544640,44000,65357,24509,3500,0,0,ONLINE,온라인몰,Sheer Shirt,TOP,EVENT14-20260819-05-01,1,KR,KRW,CUST-0220,서울,강남구,paid,정상 범위,v2
2026-08-19T17:28:00+09:00,29CM,WAVE-31-WHT-F,2,278240,44000,38954,11130,3500,0,0,ONLINE,온라인몰,Sheer Shirt,TOP,EVENT14-20260819-05-02,1,KR,KRW,CUST-0231,서울,마포구,paid,정상 범위,v2
2026-08-19T18:41:00+09:00,네이버,WAVE-31-WHT-F,2,287120,44000,22970,7178,3500,0,0,ONLINE,온라인몰,Sheer Shirt,TOP,EVENT14-20260819-05-03,1,KR,KRW,CUST-0242,경기,성남시,paid,정상 범위,v2
2026-08-19T19:54:00+09:00,W컨셉,WAVE-31-WHT-F,2,260480,44000,39072,9117,3500,0,0,ONLINE,온라인몰,Sheer Shirt,TOP,EVENT14-20260819-05-04,1,KR,KRW,CUST-0253,경기,수원시,paid,정상 범위,v2
2026-08-19T20:07:00+09:00,매장 POS,WAVE-31-WHT-F,2,287120,44000,5742,2871,0,0,0,STORE-GANGNAM,강남점,Sheer Shirt,TOP,EVENT14-20260819-05-05,1,KR,KRW,CUST-0264,서울,강남구,paid,정상 범위,v2
2026-08-19T16:13:00+09:00,자사몰,MOSS-18-BLK-F,1,104880,42000,4195,3671,3500,0,0,ONLINE,온라인몰,Volume Bermuda,BOTTOM,EVENT14-20260819-06-00,1,KR,KRW,CUST-0246,서울,강남구,paid,MOSS-18 과잉재고·판매 둔화,v2
2026-08-19T17:26:00+09:00,무신사,MOSS-18-BLK-F,1,104880,42000,12586,4720,3500,0,0,ONLINE,온라인몰,Volume Bermuda,BOTTOM,EVENT14-20260819-06-01,1,KR,KRW,CUST-0257,서울,마포구,paid,MOSS-18 과잉재고·판매 둔화,v2
2026-08-19T18:39:00+09:00,29CM,MOSS-18-BLK-F,1,104880,42000,14683,4195,3500,0,0,ONLINE,온라인몰,Volume Bermuda,BOTTOM,EVENT14-20260819-06-02,1,KR,KRW,CUST-0268,경기,성남시,paid,MOSS-18 과잉재고·판매 둔화,v2
2026-08-19T19:52:00+09:00,네이버,MOSS-18-BLK-F,1,104880,42000,8390,2622,3500,0,0,ONLINE,온라인몰,Volume Bermuda,BOTTOM,EVENT14-20260819-06-03,1,KR,KRW,CUST-0279,경기,수원시,paid,MOSS-18 과잉재고·판매 둔화,v2
2026-08-19T20:05:00+09:00,W컨셉,MOSS-18-BLK-F,1,104880,42000,15732,3671,3500,0,0,ONLINE,온라인몰,Volume Bermuda,BOTTOM,EVENT14-20260819-06-04,1,KR,KRW,CUST-0290,부산,해운대구,paid,MOSS-18 과잉재고·판매 둔화,v2
2026-08-19T10:18:00+09:00,매장 POS,MOSS-18-BLK-F,1,104880,42000,2098,1049,0,0,0,STORE-HANNAM,한남점,Volume Bermuda,BOTTOM,EVENT14-20260819-06-05,1,KR,KRW,CUST-0301,서울,용산구,paid,MOSS-18 과잉재고·판매 둔화,v2
2026-08-19T17:24:00+09:00,자사몰,LUME-09-BEG-F,3,0,59000,0,0,0,0,0,ONLINE,온라인몰,Knit Cardigan,KNIT,EVENT14-20260819-07-00,1,KR,KRW,CUST-0283,서울,마포구,cancelled,정상 범위,v2
2026-08-19T18:37:00+09:00,무신사,LUME-09-BEG-F,3,491280,59000,58954,22108,3500,0,0,ONLINE,온라인몰,Knit Cardigan,KNIT,EVENT14-20260819-07-01,1,KR,KRW,CUST-0294,경기,성남시,paid,정상 범위,v2
2026-08-19T19:50:00+09:00,29CM,LUME-09-BEG-F,2,334640,59000,46850,13386,3500,0,0,ONLINE,온라인몰,Knit Cardigan,KNIT,EVENT14-20260819-07-02,1,KR,KRW,CUST-0305,경기,수원시,paid,정상 범위,v2
2026-08-19T20:03:00+09:00,네이버,LUME-09-BEG-F,2,345320,59000,27626,8633,3500,0,0,ONLINE,온라인몰,Knit Cardigan,KNIT,EVENT14-20260819-07-03,1,KR,KRW,CUST-0316,부산,해운대구,paid,정상 범위,v2
2026-08-19T10:16:00+09:00,W컨셉,LUME-09-BEG-F,1,156640,59000,23496,5482,3500,0,0,ONLINE,온라인몰,Knit Cardigan,KNIT,EVENT14-20260819-07-04,1,KR,KRW,CUST-0327,인천,연수구,paid,정상 범위,v2
2026-08-19T11:29:00+09:00,매장 POS,LUME-09-BEG-F,2,345320,59000,6906,3453,0,6500,1,STORE-BUSAN,부산 센텀,Knit Cardigan,KNIT,EVENT14-20260819-07-05,1,KR,KRW,CUST-0338,부산,해운대구,paid,정상 범위,v2
2026-08-19T18:35:00+09:00,자사몰,CORE-55-WHT-F,6,395760,19000,15830,13852,3500,0,0,ONLINE,온라인몰,Logo Tee,TOP,EVENT14-20260819-08-00,1,KR,KRW,CUST-0320,경기,성남시,paid,정상 범위,v2
2026-08-19T19:48:00+09:00,무신사,CORE-55-WHT-F,5,312800,19000,37536,14076,3500,0,0,ONLINE,온라인몰,Logo Tee,TOP,EVENT14-20260819-08-01,1,KR,KRW,CUST-0331,경기,수원시,paid,정상 범위,v2
2026-08-19T20:01:00+09:00,29CM,CORE-55-WHT-F,5,319600,19000,44744,12784,3500,0,0,ONLINE,온라인몰,Logo Tee,TOP,EVENT14-20260819-08-02,1,KR,KRW,CUST-0342,부산,해운대구,paid,정상 범위,v2
2026-08-19T10:14:00+09:00,네이버,CORE-55-WHT-F,4,263840,19000,21107,6596,3500,0,0,ONLINE,온라인몰,Logo Tee,TOP,EVENT14-20260819-08-03,1,KR,KRW,CUST-0353,인천,연수구,paid,정상 범위,v2
2026-08-19T11:27:00+09:00,W컨셉,CORE-55-WHT-F,5,299200,19000,44880,10472,3500,0,0,ONLINE,온라인몰,Logo Tee,TOP,EVENT14-20260819-08-04,1,KR,KRW,CUST-0364,대구,수성구,paid,정상 범위,v2
2026-08-19T12:40:00+09:00,매장 POS,CORE-55-WHT-F,3,197880,19000,3958,1979,0,0,0,STORE-SHANGHAI,상하이 IFC,Logo Tee,TOP,EVENT14-20260819-08-05,1,CN,KRW,CUST-0375,上海,浦东新区,paid,정상 범위,v2
2026-08-19T19:46:00+09:00,자사몰,FORM-42-DEN-F,3,488880,58000,19555,17111,3500,0,0,ONLINE,온라인몰,Denim Skirt,BOTTOM,EVENT14-20260819-09-00,1,KR,KRW,CUST-0357,경기,수원시,paid,정상 범위,v2
2026-08-19T20:59:00+09:00,무신사,FORM-42-DEN-F,2,309120,58000,37094,13910,3500,0,0,ONLINE,온라인몰,Denim Skirt,BOTTOM,EVENT14-20260819-09-01,1,KR,KRW,CUST-0368,부산,해운대구,paid,정상 범위,v2
2026-08-19T10:12:00+09:00,29CM,FORM-42-DEN-F,2,315840,58000,44218,12634,3500,0,0,ONLINE,온라인몰,Denim Skirt,BOTTOM,EVENT14-20260819-09-02,1,KR,KRW,CUST-0379,인천,연수구,paid,정상 범위,v2
2026-08-19T11:25:00+09:00,네이버,FORM-42-DEN-F,2,325920,58000,26074,8148,3500,0,0,ONLINE,온라인몰,Denim Skirt,BOTTOM,EVENT14-20260819-09-03,1,KR,KRW,CUST-0390,대구,수성구,paid,정상 범위,v2
2026-08-19T12:38:00+09:00,W컨셉,FORM-42-DEN-F,2,295680,58000,44352,10349,3500,0,0,ONLINE,온라인몰,Denim Skirt,BOTTOM,EVENT14-20260819-09-04,1,KR,KRW,CUST-0401,서울,성동구,paid,정상 범위,v2
2026-08-19T13:51:00+09:00,매장 POS,FORM-42-DEN-F,2,0,58000,0,0,0,0,0,STORE-SEONGSU,성수 플래그십,Denim Skirt,BOTTOM,EVENT14-20260819-09-05,1,KR,KRW,CUST-0412,서울,성동구,cancelled,정상 범위,v2
2026-08-19T20:57:00+09:00,자사몰,COVE-14-BLK-F,2,442320,76000,17693,15481,3500,0,0,ONLINE,온라인몰,Maxi Dress,DRESS,EVENT14-20260819-10-00,1,KR,KRW,CUST-0394,부산,해운대구,paid,정상 범위,v2
2026-08-19T10:10:00+09:00,무신사,COVE-14-BLK-F,3,629280,76000,75514,28318,3500,0,0,ONLINE,온라인몰,Maxi Dress,DRESS,EVENT14-20260819-10-01,1,KR,KRW,CUST-0405,인천,연수구,paid,정상 범위,v2
2026-08-19T11:23:00+09:00,29CM,COVE-14-BLK-F,2,428640,76000,60010,17146,3500,0,0,ONLINE,온라인몰,Maxi Dress,DRESS,EVENT14-20260819-10-02,1,KR,KRW,CUST-0416,대구,수성구,paid,정상 범위,v2
2026-08-19T12:36:00+09:00,네이버,COVE-14-BLK-F,2,442320,76000,35386,11058,3500,0,0,ONLINE,온라인몰,Maxi Dress,DRESS,EVENT14-20260819-10-03,1,KR,KRW,CUST-0427,서울,성동구,paid,정상 범위,v2
2026-08-19T13:49:00+09:00,W컨셉,COVE-14-BLK-F,1,200640,76000,30096,7022,3500,0,0,ONLINE,온라인몰,Maxi Dress,DRESS,EVENT14-20260819-10-04,1,KR,KRW,CUST-0438,서울,강남구,paid,정상 범위,v2
2026-08-19T14:02:00+09:00,매장 POS,COVE-14-BLK-F,1,221160,76000,4423,2212,0,0,0,STORE-GANGNAM,강남점,Maxi Dress,DRESS,EVENT14-20260819-10-05,1,KR,KRW,CUST-0449,서울,강남구,paid,정상 범위,v2
2026-08-19T10:08:00+09:00,자사몰,EDGE-28-GRY-F,1,259960,91000,10398,9099,3500,0,0,ONLINE,온라인몰,Zip Jacket,OUTER,EVENT14-20260819-11-00,1,KR,KRW,CUST-0431,인천,연수구,paid,정상 범위,v2
2026-08-19T11:21:00+09:00,무신사,EDGE-28-GRY-F,2,493120,91000,59174,22190,3500,0,0,ONLINE,온라인몰,Zip Jacket,OUTER,EVENT14-20260819-11-01,1,KR,KRW,CUST-0442,대구,수성구,paid,정상 범위,v2
2026-08-19T12:34:00+09:00,29CM,EDGE-28-GRY-F,1,251920,91000,35269,10077,3500,0,0,ONLINE,온라인몰,Zip Jacket,OUTER,EVENT14-20260819-11-02,1,KR,KRW,CUST-0453,서울,성동구,paid,정상 범위,v2
2026-08-19T13:47:00+09:00,네이버,EDGE-28-GRY-F,2,519920,91000,41594,12998,3500,0,0,ONLINE,온라인몰,Zip Jacket,OUTER,EVENT14-20260819-11-03,1,KR,KRW,CUST-0464,서울,강남구,paid,정상 범위,v2
2026-08-19T14:00:00+09:00,W컨셉,EDGE-28-GRY-F,1,235840,91000,35376,8254,3500,0,0,ONLINE,온라인몰,Zip Jacket,OUTER,EVENT14-20260819-11-04,1,KR,KRW,CUST-0475,서울,마포구,paid,정상 범위,v2
2026-08-19T15:13:00+09:00,매장 POS,EDGE-28-GRY-F,1,259960,91000,5199,2600,0,0,0,STORE-HANNAM,한남점,Zip Jacket,OUTER,EVENT14-20260819-11-05,1,KR,KRW,CUST-0486,서울,용산구,paid,정상 범위,v2
2026-08-20T10:14:00+09:00,자사몰,ARC-07-BLK-F,6,1443360,82000,57734,50518,3500,0,0,ONLINE,온라인몰,Utility Jacket,OUTER,EVENT14-20260820-00-00,1,KR,KRW,CUST-0047,인천,연수구,paid,정상 범위,v2
2026-08-20T11:27:00+09:00,무신사,ARC-07-BLK-F,5,1140800,82000,136896,51336,3500,0,0,ONLINE,온라인몰,Utility Jacket,OUTER,EVENT14-20260820-00-01,1,KR,KRW,CUST-0058,대구,수성구,paid,정상 범위,v2
2026-08-20T12:40:00+09:00,29CM,ARC-07-BLK-F,3,699360,82000,97910,27974,3500,0,0,ONLINE,온라인몰,Utility Jacket,OUTER,EVENT14-20260820-00-02,1,KR,KRW,CUST-0069,서울,성동구,paid,정상 범위,v2
2026-08-20T13:53:00+09:00,네이버,ARC-07-BLK-F,4,962240,82000,76979,24056,3500,0,0,ONLINE,온라인몰,Utility Jacket,OUTER,EVENT14-20260820-00-03,1,KR,KRW,CUST-0080,서울,강남구,paid,정상 범위,v2
2026-08-20T14:06:00+09:00,W컨셉,ARC-07-BLK-F,3,654720,82000,98208,22915,3500,0,0,ONLINE,온라인몰,Utility Jacket,OUTER,EVENT14-20260820-00-04,1,KR,KRW,CUST-0091,서울,마포구,paid,정상 범위,v2
2026-08-20T15:19:00+09:00,매장 POS,ARC-07-BLK-F,3,721680,82000,14434,7217,0,0,0,STORE-HANNAM,한남점,Utility Jacket,OUTER,EVENT14-20260820-00-05,1,KR,KRW,CUST-0102,서울,용산구,paid,정상 범위,v2
2026-08-20T11:25:00+09:00,자사몰,FLOW-22-BLK-F,5,766300,51000,30652,26821,3500,0,0,ONLINE,온라인몰,Drape Pants,BOTTOM,EVENT14-20260820-01-00,1,KR,KRW,CUST-0084,대구,수성구,paid,정상 범위,v2
2026-08-20T12:38:00+09:00,무신사,FLOW-22-BLK-F,4,581440,51000,69773,26165,3500,6500,1,ONLINE,온라인몰,Drape Pants,BOTTOM,EVENT14-20260820-01-01,1,KR,KRW,CUST-0095,서울,성동구,paid,정상 범위,v2
2026-08-20T13:51:00+09:00,29CM,FLOW-22-BLK-F,4,594080,51000,83171,23763,3500,0,0,ONLINE,온라인몰,Drape Pants,BOTTOM,EVENT14-20260820-01-02,1,KR,KRW,CUST-0106,서울,강남구,paid,정상 범위,v2
2026-08-20T14:04:00+09:00,네이버,FLOW-22-BLK-F,4,613040,51000,49043,15326,3500,0,0,ONLINE,온라인몰,Drape Pants,BOTTOM,EVENT14-20260820-01-03,1,KR,KRW,CUST-0117,서울,마포구,paid,정상 범위,v2
2026-08-20T15:17:00+09:00,W컨셉,FLOW-22-BLK-F,4,556160,51000,83424,19466,3500,0,0,ONLINE,온라인몰,Drape Pants,BOTTOM,EVENT14-20260820-01-04,1,KR,KRW,CUST-0128,경기,성남시,paid,정상 범위,v2
2026-08-20T16:30:00+09:00,매장 POS,FLOW-22-BLK-F,3,459780,51000,9196,4598,0,0,0,STORE-BUSAN,부산 센텀,Drape Pants,BOTTOM,EVENT14-20260820-01-05,1,KR,KRW,CUST-0139,부산,해운대구,paid,정상 범위,v2
2026-08-20T12:36:00+09:00,자사몰,EASE-19-CRM-F,3,290280,36000,11611,10160,3500,0,0,ONLINE,온라인몰,Layer Top,TOP,EVENT14-20260820-02-00,1,KR,KRW,CUST-0121,서울,성동구,paid,EASE-19 판매 둔화·반품 증가,v2
2026-08-20T13:49:00+09:00,무신사,EASE-19-CRM-F,2,193520,36000,23222,8708,3500,0,0,ONLINE,온라인몰,Layer Top,TOP,EVENT14-20260820-02-01,1,KR,KRW,CUST-0132,서울,강남구,paid,EASE-19 판매 둔화·반품 증가,v2
2026-08-20T14:02:00+09:00,29CM,EASE-19-CRM-F,2,193520,36000,27093,7741,3500,0,0,ONLINE,온라인몰,Layer Top,TOP,EVENT14-20260820-02-02,1,KR,KRW,CUST-0143,서울,마포구,paid,EASE-19 판매 둔화·반품 증가,v2
2026-08-20T15:15:00+09:00,네이버,EASE-19-CRM-F,2,193520,36000,15482,4838,3500,0,0,ONLINE,온라인몰,Layer Top,TOP,EVENT14-20260820-02-03,1,KR,KRW,CUST-0154,경기,성남시,paid,EASE-19 판매 둔화·반품 증가,v2
2026-08-20T16:28:00+09:00,W컨셉,EASE-19-CRM-F,2,193520,36000,29028,6773,3500,0,0,ONLINE,온라인몰,Layer Top,TOP,EVENT14-20260820-02-04,1,KR,KRW,CUST-0165,경기,수원시,paid,EASE-19 판매 둔화·반품 증가,v2
2026-08-20T17:41:00+09:00,매장 POS,EASE-19-CRM-F,2,193520,36000,3870,1935,0,0,0,STORE-SHANGHAI,상하이 IFC,Layer Top,TOP,EVENT14-20260820-02-05,1,CN,KRW,CUST-0176,上海,浦东新区,paid,EASE-19 판매 둔화·반품 증가,v2
2026-08-20T13:47:00+09:00,자사몰,NOVA-11-NVY-F,3,634380,72000,25375,22203,3500,0,0,ONLINE,온라인몰,Volume Dress,DRESS,EVENT14-20260820-03-00,1,KR,KRW,CUST-0158,서울,강남구,paid,정상 범위,v2
2026-08-20T14:00:00+09:00,무신사,NOVA-11-NVY-F,4,802240,72000,96269,36101,3500,0,0,ONLINE,온라인몰,Volume Dress,DRESS,EVENT14-20260820-03-01,1,KR,KRW,CUST-0169,서울,마포구,paid,정상 범위,v2
2026-08-20T15:13:00+09:00,29CM,NOVA-11-NVY-F,2,409840,72000,57378,16394,3500,0,0,ONLINE,온라인몰,Volume Dress,DRESS,EVENT14-20260820-03-02,1,KR,KRW,CUST-0180,경기,성남시,paid,정상 범위,v2
2026-08-20T16:26:00+09:00,네이버,NOVA-11-NVY-F,3,634380,72000,50750,15860,3500,0,0,ONLINE,온라인몰,Volume Dress,DRESS,EVENT14-20260820-03-03,1,KR,KRW,CUST-0191,경기,수원시,paid,정상 범위,v2
2026-08-20T17:39:00+09:00,W컨셉,NOVA-11-NVY-F,2,383680,72000,57552,13429,3500,0,0,ONLINE,온라인몰,Volume Dress,DRESS,EVENT14-20260820-03-04,1,KR,KRW,CUST-0202,부산,해운대구,paid,정상 범위,v2
2026-08-20T18:52:00+09:00,매장 POS,NOVA-11-NVY-F,2,422920,72000,8458,4229,0,0,0,STORE-SEONGSU,성수 플래그십,Volume Dress,DRESS,EVENT14-20260820-03-05,1,KR,KRW,CUST-0213,서울,성동구,paid,정상 범위,v2
2026-08-20T14:58:00+09:00,자사몰,AIR-24-NVY-F,3,576180,68000,23047,20166,3500,0,0,ONLINE,온라인몰,Airy Volume Dress,DRESS,EVENT14-20260820-04-00,1,KR,KRW,CUST-0195,서울,마포구,paid,정상 범위,v2
2026-08-20T15:11:00+09:00,무신사,AIR-24-NVY-F,5,910800,68000,109296,40986,3500,0,0,ONLINE,온라인몰,Airy Volume Dress,DRESS,EVENT14-20260820-04-01,1,KR,KRW,CUST-0206,경기,성남시,paid,정상 범위,v2
2026-08-20T16:24:00+09:00,29CM,AIR-24-NVY-F,3,558360,68000,78170,22334,3500,0,0,ONLINE,온라인몰,Airy Volume Dress,DRESS,EVENT14-20260820-04-02,1,KR,KRW,CUST-0217,경기,수원시,paid,정상 범위,v2
2026-08-20T17:37:00+09:00,네이버,AIR-24-NVY-F,4,768240,68000,61459,19206,3500,0,0,ONLINE,온라인몰,Airy Volume Dress,DRESS,EVENT14-20260820-04-03,1,KR,KRW,CUST-0228,부산,해운대구,paid,정상 범위,v2
2026-08-20T18:50:00+09:00,W컨셉,AIR-24-NVY-F,3,522720,68000,78408,18295,3500,0,0,ONLINE,온라인몰,Airy Volume Dress,DRESS,EVENT14-20260820-04-04,1,KR,KRW,CUST-0239,인천,연수구,paid,정상 범위,v2
2026-08-20T19:03:00+09:00,매장 POS,AIR-24-NVY-F,3,576180,68000,11524,5762,0,0,0,STORE-GANGNAM,강남점,Airy Volume Dress,DRESS,EVENT14-20260820-04-05,1,KR,KRW,CUST-0250,서울,강남구,paid,정상 범위,v2
2026-08-20T15:09:00+09:00,자사몰,WAVE-31-WHT-F,3,430680,44000,17227,15074,3500,0,0,ONLINE,온라인몰,Sheer Shirt,TOP,EVENT14-20260820-05-00,1,KR,KRW,CUST-0232,경기,성남시,paid,정상 범위,v2
2026-08-20T16:22:00+09:00,무신사,WAVE-31-WHT-F,3,0,44000,0,0,0,0,0,ONLINE,온라인몰,Sheer Shirt,TOP,EVENT14-20260820-05-01,1,KR,KRW,CUST-0243,경기,수원시,cancelled,정상 범위,v2
2026-08-20T17:35:00+09:00,29CM,WAVE-31-WHT-F,3,417360,44000,58430,16694,3500,0,0,ONLINE,온라인몰,Sheer Shirt,TOP,EVENT14-20260820-05-02,1,KR,KRW,CUST-0254,부산,해운대구,paid,정상 범위,v2
2026-08-20T18:48:00+09:00,네이버,WAVE-31-WHT-F,3,430680,44000,34454,10767,3500,0,0,ONLINE,온라인몰,Sheer Shirt,TOP,EVENT14-20260820-05-03,1,KR,KRW,CUST-0265,인천,연수구,paid,정상 범위,v2
2026-08-20T19:01:00+09:00,W컨셉,WAVE-31-WHT-F,2,260480,44000,39072,9117,3500,0,0,ONLINE,온라인몰,Sheer Shirt,TOP,EVENT14-20260820-05-04,1,KR,KRW,CUST-0276,대구,수성구,paid,정상 범위,v2
2026-08-20T20:14:00+09:00,매장 POS,WAVE-31-WHT-F,2,287120,44000,5742,2871,0,0,0,STORE-HANNAM,한남점,Sheer Shirt,TOP,EVENT14-20260820-05-05,1,KR,KRW,CUST-0287,서울,용산구,paid,정상 범위,v2
2026-08-20T16:20:00+09:00,자사몰,MOSS-18-BLK-F,1,104880,42000,4195,3671,3500,6500,1,ONLINE,온라인몰,Volume Bermuda,BOTTOM,EVENT14-20260820-06-00,1,KR,KRW,CUST-0269,경기,수원시,paid,MOSS-18 과잉재고·판매 둔화,v2
2026-08-20T17:33:00+09:00,무신사,MOSS-18-BLK-F,1,104880,42000,12586,4720,3500,0,0,ONLINE,온라인몰,Volume Bermuda,BOTTOM,EVENT14-20260820-06-01,1,KR,KRW,CUST-0280,부산,해운대구,paid,MOSS-18 과잉재고·판매 둔화,v2
2026-08-20T18:46:00+09:00,29CM,MOSS-18-BLK-F,1,104880,42000,14683,4195,3500,0,0,ONLINE,온라인몰,Volume Bermuda,BOTTOM,EVENT14-20260820-06-02,1,KR,KRW,CUST-0291,인천,연수구,paid,MOSS-18 과잉재고·판매 둔화,v2
2026-08-20T19:59:00+09:00,네이버,MOSS-18-BLK-F,1,104880,42000,8390,2622,3500,0,0,ONLINE,온라인몰,Volume Bermuda,BOTTOM,EVENT14-20260820-06-03,1,KR,KRW,CUST-0302,대구,수성구,paid,MOSS-18 과잉재고·판매 둔화,v2
2026-08-20T20:12:00+09:00,W컨셉,MOSS-18-BLK-F,1,104880,42000,15732,3671,3500,0,0,ONLINE,온라인몰,Volume Bermuda,BOTTOM,EVENT14-20260820-06-04,1,KR,KRW,CUST-0313,서울,성동구,paid,MOSS-18 과잉재고·판매 둔화,v2
2026-08-20T10:25:00+09:00,매장 POS,MOSS-18-BLK-F,1,104880,42000,2098,1049,0,0,0,STORE-BUSAN,부산 센텀,Volume Bermuda,BOTTOM,EVENT14-20260820-06-05,1,KR,KRW,CUST-0324,부산,해운대구,paid,MOSS-18 과잉재고·판매 둔화,v2
2026-08-20T17:31:00+09:00,자사몰,LUME-09-BEG-F,2,345320,59000,13813,12086,3500,0,0,ONLINE,온라인몰,Knit Cardigan,KNIT,EVENT14-20260820-07-00,1,KR,KRW,CUST-0306,부산,해운대구,paid,정상 범위,v2
2026-08-20T18:44:00+09:00,무신사,LUME-09-BEG-F,3,491280,59000,58954,22108,3500,0,0,ONLINE,온라인몰,Knit Cardigan,KNIT,EVENT14-20260820-07-01,1,KR,KRW,CUST-0317,인천,연수구,paid,정상 범위,v2
2026-08-20T19:57:00+09:00,29CM,LUME-09-BEG-F,2,334640,59000,46850,13386,3500,0,0,ONLINE,온라인몰,Knit Cardigan,KNIT,EVENT14-20260820-07-02,1,KR,KRW,CUST-0328,대구,수성구,paid,정상 범위,v2
2026-08-20T20:10:00+09:00,네이버,LUME-09-BEG-F,2,345320,59000,27626,8633,3500,0,0,ONLINE,온라인몰,Knit Cardigan,KNIT,EVENT14-20260820-07-03,1,KR,KRW,CUST-0339,서울,성동구,paid,정상 범위,v2
2026-08-20T10:23:00+09:00,W컨셉,LUME-09-BEG-F,2,313280,59000,46992,10965,3500,0,0,ONLINE,온라인몰,Knit Cardigan,KNIT,EVENT14-20260820-07-04,1,KR,KRW,CUST-0350,서울,강남구,paid,정상 범위,v2
2026-08-20T11:36:00+09:00,매장 POS,LUME-09-BEG-F,1,172660,59000,3453,1727,0,0,0,STORE-SHANGHAI,상하이 IFC,Knit Cardigan,KNIT,EVENT14-20260820-07-05,1,CN,KRW,CUST-0361,上海,浦东新区,paid,정상 범위,v2
2026-08-20T18:42:00+09:00,자사몰,CORE-55-WHT-F,5,329800,19000,13192,11543,3500,0,0,ONLINE,온라인몰,Logo Tee,TOP,EVENT14-20260820-08-00,1,KR,KRW,CUST-0343,인천,연수구,paid,정상 범위,v2
2026-08-20T19:55:00+09:00,무신사,CORE-55-WHT-F,7,437920,19000,52550,19706,3500,0,0,ONLINE,온라인몰,Logo Tee,TOP,EVENT14-20260820-08-01,1,KR,KRW,CUST-0354,대구,수성구,paid,정상 범위,v2
2026-08-20T20:08:00+09:00,29CM,CORE-55-WHT-F,4,255680,19000,35795,10227,3500,0,0,ONLINE,온라인몰,Logo Tee,TOP,EVENT14-20260820-08-02,1,KR,KRW,CUST-0365,서울,성동구,paid,정상 범위,v2
2026-08-20T10:21:00+09:00,네이버,CORE-55-WHT-F,5,329800,19000,26384,8245,3500,0,0,ONLINE,온라인몰,Logo Tee,TOP,EVENT14-20260820-08-03,1,KR,KRW,CUST-0376,서울,강남구,paid,정상 범위,v2
2026-08-20T11:34:00+09:00,W컨셉,CORE-55-WHT-F,4,239360,19000,35904,8378,3500,0,0,ONLINE,온라인몰,Logo Tee,TOP,EVENT14-20260820-08-04,1,KR,KRW,CUST-0387,서울,마포구,paid,정상 범위,v2
2026-08-20T12:47:00+09:00,매장 POS,CORE-55-WHT-F,4,263840,19000,5277,2638,0,0,0,STORE-SEONGSU,성수 플래그십,Logo Tee,TOP,EVENT14-20260820-08-05,1,KR,KRW,CUST-0398,서울,성동구,paid,정상 범위,v2
2026-08-20T19:53:00+09:00,자사몰,FORM-42-DEN-F,3,488880,58000,19555,17111,3500,0,0,ONLINE,온라인몰,Denim Skirt,BOTTOM,EVENT14-20260820-09-00,1,KR,KRW,CUST-0380,대구,수성구,paid,정상 범위,v2
2026-08-20T20:06:00+09:00,무신사,FORM-42-DEN-F,3,463680,58000,55642,20866,3500,0,0,ONLINE,온라인몰,Denim Skirt,BOTTOM,EVENT14-20260820-09-01,1,KR,KRW,CUST-0391,서울,성동구,paid,정상 범위,v2
2026-08-20T10:19:00+09:00,29CM,FORM-42-DEN-F,2,315840,58000,44218,12634,3500,0,0,ONLINE,온라인몰,Denim Skirt,BOTTOM,EVENT14-20260820-09-02,1,KR,KRW,CUST-0402,서울,강남구,paid,정상 범위,v2
2026-08-20T11:32:00+09:00,네이버,FORM-42-DEN-F,2,325920,58000,26074,8148,3500,0,0,ONLINE,온라인몰,Denim Skirt,BOTTOM,EVENT14-20260820-09-03,1,KR,KRW,CUST-0413,서울,마포구,paid,정상 범위,v2
2026-08-20T12:45:00+09:00,W컨셉,FORM-42-DEN-F,2,295680,58000,44352,10349,3500,0,0,ONLINE,온라인몰,Denim Skirt,BOTTOM,EVENT14-20260820-09-04,1,KR,KRW,CUST-0424,경기,성남시,paid,정상 범위,v2
2026-08-20T13:58:00+09:00,매장 POS,FORM-42-DEN-F,2,325920,58000,6518,3259,0,0,0,STORE-GANGNAM,강남점,Denim Skirt,BOTTOM,EVENT14-20260820-09-05,1,KR,KRW,CUST-0435,서울,강남구,paid,정상 범위,v2
2026-08-20T20:04:00+09:00,자사몰,COVE-14-BLK-F,2,442320,76000,17693,15481,3500,0,0,ONLINE,온라인몰,Maxi Dress,DRESS,EVENT14-20260820-10-00,1,KR,KRW,CUST-0417,서울,성동구,paid,정상 범위,v2
2026-08-20T10:17:00+09:00,무신사,COVE-14-BLK-F,2,419520,76000,50342,18878,3500,0,0,ONLINE,온라인몰,Maxi Dress,DRESS,EVENT14-20260820-10-01,1,KR,KRW,CUST-0428,서울,강남구,paid,정상 범위,v2
2026-08-20T11:30:00+09:00,29CM,COVE-14-BLK-F,2,428640,76000,60010,17146,3500,0,0,ONLINE,온라인몰,Maxi Dress,DRESS,EVENT14-20260820-10-02,1,KR,KRW,CUST-0439,서울,마포구,paid,정상 범위,v2
2026-08-20T12:43:00+09:00,네이버,COVE-14-BLK-F,2,442320,76000,35386,11058,3500,0,0,ONLINE,온라인몰,Maxi Dress,DRESS,EVENT14-20260820-10-03,1,KR,KRW,CUST-0450,경기,성남시,paid,정상 범위,v2
2026-08-20T13:56:00+09:00,W컨셉,COVE-14-BLK-F,2,401280,76000,60192,14045,3500,0,0,ONLINE,온라인몰,Maxi Dress,DRESS,EVENT14-20260820-10-04,1,KR,KRW,CUST-0461,경기,수원시,paid,정상 범위,v2
2026-08-20T14:09:00+09:00,매장 POS,COVE-14-BLK-F,1,221160,76000,4423,2212,0,6500,1,STORE-HANNAM,한남점,Maxi Dress,DRESS,EVENT14-20260820-10-05,1,KR,KRW,CUST-0472,서울,용산구,paid,정상 범위,v2
2026-08-20T10:15:00+09:00,자사몰,EDGE-28-GRY-F,2,519920,91000,20797,18197,3500,0,0,ONLINE,온라인몰,Zip Jacket,OUTER,EVENT14-20260820-11-00,1,KR,KRW,CUST-0454,서울,강남구,paid,정상 범위,v2
2026-08-20T11:28:00+09:00,무신사,EDGE-28-GRY-F,2,493120,91000,59174,22190,3500,0,0,ONLINE,온라인몰,Zip Jacket,OUTER,EVENT14-20260820-11-01,1,KR,KRW,CUST-0465,서울,마포구,paid,정상 범위,v2
2026-08-20T12:41:00+09:00,29CM,EDGE-28-GRY-F,1,251920,91000,35269,10077,3500,0,0,ONLINE,온라인몰,Zip Jacket,OUTER,EVENT14-20260820-11-02,1,KR,KRW,CUST-0476,경기,성남시,paid,정상 범위,v2
2026-08-20T13:54:00+09:00,네이버,EDGE-28-GRY-F,1,259960,91000,20797,6499,3500,0,0,ONLINE,온라인몰,Zip Jacket,OUTER,EVENT14-20260820-11-03,1,KR,KRW,CUST-0487,경기,수원시,paid,정상 범위,v2
2026-08-20T14:07:00+09:00,W컨셉,EDGE-28-GRY-F,1,235840,91000,35376,8254,3500,0,0,ONLINE,온라인몰,Zip Jacket,OUTER,EVENT14-20260820-11-04,1,KR,KRW,CUST-0498,부산,해운대구,paid,정상 범위,v2
2026-08-20T15:20:00+09:00,매장 POS,EDGE-28-GRY-F,1,259960,91000,5199,2600,0,0,0,STORE-BUSAN,부산 센텀,Zip Jacket,OUTER,EVENT14-20260820-11-05,1,KR,KRW,CUST-0509,부산,해운대구,paid,정상 범위,v2
2026-08-21T10:21:00+09:00,자사몰,ARC-07-BLK-F,5,1202800,82000,48112,42098,3500,0,0,ONLINE,온라인몰,Utility Jacket,OUTER,EVENT14-20260821-00-00,1,KR,KRW,CUST-0070,서울,강남구,paid,정상 범위,v2
2026-08-21T11:34:00+09:00,무신사,ARC-07-BLK-F,6,1368960,82000,164275,61603,3500,0,0,ONLINE,온라인몰,Utility Jacket,OUTER,EVENT14-20260821-00-01,1,KR,KRW,CUST-0081,서울,마포구,paid,정상 범위,v2
2026-08-21T12:47:00+09:00,29CM,ARC-07-BLK-F,4,932480,82000,130547,37299,3500,0,0,ONLINE,온라인몰,Utility Jacket,OUTER,EVENT14-20260821-00-02,1,KR,KRW,CUST-0092,경기,성남시,paid,정상 범위,v2
2026-08-21T13:00:00+09:00,네이버,ARC-07-BLK-F,3,721680,82000,57734,18042,3500,0,0,ONLINE,온라인몰,Utility Jacket,OUTER,EVENT14-20260821-00-03,1,KR,KRW,CUST-0103,경기,수원시,paid,정상 범위,v2
2026-08-21T14:13:00+09:00,W컨셉,ARC-07-BLK-F,3,654720,82000,98208,22915,3500,0,0,ONLINE,온라인몰,Utility Jacket,OUTER,EVENT14-20260821-00-04,1,KR,KRW,CUST-0114,부산,해운대구,paid,정상 범위,v2
2026-08-21T15:26:00+09:00,매장 POS,ARC-07-BLK-F,3,721680,82000,14434,7217,0,0,0,STORE-BUSAN,부산 센텀,Utility Jacket,OUTER,EVENT14-20260821-00-05,1,KR,KRW,CUST-0125,부산,해운대구,paid,정상 범위,v2
2026-08-21T11:32:00+09:00,자사몰,FLOW-22-BLK-F,4,613040,51000,24522,21456,3500,0,0,ONLINE,온라인몰,Drape Pants,BOTTOM,EVENT14-20260821-01-00,1,KR,KRW,CUST-0107,서울,마포구,paid,정상 범위,v2
2026-08-21T12:45:00+09:00,무신사,FLOW-22-BLK-F,5,726800,51000,87216,32706,3500,0,0,ONLINE,온라인몰,Drape Pants,BOTTOM,EVENT14-20260821-01-01,1,KR,KRW,CUST-0118,경기,성남시,paid,정상 범위,v2
2026-08-21T13:58:00+09:00,29CM,FLOW-22-BLK-F,3,445560,51000,62378,17822,3500,0,0,ONLINE,온라인몰,Drape Pants,BOTTOM,EVENT14-20260821-01-02,1,KR,KRW,CUST-0129,경기,수원시,paid,정상 범위,v2
2026-08-21T14:11:00+09:00,네이버,FLOW-22-BLK-F,4,613040,51000,49043,15326,3500,0,0,ONLINE,온라인몰,Drape Pants,BOTTOM,EVENT14-20260821-01-03,1,KR,KRW,CUST-0140,부산,해운대구,paid,정상 범위,v2
2026-08-21T15:24:00+09:00,W컨셉,FLOW-22-BLK-F,3,417120,51000,62568,14599,3500,0,0,ONLINE,온라인몰,Drape Pants,BOTTOM,EVENT14-20260821-01-04,1,KR,KRW,CUST-0151,인천,연수구,paid,정상 범위,v2
2026-08-21T16:37:00+09:00,매장 POS,FLOW-22-BLK-F,3,459780,51000,9196,4598,0,0,0,STORE-SHANGHAI,상하이 IFC,Drape Pants,BOTTOM,EVENT14-20260821-01-05,1,CN,KRW,CUST-0162,上海,浦东新区,paid,정상 범위,v2
2026-08-21T12:43:00+09:00,자사몰,EASE-19-CRM-F,3,290280,36000,11611,10160,3500,0,0,ONLINE,온라인몰,Layer Top,TOP,EVENT14-20260821-02-00,1,KR,KRW,CUST-0144,경기,성남시,paid,EASE-19 판매 둔화·반품 증가,v2
2026-08-21T13:56:00+09:00,무신사,EASE-19-CRM-F,3,290280,36000,34834,13063,3500,0,0,ONLINE,온라인몰,Layer Top,TOP,EVENT14-20260821-02-01,1,KR,KRW,CUST-0155,경기,수원시,paid,EASE-19 판매 둔화·반품 증가,v2
2026-08-21T14:09:00+09:00,29CM,EASE-19-CRM-F,2,193520,36000,27093,7741,3500,0,0,ONLINE,온라인몰,Layer Top,TOP,EVENT14-20260821-02-02,1,KR,KRW,CUST-0166,부산,해운대구,paid,EASE-19 판매 둔화·반품 증가,v2
2026-08-21T15:22:00+09:00,네이버,EASE-19-CRM-F,2,193520,36000,15482,4838,3500,0,0,ONLINE,온라인몰,Layer Top,TOP,EVENT14-20260821-02-03,1,KR,KRW,CUST-0177,인천,연수구,paid,EASE-19 판매 둔화·반품 증가,v2
2026-08-21T16:35:00+09:00,W컨셉,EASE-19-CRM-F,2,193520,36000,29028,6773,3500,0,0,ONLINE,온라인몰,Layer Top,TOP,EVENT14-20260821-02-04,1,KR,KRW,CUST-0188,대구,수성구,paid,EASE-19 판매 둔화·반품 증가,v2
2026-08-21T17:48:00+09:00,매장 POS,EASE-19-CRM-F,2,193520,36000,3870,1935,0,0,0,STORE-SEONGSU,성수 플래그십,Layer Top,TOP,EVENT14-20260821-02-05,1,KR,KRW,CUST-0199,서울,성동구,paid,EASE-19 판매 둔화·반품 증가,v2
2026-08-21T13:54:00+09:00,자사몰,NOVA-11-NVY-F,3,634380,72000,25375,22203,3500,0,0,ONLINE,온라인몰,Volume Dress,DRESS,EVENT14-20260821-03-00,1,KR,KRW,CUST-0181,경기,수원시,paid,정상 범위,v2
2026-08-21T14:07:00+09:00,무신사,NOVA-11-NVY-F,3,601680,72000,72202,27076,3500,0,0,ONLINE,온라인몰,Volume Dress,DRESS,EVENT14-20260821-03-01,1,KR,KRW,CUST-0192,부산,해운대구,paid,정상 범위,v2
2026-08-21T15:20:00+09:00,29CM,NOVA-11-NVY-F,3,0,72000,0,0,0,0,0,ONLINE,온라인몰,Volume Dress,DRESS,EVENT14-20260821-03-02,1,KR,KRW,CUST-0203,인천,연수구,cancelled,정상 범위,v2
2026-08-21T16:33:00+09:00,네이버,NOVA-11-NVY-F,3,634380,72000,50750,15860,3500,0,0,ONLINE,온라인몰,Volume Dress,DRESS,EVENT14-20260821-03-03,1,KR,KRW,CUST-0214,대구,수성구,paid,정상 범위,v2
2026-08-21T17:46:00+09:00,W컨셉,NOVA-11-NVY-F,3,575520,72000,86328,20143,3500,0,0,ONLINE,온라인몰,Volume Dress,DRESS,EVENT14-20260821-03-04,1,KR,KRW,CUST-0225,서울,성동구,paid,정상 범위,v2
2026-08-21T18:59:00+09:00,매장 POS,NOVA-11-NVY-F,2,422920,72000,8458,4229,0,0,0,STORE-GANGNAM,강남점,Volume Dress,DRESS,EVENT14-20260821-03-05,1,KR,KRW,CUST-0236,서울,강남구,paid,정상 범위,v2
2026-08-21T14:05:00+09:00,자사몰,AIR-24-NVY-F,4,768240,68000,30730,26888,3500,0,0,ONLINE,온라인몰,Airy Volume Dress,DRESS,EVENT14-20260821-04-00,1,KR,KRW,CUST-0218,부산,해운대구,paid,정상 범위,v2
2026-08-21T15:18:00+09:00,무신사,AIR-24-NVY-F,4,728640,68000,87437,32789,3500,6500,1,ONLINE,온라인몰,Airy Volume Dress,DRESS,EVENT14-20260821-04-01,1,KR,KRW,CUST-0229,인천,연수구,paid,정상 범위,v2
2026-08-21T16:31:00+09:00,29CM,AIR-24-NVY-F,3,558360,68000,78170,22334,3500,0,0,ONLINE,온라인몰,Airy Volume Dress,DRESS,EVENT14-20260821-04-02,1,KR,KRW,CUST-0240,대구,수성구,paid,정상 범위,v2
2026-08-21T17:44:00+09:00,네이버,AIR-24-NVY-F,3,576180,68000,46094,14405,3500,0,0,ONLINE,온라인몰,Airy Volume Dress,DRESS,EVENT14-20260821-04-03,1,KR,KRW,CUST-0251,서울,성동구,paid,정상 범위,v2
2026-08-21T18:57:00+09:00,W컨셉,AIR-24-NVY-F,3,522720,68000,78408,18295,3500,0,0,ONLINE,온라인몰,Airy Volume Dress,DRESS,EVENT14-20260821-04-04,1,KR,KRW,CUST-0262,서울,강남구,paid,정상 범위,v2
2026-08-21T19:10:00+09:00,매장 POS,AIR-24-NVY-F,2,384120,68000,7682,3841,0,0,0,STORE-HANNAM,한남점,Airy Volume Dress,DRESS,EVENT14-20260821-04-05,1,KR,KRW,CUST-0273,서울,용산구,paid,정상 범위,v2
2026-08-21T15:16:00+09:00,자사몰,WAVE-31-WHT-F,3,430680,44000,17227,15074,3500,0,0,ONLINE,온라인몰,Sheer Shirt,TOP,EVENT14-20260821-05-00,1,KR,KRW,CUST-0255,인천,연수구,paid,정상 범위,v2
2026-08-21T16:29:00+09:00,무신사,WAVE-31-WHT-F,4,544640,44000,65357,24509,3500,0,0,ONLINE,온라인몰,Sheer Shirt,TOP,EVENT14-20260821-05-01,1,KR,KRW,CUST-0266,대구,수성구,paid,정상 범위,v2
2026-08-21T17:42:00+09:00,29CM,WAVE-31-WHT-F,2,278240,44000,38954,11130,3500,0,0,ONLINE,온라인몰,Sheer Shirt,TOP,EVENT14-20260821-05-02,1,KR,KRW,CUST-0277,서울,성동구,paid,정상 범위,v2
2026-08-21T18:55:00+09:00,네이버,WAVE-31-WHT-F,3,430680,44000,34454,10767,3500,0,0,ONLINE,온라인몰,Sheer Shirt,TOP,EVENT14-20260821-05-03,1,KR,KRW,CUST-0288,서울,강남구,paid,정상 범위,v2
2026-08-21T19:08:00+09:00,W컨셉,WAVE-31-WHT-F,2,260480,44000,39072,9117,3500,0,0,ONLINE,온라인몰,Sheer Shirt,TOP,EVENT14-20260821-05-04,1,KR,KRW,CUST-0299,서울,마포구,paid,정상 범위,v2
2026-08-21T20:21:00+09:00,매장 POS,WAVE-31-WHT-F,2,287120,44000,5742,2871,0,0,0,STORE-BUSAN,부산 센텀,Sheer Shirt,TOP,EVENT14-20260821-05-05,1,KR,KRW,CUST-0310,부산,해운대구,paid,정상 범위,v2
2026-08-21T16:27:00+09:00,자사몰,MOSS-18-BLK-F,1,104880,42000,4195,3671,3500,0,0,ONLINE,온라인몰,Volume Bermuda,BOTTOM,EVENT14-20260821-06-00,1,KR,KRW,CUST-0292,대구,수성구,paid,MOSS-18 과잉재고·판매 둔화,v2
2026-08-21T17:40:00+09:00,무신사,MOSS-18-BLK-F,1,104880,42000,12586,4720,3500,0,0,ONLINE,온라인몰,Volume Bermuda,BOTTOM,EVENT14-20260821-06-01,1,KR,KRW,CUST-0303,서울,성동구,paid,MOSS-18 과잉재고·판매 둔화,v2
2026-08-21T18:53:00+09:00,29CM,MOSS-18-BLK-F,1,104880,42000,14683,4195,3500,0,0,ONLINE,온라인몰,Volume Bermuda,BOTTOM,EVENT14-20260821-06-02,1,KR,KRW,CUST-0314,서울,강남구,paid,MOSS-18 과잉재고·판매 둔화,v2
2026-08-21T19:06:00+09:00,네이버,MOSS-18-BLK-F,1,104880,42000,8390,2622,3500,0,0,ONLINE,온라인몰,Volume Bermuda,BOTTOM,EVENT14-20260821-06-03,1,KR,KRW,CUST-0325,서울,마포구,paid,MOSS-18 과잉재고·판매 둔화,v2
2026-08-21T20:19:00+09:00,W컨셉,MOSS-18-BLK-F,1,104880,42000,15732,3671,3500,0,0,ONLINE,온라인몰,Volume Bermuda,BOTTOM,EVENT14-20260821-06-04,1,KR,KRW,CUST-0336,경기,성남시,paid,MOSS-18 과잉재고·판매 둔화,v2
2026-08-21T10:32:00+09:00,매장 POS,MOSS-18-BLK-F,1,104880,42000,2098,1049,0,0,0,STORE-SHANGHAI,상하이 IFC,Volume Bermuda,BOTTOM,EVENT14-20260821-06-05,1,CN,KRW,CUST-0347,上海,浦东新区,paid,MOSS-18 과잉재고·판매 둔화,v2
2026-08-21T17:38:00+09:00,자사몰,LUME-09-BEG-F,3,517980,59000,20719,18129,3500,0,0,ONLINE,온라인몰,Knit Cardigan,KNIT,EVENT14-20260821-07-00,1,KR,KRW,CUST-0329,서울,성동구,paid,정상 범위,v2
2026-08-21T18:51:00+09:00,무신사,LUME-09-BEG-F,3,491280,59000,58954,22108,3500,0,0,ONLINE,온라인몰,Knit Cardigan,KNIT,EVENT14-20260821-07-01,1,KR,KRW,CUST-0340,서울,강남구,paid,정상 범위,v2
2026-08-21T19:04:00+09:00,29CM,LUME-09-BEG-F,2,334640,59000,46850,13386,3500,0,0,ONLINE,온라인몰,Knit Cardigan,KNIT,EVENT14-20260821-07-02,1,KR,KRW,CUST-0351,서울,마포구,paid,정상 범위,v2
2026-08-21T20:17:00+09:00,네이버,LUME-09-BEG-F,2,345320,59000,27626,8633,3500,0,0,ONLINE,온라인몰,Knit Cardigan,KNIT,EVENT14-20260821-07-03,1,KR,KRW,CUST-0362,경기,성남시,paid,정상 범위,v2
2026-08-21T10:30:00+09:00,W컨셉,LUME-09-BEG-F,1,156640,59000,23496,5482,3500,0,0,ONLINE,온라인몰,Knit Cardigan,KNIT,EVENT14-20260821-07-04,1,KR,KRW,CUST-0373,경기,수원시,paid,정상 범위,v2
2026-08-21T11:43:00+09:00,매장 POS,LUME-09-BEG-F,2,345320,59000,6906,3453,0,0,0,STORE-SEONGSU,성수 플래그십,Knit Cardigan,KNIT,EVENT14-20260821-07-05,1,KR,KRW,CUST-0384,서울,성동구,paid,정상 범위,v2
2026-08-21T18:49:00+09:00,자사몰,CORE-55-WHT-F,6,395760,19000,15830,13852,3500,0,0,ONLINE,온라인몰,Logo Tee,TOP,EVENT14-20260821-08-00,1,KR,KRW,CUST-0366,서울,강남구,paid,정상 범위,v2
2026-08-21T19:02:00+09:00,무신사,CORE-55-WHT-F,5,312800,19000,37536,14076,3500,0,0,ONLINE,온라인몰,Logo Tee,TOP,EVENT14-20260821-08-01,1,KR,KRW,CUST-0377,서울,마포구,paid,정상 범위,v2
2026-08-21T20:15:00+09:00,29CM,CORE-55-WHT-F,4,255680,19000,35795,10227,3500,0,0,ONLINE,온라인몰,Logo Tee,TOP,EVENT14-20260821-08-02,1,KR,KRW,CUST-0388,경기,성남시,paid,정상 범위,v2
2026-08-21T10:28:00+09:00,네이버,CORE-55-WHT-F,4,263840,19000,21107,6596,3500,0,0,ONLINE,온라인몰,Logo Tee,TOP,EVENT14-20260821-08-03,1,KR,KRW,CUST-0399,경기,수원시,paid,정상 범위,v2
2026-08-21T11:41:00+09:00,W컨셉,CORE-55-WHT-F,4,239360,19000,35904,8378,3500,0,0,ONLINE,온라인몰,Logo Tee,TOP,EVENT14-20260821-08-04,1,KR,KRW,CUST-0410,부산,해운대구,paid,정상 범위,v2
2026-08-21T12:54:00+09:00,매장 POS,CORE-55-WHT-F,3,197880,19000,3958,1979,0,0,0,STORE-GANGNAM,강남점,Logo Tee,TOP,EVENT14-20260821-08-05,1,KR,KRW,CUST-0421,서울,강남구,paid,정상 범위,v2
2026-08-21T19:00:00+09:00,자사몰,FORM-42-DEN-F,2,325920,58000,13037,11407,3500,6500,1,ONLINE,온라인몰,Denim Skirt,BOTTOM,EVENT14-20260821-09-00,1,KR,KRW,CUST-0403,서울,마포구,paid,정상 범위,v2
2026-08-21T20:13:00+09:00,무신사,FORM-42-DEN-F,3,463680,58000,55642,20866,3500,0,0,ONLINE,온라인몰,Denim Skirt,BOTTOM,EVENT14-20260821-09-01,1,KR,KRW,CUST-0414,경기,성남시,paid,정상 범위,v2
2026-08-21T10:26:00+09:00,29CM,FORM-42-DEN-F,2,315840,58000,44218,12634,3500,0,0,ONLINE,온라인몰,Denim Skirt,BOTTOM,EVENT14-20260821-09-02,1,KR,KRW,CUST-0425,경기,수원시,paid,정상 범위,v2
2026-08-21T11:39:00+09:00,네이버,FORM-42-DEN-F,2,325920,58000,26074,8148,3500,0,0,ONLINE,온라인몰,Denim Skirt,BOTTOM,EVENT14-20260821-09-03,1,KR,KRW,CUST-0436,부산,해운대구,paid,정상 범위,v2
2026-08-21T12:52:00+09:00,W컨셉,FORM-42-DEN-F,2,295680,58000,44352,10349,3500,0,0,ONLINE,온라인몰,Denim Skirt,BOTTOM,EVENT14-20260821-09-04,1,KR,KRW,CUST-0447,인천,연수구,paid,정상 범위,v2
2026-08-21T13:05:00+09:00,매장 POS,FORM-42-DEN-F,1,162960,58000,3259,1630,0,0,0,STORE-HANNAM,한남점,Denim Skirt,BOTTOM,EVENT14-20260821-09-05,1,KR,KRW,CUST-0458,서울,용산구,paid,정상 범위,v2
2026-08-21T20:11:00+09:00,자사몰,COVE-14-BLK-F,2,442320,76000,17693,15481,3500,0,0,ONLINE,온라인몰,Maxi Dress,DRESS,EVENT14-20260821-10-00,1,KR,KRW,CUST-0440,경기,성남시,paid,정상 범위,v2
2026-08-21T10:24:00+09:00,무신사,COVE-14-BLK-F,3,629280,76000,75514,28318,3500,0,0,ONLINE,온라인몰,Maxi Dress,DRESS,EVENT14-20260821-10-01,1,KR,KRW,CUST-0451,경기,수원시,paid,정상 범위,v2
2026-08-21T11:37:00+09:00,29CM,COVE-14-BLK-F,1,214320,76000,30005,8573,3500,0,0,ONLINE,온라인몰,Maxi Dress,DRESS,EVENT14-20260821-10-02,1,KR,KRW,CUST-0462,부산,해운대구,paid,정상 범위,v2
2026-08-21T12:50:00+09:00,네이버,COVE-14-BLK-F,2,442320,76000,35386,11058,3500,0,0,ONLINE,온라인몰,Maxi Dress,DRESS,EVENT14-20260821-10-03,1,KR,KRW,CUST-0473,인천,연수구,paid,정상 범위,v2
2026-08-21T13:03:00+09:00,W컨셉,COVE-14-BLK-F,1,200640,76000,30096,7022,3500,0,0,ONLINE,온라인몰,Maxi Dress,DRESS,EVENT14-20260821-10-04,1,KR,KRW,CUST-0484,대구,수성구,paid,정상 범위,v2
2026-08-21T14:16:00+09:00,매장 POS,COVE-14-BLK-F,2,442320,76000,8846,4423,0,0,0,STORE-BUSAN,부산 센텀,Maxi Dress,DRESS,EVENT14-20260821-10-05,1,KR,KRW,CUST-0495,부산,해운대구,paid,정상 범위,v2
2026-08-21T10:22:00+09:00,자사몰,EDGE-28-GRY-F,2,519920,91000,20797,18197,3500,0,0,ONLINE,온라인몰,Zip Jacket,OUTER,EVENT14-20260821-11-00,1,KR,KRW,CUST-0477,경기,수원시,paid,정상 범위,v2
2026-08-21T11:35:00+09:00,무신사,EDGE-28-GRY-F,2,493120,91000,59174,22190,3500,0,0,ONLINE,온라인몰,Zip Jacket,OUTER,EVENT14-20260821-11-01,1,KR,KRW,CUST-0488,부산,해운대구,paid,정상 범위,v2
2026-08-21T12:48:00+09:00,29CM,EDGE-28-GRY-F,1,251920,91000,35269,10077,3500,0,0,ONLINE,온라인몰,Zip Jacket,OUTER,EVENT14-20260821-11-02,1,KR,KRW,CUST-0499,인천,연수구,paid,정상 범위,v2
2026-08-21T13:01:00+09:00,네이버,EDGE-28-GRY-F,2,519920,91000,41594,12998,3500,0,0,ONLINE,온라인몰,Zip Jacket,OUTER,EVENT14-20260821-11-03,1,KR,KRW,CUST-0510,대구,수성구,paid,정상 범위,v2
2026-08-21T14:14:00+09:00,W컨셉,EDGE-28-GRY-F,1,235840,91000,35376,8254,3500,0,0,ONLINE,온라인몰,Zip Jacket,OUTER,EVENT14-20260821-11-04,1,KR,KRW,CUST-0521,서울,성동구,paid,정상 범위,v2
2026-08-21T15:27:00+09:00,매장 POS,EDGE-28-GRY-F,1,259960,91000,5199,2600,0,0,0,STORE-SHANGHAI,상하이 IFC,Zip Jacket,OUTER,EVENT14-20260821-11-05,1,CN,KRW,CUST-0532,上海,浦东新区,paid,정상 범위,v2
2026-08-22T10:28:00+09:00,자사몰,ARC-07-BLK-F,7,1683920,82000,67357,58937,3500,0,0,ONLINE,온라인몰,Utility Jacket,OUTER,EVENT14-20260822-00-00,1,KR,KRW,CUST-0093,경기,수원시,paid,정상 범위,v2
2026-08-22T11:41:00+09:00,무신사,ARC-07-BLK-F,6,1368960,82000,164275,61603,3500,0,0,ONLINE,온라인몰,Utility Jacket,OUTER,EVENT14-20260822-00-01,1,KR,KRW,CUST-0104,부산,해운대구,paid,정상 범위,v2
2026-08-22T12:54:00+09:00,29CM,ARC-07-BLK-F,5,1165600,82000,163184,46624,3500,0,0,ONLINE,온라인몰,Utility Jacket,OUTER,EVENT14-20260822-00-02,1,KR,KRW,CUST-0115,인천,연수구,paid,정상 범위,v2
2026-08-22T13:07:00+09:00,네이버,ARC-07-BLK-F,5,1202800,82000,96224,30070,3500,0,0,ONLINE,온라인몰,Utility Jacket,OUTER,EVENT14-20260822-00-03,1,KR,KRW,CUST-0126,대구,수성구,paid,정상 범위,v2
2026-08-22T14:20:00+09:00,W컨셉,ARC-07-BLK-F,3,654720,82000,98208,22915,3500,0,0,ONLINE,온라인몰,Utility Jacket,OUTER,EVENT14-20260822-00-04,1,KR,KRW,CUST-0137,서울,성동구,paid,정상 범위,v2
2026-08-22T15:33:00+09:00,매장 POS,ARC-07-BLK-F,4,962240,82000,19245,9622,0,0,0,STORE-SHANGHAI,상하이 IFC,Utility Jacket,OUTER,EVENT14-20260822-00-05,1,CN,KRW,CUST-0148,上海,浦东新区,paid,정상 범위,v2
2026-08-22T11:39:00+09:00,자사몰,FLOW-22-BLK-F,6,919560,51000,36782,32185,3500,0,0,ONLINE,온라인몰,Drape Pants,BOTTOM,EVENT14-20260822-01-00,1,KR,KRW,CUST-0130,부산,해운대구,paid,정상 범위,v2
2026-08-22T12:52:00+09:00,무신사,FLOW-22-BLK-F,5,726800,51000,87216,32706,3500,0,0,ONLINE,온라인몰,Drape Pants,BOTTOM,EVENT14-20260822-01-01,1,KR,KRW,CUST-0141,인천,연수구,paid,정상 범위,v2
2026-08-22T13:05:00+09:00,29CM,FLOW-22-BLK-F,4,594080,51000,83171,23763,3500,0,0,ONLINE,온라인몰,Drape Pants,BOTTOM,EVENT14-20260822-01-02,1,KR,KRW,CUST-0152,대구,수성구,paid,정상 범위,v2
2026-08-22T14:18:00+09:00,네이버,FLOW-22-BLK-F,4,0,51000,0,0,0,0,0,ONLINE,온라인몰,Drape Pants,BOTTOM,EVENT14-20260822-01-03,1,KR,KRW,CUST-0163,서울,성동구,cancelled,정상 범위,v2
2026-08-22T15:31:00+09:00,W컨셉,FLOW-22-BLK-F,4,556160,51000,83424,19466,3500,0,0,ONLINE,온라인몰,Drape Pants,BOTTOM,EVENT14-20260822-01-04,1,KR,KRW,CUST-0174,서울,강남구,paid,정상 범위,v2
2026-08-22T16:44:00+09:00,매장 POS,FLOW-22-BLK-F,3,459780,51000,9196,4598,0,0,0,STORE-SEONGSU,성수 플래그십,Drape Pants,BOTTOM,EVENT14-20260822-01-05,1,KR,KRW,CUST-0185,서울,성동구,paid,정상 범위,v2
2026-08-22T12:50:00+09:00,자사몰,EASE-19-CRM-F,3,290280,36000,11611,10160,3500,0,0,ONLINE,온라인몰,Layer Top,TOP,EVENT14-20260822-02-00,1,KR,KRW,CUST-0167,인천,연수구,paid,EASE-19 판매 둔화·반품 증가,v2
2026-08-22T13:03:00+09:00,무신사,EASE-19-CRM-F,4,387040,36000,46445,17417,3500,0,0,ONLINE,온라인몰,Layer Top,TOP,EVENT14-20260822-02-01,1,KR,KRW,CUST-0178,대구,수성구,paid,EASE-19 판매 둔화·반품 증가,v2
2026-08-22T14:16:00+09:00,29CM,EASE-19-CRM-F,2,193520,36000,27093,7741,3500,6500,1,ONLINE,온라인몰,Layer Top,TOP,EVENT14-20260822-02-02,1,KR,KRW,CUST-0189,서울,성동구,paid,EASE-19 판매 둔화·반품 증가,v2
2026-08-22T15:29:00+09:00,네이버,EASE-19-CRM-F,2,193520,36000,15482,4838,3500,0,0,ONLINE,온라인몰,Layer Top,TOP,EVENT14-20260822-02-03,1,KR,KRW,CUST-0200,서울,강남구,paid,EASE-19 판매 둔화·반품 증가,v2
2026-08-22T16:42:00+09:00,W컨셉,EASE-19-CRM-F,2,193520,36000,29028,6773,3500,0,0,ONLINE,온라인몰,Layer Top,TOP,EVENT14-20260822-02-04,1,KR,KRW,CUST-0211,서울,마포구,paid,EASE-19 판매 둔화·반품 증가,v2
2026-08-22T17:55:00+09:00,매장 POS,EASE-19-CRM-F,2,193520,36000,3870,1935,0,0,0,STORE-GANGNAM,강남점,Layer Top,TOP,EVENT14-20260822-02-05,1,KR,KRW,CUST-0222,서울,강남구,paid,EASE-19 판매 둔화·반품 증가,v2
2026-08-22T13:01:00+09:00,자사몰,NOVA-11-NVY-F,3,634380,72000,25375,22203,3500,0,0,ONLINE,온라인몰,Volume Dress,DRESS,EVENT14-20260822-03-00,1,KR,KRW,CUST-0204,대구,수성구,paid,정상 범위,v2
2026-08-22T14:14:00+09:00,무신사,NOVA-11-NVY-F,4,802240,72000,96269,36101,3500,0,0,ONLINE,온라인몰,Volume Dress,DRESS,EVENT14-20260822-03-01,1,KR,KRW,CUST-0215,서울,성동구,paid,정상 범위,v2
2026-08-22T15:27:00+09:00,29CM,NOVA-11-NVY-F,3,614760,72000,86066,24590,3500,0,0,ONLINE,온라인몰,Volume Dress,DRESS,EVENT14-20260822-03-02,1,KR,KRW,CUST-0226,서울,강남구,paid,정상 범위,v2
2026-08-22T16:40:00+09:00,네이버,NOVA-11-NVY-F,4,845840,72000,67667,21146,3500,0,0,ONLINE,온라인몰,Volume Dress,DRESS,EVENT14-20260822-03-03,1,KR,KRW,CUST-0237,서울,마포구,paid,정상 범위,v2
2026-08-22T17:53:00+09:00,W컨셉,NOVA-11-NVY-F,2,383680,72000,57552,13429,3500,0,0,ONLINE,온라인몰,Volume Dress,DRESS,EVENT14-20260822-03-04,1,KR,KRW,CUST-0248,경기,성남시,paid,정상 범위,v2
2026-08-22T18:06:00+09:00,매장 POS,NOVA-11-NVY-F,3,634380,72000,12688,6344,0,0,0,STORE-HANNAM,한남점,Volume Dress,DRESS,EVENT14-20260822-03-05,1,KR,KRW,CUST-0259,서울,용산구,paid,정상 범위,v2
2026-08-22T14:12:00+09:00,자사몰,AIR-24-NVY-F,6,1152360,68000,46094,40333,3500,0,0,ONLINE,온라인몰,Airy Volume Dress,DRESS,EVENT14-20260822-04-00,1,KR,KRW,CUST-0241,서울,성동구,paid,정상 범위,v2
2026-08-22T15:25:00+09:00,무신사,AIR-24-NVY-F,5,910800,68000,109296,40986,3500,0,0,ONLINE,온라인몰,Airy Volume Dress,DRESS,EVENT14-20260822-04-01,1,KR,KRW,CUST-0252,서울,강남구,paid,정상 범위,v2
2026-08-22T16:38:00+09:00,29CM,AIR-24-NVY-F,3,558360,68000,78170,22334,3500,0,0,ONLINE,온라인몰,Airy Volume Dress,DRESS,EVENT14-20260822-04-02,1,KR,KRW,CUST-0263,서울,마포구,paid,정상 범위,v2
2026-08-22T17:51:00+09:00,네이버,AIR-24-NVY-F,4,768240,68000,61459,19206,3500,0,0,ONLINE,온라인몰,Airy Volume Dress,DRESS,EVENT14-20260822-04-03,1,KR,KRW,CUST-0274,경기,성남시,paid,정상 범위,v2
2026-08-22T18:04:00+09:00,W컨셉,AIR-24-NVY-F,3,522720,68000,78408,18295,3500,0,0,ONLINE,온라인몰,Airy Volume Dress,DRESS,EVENT14-20260822-04-04,1,KR,KRW,CUST-0285,경기,수원시,paid,정상 범위,v2
2026-08-22T19:17:00+09:00,매장 POS,AIR-24-NVY-F,3,576180,68000,11524,5762,0,0,0,STORE-BUSAN,부산 센텀,Airy Volume Dress,DRESS,EVENT14-20260822-04-05,1,KR,KRW,CUST-0296,부산,해운대구,paid,정상 범위,v2
2026-08-22T15:23:00+09:00,자사몰,WAVE-31-WHT-F,4,574240,44000,22970,20098,3500,0,0,ONLINE,온라인몰,Sheer Shirt,TOP,EVENT14-20260822-05-00,1,KR,KRW,CUST-0278,서울,강남구,paid,정상 범위,v2
2026-08-22T16:36:00+09:00,무신사,WAVE-31-WHT-F,4,544640,44000,65357,24509,3500,0,0,ONLINE,온라인몰,Sheer Shirt,TOP,EVENT14-20260822-05-01,1,KR,KRW,CUST-0289,서울,마포구,paid,정상 범위,v2
2026-08-22T17:49:00+09:00,29CM,WAVE-31-WHT-F,3,417360,44000,58430,16694,3500,0,0,ONLINE,온라인몰,Sheer Shirt,TOP,EVENT14-20260822-05-02,1,KR,KRW,CUST-0300,경기,성남시,paid,정상 범위,v2
2026-08-22T18:02:00+09:00,네이버,WAVE-31-WHT-F,3,430680,44000,34454,10767,3500,0,0,ONLINE,온라인몰,Sheer Shirt,TOP,EVENT14-20260822-05-03,1,KR,KRW,CUST-0311,경기,수원시,paid,정상 범위,v2
2026-08-22T19:15:00+09:00,W컨셉,WAVE-31-WHT-F,3,390720,44000,58608,13675,3500,0,0,ONLINE,온라인몰,Sheer Shirt,TOP,EVENT14-20260822-05-04,1,KR,KRW,CUST-0322,부산,해운대구,paid,정상 범위,v2
2026-08-22T20:28:00+09:00,매장 POS,WAVE-31-WHT-F,2,287120,44000,5742,2871,0,0,0,STORE-SHANGHAI,상하이 IFC,Sheer Shirt,TOP,EVENT14-20260822-05-05,1,CN,KRW,CUST-0333,上海,浦东新区,paid,정상 범위,v2
2026-08-22T16:34:00+09:00,자사몰,MOSS-18-BLK-F,1,104880,42000,4195,3671,3500,0,0,ONLINE,온라인몰,Volume Bermuda,BOTTOM,EVENT14-20260822-06-00,1,KR,KRW,CUST-0315,서울,마포구,paid,MOSS-18 과잉재고·판매 둔화,v2
2026-08-22T17:47:00+09:00,무신사,MOSS-18-BLK-F,1,104880,42000,12586,4720,3500,0,0,ONLINE,온라인몰,Volume Bermuda,BOTTOM,EVENT14-20260822-06-01,1,KR,KRW,CUST-0326,경기,성남시,paid,MOSS-18 과잉재고·판매 둔화,v2
2026-08-22T18:00:00+09:00,29CM,MOSS-18-BLK-F,1,104880,42000,14683,4195,3500,0,0,ONLINE,온라인몰,Volume Bermuda,BOTTOM,EVENT14-20260822-06-02,1,KR,KRW,CUST-0337,경기,수원시,paid,MOSS-18 과잉재고·판매 둔화,v2
2026-08-22T19:13:00+09:00,네이버,MOSS-18-BLK-F,1,104880,42000,8390,2622,3500,0,0,ONLINE,온라인몰,Volume Bermuda,BOTTOM,EVENT14-20260822-06-03,1,KR,KRW,CUST-0348,부산,해운대구,paid,MOSS-18 과잉재고·판매 둔화,v2
2026-08-22T20:26:00+09:00,W컨셉,MOSS-18-BLK-F,1,104880,42000,15732,3671,3500,0,0,ONLINE,온라인몰,Volume Bermuda,BOTTOM,EVENT14-20260822-06-04,1,KR,KRW,CUST-0359,인천,연수구,paid,MOSS-18 과잉재고·판매 둔화,v2
2026-08-22T10:39:00+09:00,매장 POS,MOSS-18-BLK-F,1,104880,42000,2098,1049,0,0,0,STORE-SEONGSU,성수 플래그십,Volume Bermuda,BOTTOM,EVENT14-20260822-06-05,1,KR,KRW,CUST-0370,서울,성동구,paid,MOSS-18 과잉재고·판매 둔화,v2
2026-08-22T17:45:00+09:00,자사몰,LUME-09-BEG-F,3,517980,59000,20719,18129,3500,0,0,ONLINE,온라인몰,Knit Cardigan,KNIT,EVENT14-20260822-07-00,1,KR,KRW,CUST-0352,경기,성남시,paid,정상 범위,v2
2026-08-22T18:58:00+09:00,무신사,LUME-09-BEG-F,4,655040,59000,78605,29477,3500,6500,1,ONLINE,온라인몰,Knit Cardigan,KNIT,EVENT14-20260822-07-01,1,KR,KRW,CUST-0363,경기,수원시,paid,정상 범위,v2
2026-08-22T19:11:00+09:00,29CM,LUME-09-BEG-F,2,334640,59000,46850,13386,3500,0,0,ONLINE,온라인몰,Knit Cardigan,KNIT,EVENT14-20260822-07-02,1,KR,KRW,CUST-0374,부산,해운대구,paid,정상 범위,v2
2026-08-22T20:24:00+09:00,네이버,LUME-09-BEG-F,3,517980,59000,41438,12950,3500,0,0,ONLINE,온라인몰,Knit Cardigan,KNIT,EVENT14-20260822-07-03,1,KR,KRW,CUST-0385,인천,연수구,paid,정상 범위,v2
2026-08-22T10:37:00+09:00,W컨셉,LUME-09-BEG-F,2,313280,59000,46992,10965,3500,0,0,ONLINE,온라인몰,Knit Cardigan,KNIT,EVENT14-20260822-07-04,1,KR,KRW,CUST-0396,대구,수성구,paid,정상 범위,v2
2026-08-22T11:50:00+09:00,매장 POS,LUME-09-BEG-F,1,172660,59000,3453,1727,0,0,0,STORE-GANGNAM,강남점,Knit Cardigan,KNIT,EVENT14-20260822-07-05,1,KR,KRW,CUST-0407,서울,강남구,paid,정상 범위,v2
2026-08-22T18:56:00+09:00,자사몰,CORE-55-WHT-F,5,329800,19000,13192,11543,3500,0,0,ONLINE,온라인몰,Logo Tee,TOP,EVENT14-20260822-08-00,1,KR,KRW,CUST-0389,경기,수원시,paid,정상 범위,v2
2026-08-22T19:09:00+09:00,무신사,CORE-55-WHT-F,7,437920,19000,52550,19706,3500,0,0,ONLINE,온라인몰,Logo Tee,TOP,EVENT14-20260822-08-01,1,KR,KRW,CUST-0400,부산,해운대구,paid,정상 범위,v2
2026-08-22T20:22:00+09:00,29CM,CORE-55-WHT-F,4,255680,19000,35795,10227,3500,0,0,ONLINE,온라인몰,Logo Tee,TOP,EVENT14-20260822-08-02,1,KR,KRW,CUST-0411,인천,연수구,paid,정상 범위,v2
2026-08-22T10:35:00+09:00,네이버,CORE-55-WHT-F,6,395760,19000,31661,9894,3500,0,0,ONLINE,온라인몰,Logo Tee,TOP,EVENT14-20260822-08-03,1,KR,KRW,CUST-0422,대구,수성구,paid,정상 범위,v2
2026-08-22T11:48:00+09:00,W컨셉,CORE-55-WHT-F,4,239360,19000,35904,8378,3500,0,0,ONLINE,온라인몰,Logo Tee,TOP,EVENT14-20260822-08-04,1,KR,KRW,CUST-0433,서울,성동구,paid,정상 범위,v2
2026-08-22T12:01:00+09:00,매장 POS,CORE-55-WHT-F,5,329800,19000,6596,3298,0,0,0,STORE-HANNAM,한남점,Logo Tee,TOP,EVENT14-20260822-08-05,1,KR,KRW,CUST-0444,서울,용산구,paid,정상 범위,v2
2026-08-22T19:07:00+09:00,자사몰,FORM-42-DEN-F,4,651840,58000,26074,22814,3500,0,0,ONLINE,온라인몰,Denim Skirt,BOTTOM,EVENT14-20260822-09-00,1,KR,KRW,CUST-0426,부산,해운대구,paid,정상 범위,v2
2026-08-22T20:20:00+09:00,무신사,FORM-42-DEN-F,3,463680,58000,55642,20866,3500,0,0,ONLINE,온라인몰,Denim Skirt,BOTTOM,EVENT14-20260822-09-01,1,KR,KRW,CUST-0437,인천,연수구,paid,정상 범위,v2
2026-08-22T10:33:00+09:00,29CM,FORM-42-DEN-F,3,473760,58000,66326,18950,3500,0,0,ONLINE,온라인몰,Denim Skirt,BOTTOM,EVENT14-20260822-09-02,1,KR,KRW,CUST-0448,대구,수성구,paid,정상 범위,v2
2026-08-22T11:46:00+09:00,네이버,FORM-42-DEN-F,3,488880,58000,39110,12222,3500,0,0,ONLINE,온라인몰,Denim Skirt,BOTTOM,EVENT14-20260822-09-03,1,KR,KRW,CUST-0459,서울,성동구,paid,정상 범위,v2
2026-08-22T12:59:00+09:00,W컨셉,FORM-42-DEN-F,2,295680,58000,44352,10349,3500,0,0,ONLINE,온라인몰,Denim Skirt,BOTTOM,EVENT14-20260822-09-04,1,KR,KRW,CUST-0470,서울,강남구,paid,정상 범위,v2
2026-08-22T13:12:00+09:00,매장 POS,FORM-42-DEN-F,2,325920,58000,6518,3259,0,0,0,STORE-BUSAN,부산 센텀,Denim Skirt,BOTTOM,EVENT14-20260822-09-05,1,KR,KRW,CUST-0481,부산,해운대구,paid,정상 범위,v2
2026-08-22T20:18:00+09:00,자사몰,COVE-14-BLK-F,3,663480,76000,26539,23222,3500,0,0,ONLINE,온라인몰,Maxi Dress,DRESS,EVENT14-20260822-10-00,1,KR,KRW,CUST-0463,인천,연수구,paid,정상 범위,v2
2026-08-22T10:31:00+09:00,무신사,COVE-14-BLK-F,2,419520,76000,50342,18878,3500,0,0,ONLINE,온라인몰,Maxi Dress,DRESS,EVENT14-20260822-10-01,1,KR,KRW,CUST-0474,대구,수성구,paid,정상 범위,v2
2026-08-22T11:44:00+09:00,29CM,COVE-14-BLK-F,2,0,76000,0,0,0,0,0,ONLINE,온라인몰,Maxi Dress,DRESS,EVENT14-20260822-10-02,1,KR,KRW,CUST-0485,서울,성동구,cancelled,정상 범위,v2
2026-08-22T12:57:00+09:00,네이버,COVE-14-BLK-F,2,442320,76000,35386,11058,3500,0,0,ONLINE,온라인몰,Maxi Dress,DRESS,EVENT14-20260822-10-03,1,KR,KRW,CUST-0496,서울,강남구,paid,정상 범위,v2
2026-08-22T13:10:00+09:00,W컨셉,COVE-14-BLK-F,2,401280,76000,60192,14045,3500,0,0,ONLINE,온라인몰,Maxi Dress,DRESS,EVENT14-20260822-10-04,1,KR,KRW,CUST-0507,서울,마포구,paid,정상 범위,v2
2026-08-22T14:23:00+09:00,매장 POS,COVE-14-BLK-F,1,221160,76000,4423,2212,0,0,0,STORE-SHANGHAI,상하이 IFC,Maxi Dress,DRESS,EVENT14-20260822-10-05,1,CN,KRW,CUST-0518,上海,浦东新区,paid,정상 범위,v2
2026-08-22T10:29:00+09:00,자사몰,EDGE-28-GRY-F,2,519920,91000,20797,18197,3500,0,0,ONLINE,온라인몰,Zip Jacket,OUTER,EVENT14-20260822-11-00,1,KR,KRW,CUST-0500,대구,수성구,paid,정상 범위,v2
2026-08-22T11:42:00+09:00,무신사,EDGE-28-GRY-F,3,739680,91000,88762,33286,3500,0,0,ONLINE,온라인몰,Zip Jacket,OUTER,EVENT14-20260822-11-01,1,KR,KRW,CUST-0511,서울,성동구,paid,정상 범위,v2
2026-08-22T12:55:00+09:00,29CM,EDGE-28-GRY-F,2,503840,91000,70538,20154,3500,0,0,ONLINE,온라인몰,Zip Jacket,OUTER,EVENT14-20260822-11-02,1,KR,KRW,CUST-0522,서울,강남구,paid,정상 범위,v2
2026-08-22T13:08:00+09:00,네이버,EDGE-28-GRY-F,1,259960,91000,20797,6499,3500,0,0,ONLINE,온라인몰,Zip Jacket,OUTER,EVENT14-20260822-11-03,1,KR,KRW,CUST-0533,서울,마포구,paid,정상 범위,v2
2026-08-22T14:21:00+09:00,W컨셉,EDGE-28-GRY-F,2,471680,91000,70752,16509,3500,0,0,ONLINE,온라인몰,Zip Jacket,OUTER,EVENT14-20260822-11-04,1,KR,KRW,CUST-0544,경기,성남시,paid,정상 범위,v2
2026-08-22T15:34:00+09:00,매장 POS,EDGE-28-GRY-F,1,259960,91000,5199,2600,0,0,0,STORE-SEONGSU,성수 플래그십,Zip Jacket,OUTER,EVENT14-20260822-11-05,1,KR,KRW,CUST-0555,서울,성동구,paid,정상 범위,v2
2026-08-23T10:35:00+09:00,자사몰,ARC-07-BLK-F,5,1202800,82000,48112,42098,3500,0,0,ONLINE,온라인몰,Utility Jacket,OUTER,EVENT14-20260823-00-00,1,KR,KRW,CUST-0116,대구,수성구,paid,정상 범위,v2
2026-08-23T11:48:00+09:00,무신사,ARC-07-BLK-F,7,1597120,82000,191654,71870,3500,0,0,ONLINE,온라인몰,Utility Jacket,OUTER,EVENT14-20260823-00-01,1,KR,KRW,CUST-0127,서울,성동구,paid,정상 범위,v2
2026-08-23T12:01:00+09:00,29CM,ARC-07-BLK-F,4,932480,82000,130547,37299,3500,0,0,ONLINE,온라인몰,Utility Jacket,OUTER,EVENT14-20260823-00-02,1,KR,KRW,CUST-0138,서울,강남구,paid,정상 범위,v2
2026-08-23T13:14:00+09:00,네이버,ARC-07-BLK-F,6,1443360,82000,115469,36084,3500,6500,1,ONLINE,온라인몰,Utility Jacket,OUTER,EVENT14-20260823-00-03,1,KR,KRW,CUST-0149,서울,마포구,paid,정상 범위,v2
2026-08-23T14:27:00+09:00,W컨셉,ARC-07-BLK-F,4,872960,82000,130944,30554,3500,0,0,ONLINE,온라인몰,Utility Jacket,OUTER,EVENT14-20260823-00-04,1,KR,KRW,CUST-0160,경기,성남시,paid,정상 범위,v2
2026-08-23T15:40:00+09:00,매장 POS,ARC-07-BLK-F,3,721680,82000,14434,7217,0,0,0,STORE-SEONGSU,성수 플래그십,Utility Jacket,OUTER,EVENT14-20260823-00-05,1,KR,KRW,CUST-0171,서울,성동구,paid,정상 범위,v2
2026-08-23T11:46:00+09:00,자사몰,FLOW-22-BLK-F,4,613040,51000,24522,21456,3500,0,0,ONLINE,온라인몰,Drape Pants,BOTTOM,EVENT14-20260823-01-00,1,KR,KRW,CUST-0153,서울,성동구,paid,정상 범위,v2
2026-08-23T12:59:00+09:00,무신사,FLOW-22-BLK-F,6,872160,51000,104659,39247,3500,0,0,ONLINE,온라인몰,Drape Pants,BOTTOM,EVENT14-20260823-01-01,1,KR,KRW,CUST-0164,서울,강남구,paid,정상 범위,v2
2026-08-23T13:12:00+09:00,29CM,FLOW-22-BLK-F,3,445560,51000,62378,17822,3500,0,0,ONLINE,온라인몰,Drape Pants,BOTTOM,EVENT14-20260823-01-02,1,KR,KRW,CUST-0175,서울,마포구,paid,정상 범위,v2
2026-08-23T14:25:00+09:00,네이버,FLOW-22-BLK-F,5,766300,51000,61304,19158,3500,0,0,ONLINE,온라인몰,Drape Pants,BOTTOM,EVENT14-20260823-01-03,1,KR,KRW,CUST-0186,경기,성남시,paid,정상 범위,v2
2026-08-23T15:38:00+09:00,W컨셉,FLOW-22-BLK-F,3,417120,51000,62568,14599,3500,0,0,ONLINE,온라인몰,Drape Pants,BOTTOM,EVENT14-20260823-01-04,1,KR,KRW,CUST-0197,경기,수원시,paid,정상 범위,v2
2026-08-23T16:51:00+09:00,매장 POS,FLOW-22-BLK-F,4,613040,51000,12261,6130,0,0,0,STORE-GANGNAM,강남점,Drape Pants,BOTTOM,EVENT14-20260823-01-05,1,KR,KRW,CUST-0208,서울,강남구,paid,정상 범위,v2
2026-08-23T12:57:00+09:00,자사몰,EASE-19-CRM-F,3,290280,36000,11611,10160,3500,6500,1,ONLINE,온라인몰,Layer Top,TOP,EVENT14-20260823-02-00,1,KR,KRW,CUST-0190,서울,강남구,paid,EASE-19 판매 둔화·반품 증가,v2
2026-08-23T13:10:00+09:00,무신사,EASE-19-CRM-F,2,193520,36000,23222,8708,3500,0,0,ONLINE,온라인몰,Layer Top,TOP,EVENT14-20260823-02-01,1,KR,KRW,CUST-0201,서울,마포구,paid,EASE-19 판매 둔화·반품 증가,v2
2026-08-23T14:23:00+09:00,29CM,EASE-19-CRM-F,2,193520,36000,27093,7741,3500,6500,1,ONLINE,온라인몰,Layer Top,TOP,EVENT14-20260823-02-02,1,KR,KRW,CUST-0212,경기,성남시,paid,EASE-19 판매 둔화·반품 증가,v2
2026-08-23T15:36:00+09:00,네이버,EASE-19-CRM-F,2,193520,36000,15482,4838,3500,0,0,ONLINE,온라인몰,Layer Top,TOP,EVENT14-20260823-02-03,1,KR,KRW,CUST-0223,경기,수원시,paid,EASE-19 판매 둔화·반품 증가,v2
2026-08-23T16:49:00+09:00,W컨셉,EASE-19-CRM-F,1,96760,36000,14514,3387,3500,6500,1,ONLINE,온라인몰,Layer Top,TOP,EVENT14-20260823-02-04,1,KR,KRW,CUST-0234,부산,해운대구,paid,EASE-19 판매 둔화·반품 증가,v2
2026-08-23T17:02:00+09:00,매장 POS,EASE-19-CRM-F,2,193520,36000,3870,1935,0,0,0,STORE-HANNAM,한남점,Layer Top,TOP,EVENT14-20260823-02-05,1,KR,KRW,CUST-0245,서울,용산구,paid,EASE-19 판매 둔화·반품 증가,v2
2026-08-23T13:08:00+09:00,자사몰,NOVA-11-NVY-F,4,845840,72000,33834,29604,3500,0,0,ONLINE,온라인몰,Volume Dress,DRESS,EVENT14-20260823-03-00,1,KR,KRW,CUST-0227,서울,마포구,paid,정상 범위,v2
2026-08-23T14:21:00+09:00,무신사,NOVA-11-NVY-F,3,601680,72000,72202,27076,3500,0,0,ONLINE,온라인몰,Volume Dress,DRESS,EVENT14-20260823-03-01,1,KR,KRW,CUST-0238,경기,성남시,paid,정상 범위,v2
2026-08-23T15:34:00+09:00,29CM,NOVA-11-NVY-F,3,614760,72000,86066,24590,3500,0,0,ONLINE,온라인몰,Volume Dress,DRESS,EVENT14-20260823-03-02,1,KR,KRW,CUST-0249,경기,수원시,paid,정상 범위,v2
2026-08-23T16:47:00+09:00,네이버,NOVA-11-NVY-F,3,634380,72000,50750,15860,3500,0,0,ONLINE,온라인몰,Volume Dress,DRESS,EVENT14-20260823-03-03,1,KR,KRW,CUST-0260,부산,해운대구,paid,정상 범위,v2
2026-08-23T17:00:00+09:00,W컨셉,NOVA-11-NVY-F,3,575520,72000,86328,20143,3500,0,0,ONLINE,온라인몰,Volume Dress,DRESS,EVENT14-20260823-03-04,1,KR,KRW,CUST-0271,인천,연수구,paid,정상 범위,v2
2026-08-23T18:13:00+09:00,매장 POS,NOVA-11-NVY-F,2,422920,72000,8458,4229,0,0,0,STORE-BUSAN,부산 센텀,Volume Dress,DRESS,EVENT14-20260823-03-05,1,KR,KRW,CUST-0282,부산,해운대구,paid,정상 범위,v2
2026-08-23T14:19:00+09:00,자사몰,AIR-24-NVY-F,5,960300,68000,38412,33611,3500,0,0,ONLINE,온라인몰,Airy Volume Dress,DRESS,EVENT14-20260823-04-00,1,KR,KRW,CUST-0264,경기,성남시,paid,정상 범위,v2
2026-08-23T15:32:00+09:00,무신사,AIR-24-NVY-F,6,1092960,68000,131155,49183,3500,0,0,ONLINE,온라인몰,Airy Volume Dress,DRESS,EVENT14-20260823-04-01,1,KR,KRW,CUST-0275,경기,수원시,paid,정상 범위,v2
2026-08-23T16:45:00+09:00,29CM,AIR-24-NVY-F,4,744480,68000,104227,29779,3500,0,0,ONLINE,온라인몰,Airy Volume Dress,DRESS,EVENT14-20260823-04-02,1,KR,KRW,CUST-0286,부산,해운대구,paid,정상 범위,v2
2026-08-23T17:58:00+09:00,네이버,AIR-24-NVY-F,3,576180,68000,46094,14405,3500,0,0,ONLINE,온라인몰,Airy Volume Dress,DRESS,EVENT14-20260823-04-03,1,KR,KRW,CUST-0297,인천,연수구,paid,정상 범위,v2
2026-08-23T18:11:00+09:00,W컨셉,AIR-24-NVY-F,3,522720,68000,78408,18295,3500,0,0,ONLINE,온라인몰,Airy Volume Dress,DRESS,EVENT14-20260823-04-04,1,KR,KRW,CUST-0308,대구,수성구,paid,정상 범위,v2
2026-08-23T19:24:00+09:00,매장 POS,AIR-24-NVY-F,3,576180,68000,11524,5762,0,0,0,STORE-SHANGHAI,상하이 IFC,Airy Volume Dress,DRESS,EVENT14-20260823-04-05,1,CN,KRW,CUST-0319,上海,浦东新区,paid,정상 범위,v2
2026-08-23T15:30:00+09:00,자사몰,WAVE-31-WHT-F,3,430680,44000,17227,15074,3500,0,0,ONLINE,온라인몰,Sheer Shirt,TOP,EVENT14-20260823-05-00,1,KR,KRW,CUST-0301,경기,수원시,paid,정상 범위,v2
2026-08-23T16:43:00+09:00,무신사,WAVE-31-WHT-F,4,544640,44000,65357,24509,3500,0,0,ONLINE,온라인몰,Sheer Shirt,TOP,EVENT14-20260823-05-01,1,KR,KRW,CUST-0312,부산,해운대구,paid,정상 범위,v2
2026-08-23T17:56:00+09:00,29CM,WAVE-31-WHT-F,2,278240,44000,38954,11130,3500,6500,1,ONLINE,온라인몰,Sheer Shirt,TOP,EVENT14-20260823-05-02,1,KR,KRW,CUST-0323,인천,연수구,paid,정상 범위,v2
2026-08-23T18:09:00+09:00,네이버,WAVE-31-WHT-F,4,574240,44000,45939,14356,3500,0,0,ONLINE,온라인몰,Sheer Shirt,TOP,EVENT14-20260823-05-03,1,KR,KRW,CUST-0334,대구,수성구,paid,정상 범위,v2
2026-08-23T19:22:00+09:00,W컨셉,WAVE-31-WHT-F,2,260480,44000,39072,9117,3500,0,0,ONLINE,온라인몰,Sheer Shirt,TOP,EVENT14-20260823-05-04,1,KR,KRW,CUST-0345,서울,성동구,paid,정상 범위,v2
2026-08-23T20:35:00+09:00,매장 POS,WAVE-31-WHT-F,3,430680,44000,8614,4307,0,0,0,STORE-SEONGSU,성수 플래그십,Sheer Shirt,TOP,EVENT14-20260823-05-05,1,KR,KRW,CUST-0356,서울,성동구,paid,정상 범위,v2
2026-08-23T16:41:00+09:00,자사몰,MOSS-18-BLK-F,1,104880,42000,4195,3671,3500,0,0,ONLINE,온라인몰,Volume Bermuda,BOTTOM,EVENT14-20260823-06-00,1,KR,KRW,CUST-0338,부산,해운대구,paid,MOSS-18 과잉재고·판매 둔화,v2
2026-08-23T17:54:00+09:00,무신사,MOSS-18-BLK-F,1,104880,42000,12586,4720,3500,0,0,ONLINE,온라인몰,Volume Bermuda,BOTTOM,EVENT14-20260823-06-01,1,KR,KRW,CUST-0349,인천,연수구,paid,MOSS-18 과잉재고·판매 둔화,v2
2026-08-23T18:07:00+09:00,29CM,MOSS-18-BLK-F,1,104880,42000,14683,4195,3500,0,0,ONLINE,온라인몰,Volume Bermuda,BOTTOM,EVENT14-20260823-06-02,1,KR,KRW,CUST-0360,대구,수성구,paid,MOSS-18 과잉재고·판매 둔화,v2
2026-08-23T19:20:00+09:00,네이버,MOSS-18-BLK-F,1,104880,42000,8390,2622,3500,0,0,ONLINE,온라인몰,Volume Bermuda,BOTTOM,EVENT14-20260823-06-03,1,KR,KRW,CUST-0371,서울,성동구,paid,MOSS-18 과잉재고·판매 둔화,v2
2026-08-23T20:33:00+09:00,W컨셉,MOSS-18-BLK-F,1,104880,42000,15732,3671,3500,0,0,ONLINE,온라인몰,Volume Bermuda,BOTTOM,EVENT14-20260823-06-04,1,KR,KRW,CUST-0382,서울,강남구,paid,MOSS-18 과잉재고·판매 둔화,v2
2026-08-23T10:46:00+09:00,매장 POS,MOSS-18-BLK-F,1,104880,42000,2098,1049,0,0,0,STORE-GANGNAM,강남점,Volume Bermuda,BOTTOM,EVENT14-20260823-06-05,1,KR,KRW,CUST-0393,서울,강남구,paid,MOSS-18 과잉재고·판매 둔화,v2
2026-08-23T17:52:00+09:00,자사몰,LUME-09-BEG-F,3,517980,59000,20719,18129,3500,0,0,ONLINE,온라인몰,Knit Cardigan,KNIT,EVENT14-20260823-07-00,1,KR,KRW,CUST-0375,인천,연수구,paid,정상 범위,v2
2026-08-23T18:05:00+09:00,무신사,LUME-09-BEG-F,3,491280,59000,58954,22108,3500,0,0,ONLINE,온라인몰,Knit Cardigan,KNIT,EVENT14-20260823-07-01,1,KR,KRW,CUST-0386,대구,수성구,paid,정상 범위,v2
2026-08-23T19:18:00+09:00,29CM,LUME-09-BEG-F,2,334640,59000,46850,13386,3500,0,0,ONLINE,온라인몰,Knit Cardigan,KNIT,EVENT14-20260823-07-02,1,KR,KRW,CUST-0397,서울,성동구,paid,정상 범위,v2
2026-08-23T20:31:00+09:00,네이버,LUME-09-BEG-F,2,345320,59000,27626,8633,3500,0,0,ONLINE,온라인몰,Knit Cardigan,KNIT,EVENT14-20260823-07-03,1,KR,KRW,CUST-0408,서울,강남구,paid,정상 범위,v2
2026-08-23T10:44:00+09:00,W컨셉,LUME-09-BEG-F,2,313280,59000,46992,10965,3500,0,0,ONLINE,온라인몰,Knit Cardigan,KNIT,EVENT14-20260823-07-04,1,KR,KRW,CUST-0419,서울,마포구,paid,정상 범위,v2
2026-08-23T11:57:00+09:00,매장 POS,LUME-09-BEG-F,2,345320,59000,6906,3453,0,0,0,STORE-HANNAM,한남점,Knit Cardigan,KNIT,EVENT14-20260823-07-05,1,KR,KRW,CUST-0430,서울,용산구,paid,정상 범위,v2
2026-08-23T18:03:00+09:00,자사몰,CORE-55-WHT-F,6,395760,19000,15830,13852,3500,0,0,ONLINE,온라인몰,Logo Tee,TOP,EVENT14-20260823-08-00,1,KR,KRW,CUST-0412,대구,수성구,paid,정상 범위,v2
2026-08-23T19:16:00+09:00,무신사,CORE-55-WHT-F,5,312800,19000,37536,14076,3500,0,0,ONLINE,온라인몰,Logo Tee,TOP,EVENT14-20260823-08-01,1,KR,KRW,CUST-0423,서울,성동구,paid,정상 범위,v2
2026-08-23T20:29:00+09:00,29CM,CORE-55-WHT-F,5,319600,19000,44744,12784,3500,0,0,ONLINE,온라인몰,Logo Tee,TOP,EVENT14-20260823-08-02,1,KR,KRW,CUST-0434,서울,강남구,paid,정상 범위,v2
2026-08-23T10:42:00+09:00,네이버,CORE-55-WHT-F,5,0,19000,0,0,0,0,0,ONLINE,온라인몰,Logo Tee,TOP,EVENT14-20260823-08-03,1,KR,KRW,CUST-0445,서울,마포구,cancelled,정상 범위,v2
2026-08-23T11:55:00+09:00,W컨셉,CORE-55-WHT-F,5,299200,19000,44880,10472,3500,0,0,ONLINE,온라인몰,Logo Tee,TOP,EVENT14-20260823-08-04,1,KR,KRW,CUST-0456,경기,성남시,paid,정상 범위,v2
2026-08-23T12:08:00+09:00,매장 POS,CORE-55-WHT-F,4,263840,19000,5277,2638,0,0,0,STORE-BUSAN,부산 센텀,Logo Tee,TOP,EVENT14-20260823-08-05,1,KR,KRW,CUST-0467,부산,해운대구,paid,정상 범위,v2
2026-08-23T19:14:00+09:00,자사몰,FORM-42-DEN-F,3,488880,58000,19555,17111,3500,0,0,ONLINE,온라인몰,Denim Skirt,BOTTOM,EVENT14-20260823-09-00,1,KR,KRW,CUST-0449,서울,성동구,paid,정상 범위,v2
2026-08-23T20:27:00+09:00,무신사,FORM-42-DEN-F,4,618240,58000,74189,27821,3500,0,0,ONLINE,온라인몰,Denim Skirt,BOTTOM,EVENT14-20260823-09-01,1,KR,KRW,CUST-0460,서울,강남구,paid,정상 범위,v2
2026-08-23T10:40:00+09:00,29CM,FORM-42-DEN-F,2,315840,58000,44218,12634,3500,0,0,ONLINE,온라인몰,Denim Skirt,BOTTOM,EVENT14-20260823-09-02,1,KR,KRW,CUST-0471,서울,마포구,paid,정상 범위,v2
2026-08-23T11:53:00+09:00,네이버,FORM-42-DEN-F,3,488880,58000,39110,12222,3500,0,0,ONLINE,온라인몰,Denim Skirt,BOTTOM,EVENT14-20260823-09-03,1,KR,KRW,CUST-0482,경기,성남시,paid,정상 범위,v2
2026-08-23T12:06:00+09:00,W컨셉,FORM-42-DEN-F,2,295680,58000,44352,10349,3500,0,0,ONLINE,온라인몰,Denim Skirt,BOTTOM,EVENT14-20260823-09-04,1,KR,KRW,CUST-0493,경기,수원시,paid,정상 범위,v2
2026-08-23T13:19:00+09:00,매장 POS,FORM-42-DEN-F,2,325920,58000,6518,3259,0,0,0,STORE-SHANGHAI,상하이 IFC,Denim Skirt,BOTTOM,EVENT14-20260823-09-05,1,CN,KRW,CUST-0504,上海,浦东新区,paid,정상 범위,v2
2026-08-23T20:25:00+09:00,자사몰,COVE-14-BLK-F,2,442320,76000,17693,15481,3500,0,0,ONLINE,온라인몰,Maxi Dress,DRESS,EVENT14-20260823-10-00,1,KR,KRW,CUST-0486,서울,강남구,paid,정상 범위,v2
2026-08-23T10:38:00+09:00,무신사,COVE-14-BLK-F,3,629280,76000,75514,28318,3500,6500,1,ONLINE,온라인몰,Maxi Dress,DRESS,EVENT14-20260823-10-01,1,KR,KRW,CUST-0497,서울,마포구,paid,정상 범위,v2
2026-08-23T11:51:00+09:00,29CM,COVE-14-BLK-F,2,428640,76000,60010,17146,3500,0,0,ONLINE,온라인몰,Maxi Dress,DRESS,EVENT14-20260823-10-02,1,KR,KRW,CUST-0508,경기,성남시,paid,정상 범위,v2
2026-08-23T12:04:00+09:00,네이버,COVE-14-BLK-F,2,442320,76000,35386,11058,3500,0,0,ONLINE,온라인몰,Maxi Dress,DRESS,EVENT14-20260823-10-03,1,KR,KRW,CUST-0519,경기,수원시,paid,정상 범위,v2
2026-08-23T13:17:00+09:00,W컨셉,COVE-14-BLK-F,1,200640,76000,30096,7022,3500,0,0,ONLINE,온라인몰,Maxi Dress,DRESS,EVENT14-20260823-10-04,1,KR,KRW,CUST-0530,부산,해운대구,paid,정상 범위,v2
2026-08-23T14:30:00+09:00,매장 POS,COVE-14-BLK-F,2,442320,76000,8846,4423,0,0,0,STORE-SEONGSU,성수 플래그십,Maxi Dress,DRESS,EVENT14-20260823-10-05,1,KR,KRW,CUST-0541,서울,성동구,paid,정상 범위,v2
2026-08-23T10:36:00+09:00,자사몰,EDGE-28-GRY-F,2,519920,91000,20797,18197,3500,0,0,ONLINE,온라인몰,Zip Jacket,OUTER,EVENT14-20260823-11-00,1,KR,KRW,CUST-0523,서울,마포구,paid,정상 범위,v2
2026-08-23T11:49:00+09:00,무신사,EDGE-28-GRY-F,2,493120,91000,59174,22190,3500,0,0,ONLINE,온라인몰,Zip Jacket,OUTER,EVENT14-20260823-11-01,1,KR,KRW,CUST-0534,경기,성남시,paid,정상 범위,v2
2026-08-23T12:02:00+09:00,29CM,EDGE-28-GRY-F,2,503840,91000,70538,20154,3500,0,0,ONLINE,온라인몰,Zip Jacket,OUTER,EVENT14-20260823-11-02,1,KR,KRW,CUST-0545,경기,수원시,paid,정상 범위,v2
2026-08-23T13:15:00+09:00,네이버,EDGE-28-GRY-F,2,519920,91000,41594,12998,3500,0,0,ONLINE,온라인몰,Zip Jacket,OUTER,EVENT14-20260823-11-03,1,KR,KRW,CUST-0556,부산,해운대구,paid,정상 범위,v2
2026-08-23T14:28:00+09:00,W컨셉,EDGE-28-GRY-F,1,235840,91000,35376,8254,3500,0,0,ONLINE,온라인몰,Zip Jacket,OUTER,EVENT14-20260823-11-04,1,KR,KRW,CUST-0567,인천,연수구,paid,정상 범위,v2
2026-08-23T15:41:00+09:00,매장 POS,EDGE-28-GRY-F,1,259960,91000,5199,2600,0,0,0,STORE-GANGNAM,강남점,Zip Jacket,OUTER,EVENT14-20260823-11-05,1,KR,KRW,CUST-0578,서울,강남구,paid,정상 범위,v2
2026-08-24T10:42:00+09:00,자사몰,ARC-07-BLK-F,5,1202800,82000,48112,42098,3500,0,0,ONLINE,온라인몰,Utility Jacket,OUTER,EVENT14-20260824-00-00,1,KR,KRW,CUST-0139,서울,마포구,paid,정상 범위,v2
2026-08-24T11:55:00+09:00,무신사,ARC-07-BLK-F,5,1140800,82000,136896,51336,3500,0,0,ONLINE,온라인몰,Utility Jacket,OUTER,EVENT14-20260824-00-01,1,KR,KRW,CUST-0150,경기,성남시,paid,정상 범위,v2
2026-08-24T12:08:00+09:00,29CM,ARC-07-BLK-F,4,932480,82000,130547,37299,3500,0,0,ONLINE,온라인몰,Utility Jacket,OUTER,EVENT14-20260824-00-02,1,KR,KRW,CUST-0161,경기,수원시,paid,정상 범위,v2
2026-08-24T13:21:00+09:00,네이버,ARC-07-BLK-F,4,962240,82000,76979,24056,3500,0,0,ONLINE,온라인몰,Utility Jacket,OUTER,EVENT14-20260824-00-03,1,KR,KRW,CUST-0172,부산,해운대구,paid,정상 범위,v2
2026-08-24T14:34:00+09:00,W컨셉,ARC-07-BLK-F,4,872960,82000,130944,30554,3500,0,0,ONLINE,온라인몰,Utility Jacket,OUTER,EVENT14-20260824-00-04,1,KR,KRW,CUST-0183,인천,연수구,paid,정상 범위,v2
2026-08-24T15:47:00+09:00,매장 POS,ARC-07-BLK-F,3,721680,82000,14434,7217,0,0,0,STORE-GANGNAM,강남점,Utility Jacket,OUTER,EVENT14-20260824-00-05,1,KR,KRW,CUST-0194,서울,강남구,paid,정상 범위,v2
2026-08-24T11:53:00+09:00,자사몰,FLOW-22-BLK-F,5,766300,51000,30652,26821,3500,0,0,ONLINE,온라인몰,Drape Pants,BOTTOM,EVENT14-20260824-01-00,1,KR,KRW,CUST-0176,경기,성남시,paid,정상 범위,v2
2026-08-24T12:06:00+09:00,무신사,FLOW-22-BLK-F,4,581440,51000,69773,26165,3500,0,0,ONLINE,온라인몰,Drape Pants,BOTTOM,EVENT14-20260824-01-01,1,KR,KRW,CUST-0187,경기,수원시,paid,정상 범위,v2
2026-08-24T13:19:00+09:00,29CM,FLOW-22-BLK-F,4,594080,51000,83171,23763,3500,0,0,ONLINE,온라인몰,Drape Pants,BOTTOM,EVENT14-20260824-01-02,1,KR,KRW,CUST-0198,부산,해운대구,paid,정상 범위,v2
2026-08-24T14:32:00+09:00,네이버,FLOW-22-BLK-F,3,459780,51000,36782,11495,3500,0,0,ONLINE,온라인몰,Drape Pants,BOTTOM,EVENT14-20260824-01-03,1,KR,KRW,CUST-0209,인천,연수구,paid,정상 범위,v2
2026-08-24T15:45:00+09:00,W컨셉,FLOW-22-BLK-F,3,417120,51000,62568,14599,3500,0,0,ONLINE,온라인몰,Drape Pants,BOTTOM,EVENT14-20260824-01-04,1,KR,KRW,CUST-0220,대구,수성구,paid,정상 범위,v2
2026-08-24T16:58:00+09:00,매장 POS,FLOW-22-BLK-F,3,459780,51000,9196,4598,0,0,0,STORE-HANNAM,한남점,Drape Pants,BOTTOM,EVENT14-20260824-01-05,1,KR,KRW,CUST-0231,서울,용산구,paid,정상 범위,v2
2026-08-24T12:04:00+09:00,자사몰,EASE-19-CRM-F,2,193520,36000,7741,6773,3500,6500,1,ONLINE,온라인몰,Layer Top,TOP,EVENT14-20260824-02-00,1,KR,KRW,CUST-0213,경기,수원시,paid,EASE-19 판매 둔화·반품 증가,v2
2026-08-24T13:17:00+09:00,무신사,EASE-19-CRM-F,2,193520,36000,23222,8708,3500,0,0,ONLINE,온라인몰,Layer Top,TOP,EVENT14-20260824-02-01,1,KR,KRW,CUST-0224,부산,해운대구,paid,EASE-19 판매 둔화·반품 증가,v2
2026-08-24T14:30:00+09:00,29CM,EASE-19-CRM-F,1,96760,36000,13546,3870,3500,6500,1,ONLINE,온라인몰,Layer Top,TOP,EVENT14-20260824-02-02,1,KR,KRW,CUST-0235,인천,연수구,paid,EASE-19 판매 둔화·반품 증가,v2
2026-08-24T15:43:00+09:00,네이버,EASE-19-CRM-F,2,193520,36000,15482,4838,3500,0,0,ONLINE,온라인몰,Layer Top,TOP,EVENT14-20260824-02-03,1,KR,KRW,CUST-0246,대구,수성구,paid,EASE-19 판매 둔화·반품 증가,v2
2026-08-24T16:56:00+09:00,W컨셉,EASE-19-CRM-F,1,96760,36000,14514,3387,3500,6500,1,ONLINE,온라인몰,Layer Top,TOP,EVENT14-20260824-02-04,1,KR,KRW,CUST-0257,서울,성동구,paid,EASE-19 판매 둔화·반품 증가,v2
2026-08-24T17:09:00+09:00,매장 POS,EASE-19-CRM-F,1,96760,36000,1935,968,0,0,0,STORE-BUSAN,부산 센텀,Layer Top,TOP,EVENT14-20260824-02-05,1,KR,KRW,CUST-0268,부산,해운대구,paid,EASE-19 판매 둔화·반품 증가,v2
2026-08-24T13:15:00+09:00,자사몰,NOVA-11-NVY-F,3,634380,72000,25375,22203,3500,0,0,ONLINE,온라인몰,Volume Dress,DRESS,EVENT14-20260824-03-00,1,KR,KRW,CUST-0250,부산,해운대구,paid,정상 범위,v2
2026-08-24T14:28:00+09:00,무신사,NOVA-11-NVY-F,4,802240,72000,96269,36101,3500,0,0,ONLINE,온라인몰,Volume Dress,DRESS,EVENT14-20260824-03-01,1,KR,KRW,CUST-0261,인천,연수구,paid,정상 범위,v2
2026-08-24T15:41:00+09:00,29CM,NOVA-11-NVY-F,2,409840,72000,57378,16394,3500,0,0,ONLINE,온라인몰,Volume Dress,DRESS,EVENT14-20260824-03-02,1,KR,KRW,CUST-0272,대구,수성구,paid,정상 범위,v2
2026-08-24T16:54:00+09:00,네이버,NOVA-11-NVY-F,3,634380,72000,50750,15860,3500,6500,1,ONLINE,온라인몰,Volume Dress,DRESS,EVENT14-20260824-03-03,1,KR,KRW,CUST-0283,서울,성동구,paid,정상 범위,v2
2026-08-24T17:07:00+09:00,W컨셉,NOVA-11-NVY-F,2,383680,72000,57552,13429,3500,0,0,ONLINE,온라인몰,Volume Dress,DRESS,EVENT14-20260824-03-04,1,KR,KRW,CUST-0294,서울,강남구,paid,정상 범위,v2
2026-08-24T18:20:00+09:00,매장 POS,NOVA-11-NVY-F,2,422920,72000,8458,4229,0,0,0,STORE-SHANGHAI,상하이 IFC,Volume Dress,DRESS,EVENT14-20260824-03-05,1,CN,KRW,CUST-0305,上海,浦东新区,paid,정상 범위,v2
2026-08-24T14:26:00+09:00,자사몰,AIR-24-NVY-F,5,960300,68000,38412,33611,3500,0,0,ONLINE,온라인몰,Airy Volume Dress,DRESS,EVENT14-20260824-04-00,1,KR,KRW,CUST-0287,인천,연수구,paid,정상 범위,v2
2026-08-24T15:39:00+09:00,무신사,AIR-24-NVY-F,4,728640,68000,87437,32789,3500,0,0,ONLINE,온라인몰,Airy Volume Dress,DRESS,EVENT14-20260824-04-01,1,KR,KRW,CUST-0298,대구,수성구,paid,정상 범위,v2
2026-08-24T16:52:00+09:00,29CM,AIR-24-NVY-F,4,744480,68000,104227,29779,3500,0,0,ONLINE,온라인몰,Airy Volume Dress,DRESS,EVENT14-20260824-04-02,1,KR,KRW,CUST-0309,서울,성동구,paid,정상 범위,v2
2026-08-24T17:05:00+09:00,네이버,AIR-24-NVY-F,3,576180,68000,46094,14405,3500,0,0,ONLINE,온라인몰,Airy Volume Dress,DRESS,EVENT14-20260824-04-03,1,KR,KRW,CUST-0320,서울,강남구,paid,정상 범위,v2
2026-08-24T18:18:00+09:00,W컨셉,AIR-24-NVY-F,2,348480,68000,52272,12197,3500,0,0,ONLINE,온라인몰,Airy Volume Dress,DRESS,EVENT14-20260824-04-04,1,KR,KRW,CUST-0331,서울,마포구,paid,정상 범위,v2
2026-08-24T19:31:00+09:00,매장 POS,AIR-24-NVY-F,3,576180,68000,11524,5762,0,0,0,STORE-SEONGSU,성수 플래그십,Airy Volume Dress,DRESS,EVENT14-20260824-04-05,1,KR,KRW,CUST-0342,서울,성동구,paid,정상 범위,v2
2026-08-24T15:37:00+09:00,자사몰,WAVE-31-WHT-F,3,430680,44000,17227,15074,3500,0,0,ONLINE,온라인몰,Sheer Shirt,TOP,EVENT14-20260824-05-00,1,KR,KRW,CUST-0324,대구,수성구,paid,정상 범위,v2
2026-08-24T16:50:00+09:00,무신사,WAVE-31-WHT-F,3,408480,44000,49018,18382,3500,0,0,ONLINE,온라인몰,Sheer Shirt,TOP,EVENT14-20260824-05-01,1,KR,KRW,CUST-0335,서울,성동구,paid,정상 범위,v2
2026-08-24T17:03:00+09:00,29CM,WAVE-31-WHT-F,2,278240,44000,38954,11130,3500,0,0,ONLINE,온라인몰,Sheer Shirt,TOP,EVENT14-20260824-05-02,1,KR,KRW,CUST-0346,서울,강남구,paid,정상 범위,v2
2026-08-24T18:16:00+09:00,네이버,WAVE-31-WHT-F,2,287120,44000,22970,7178,3500,0,0,ONLINE,온라인몰,Sheer Shirt,TOP,EVENT14-20260824-05-03,1,KR,KRW,CUST-0357,서울,마포구,paid,정상 범위,v2
2026-08-24T19:29:00+09:00,W컨셉,WAVE-31-WHT-F,2,260480,44000,39072,9117,3500,0,0,ONLINE,온라인몰,Sheer Shirt,TOP,EVENT14-20260824-05-04,1,KR,KRW,CUST-0368,경기,성남시,paid,정상 범위,v2
2026-08-24T20:42:00+09:00,매장 POS,WAVE-31-WHT-F,2,287120,44000,5742,2871,0,0,0,STORE-GANGNAM,강남점,Sheer Shirt,TOP,EVENT14-20260824-05-05,1,KR,KRW,CUST-0379,서울,강남구,paid,정상 범위,v2
2026-08-24T16:48:00+09:00,자사몰,MOSS-18-BLK-F,1,104880,42000,4195,3671,3500,0,0,ONLINE,온라인몰,Volume Bermuda,BOTTOM,EVENT14-20260824-06-00,1,KR,KRW,CUST-0361,서울,성동구,paid,MOSS-18 과잉재고·판매 둔화,v2
2026-08-24T17:01:00+09:00,무신사,MOSS-18-BLK-F,1,104880,42000,12586,4720,3500,0,0,ONLINE,온라인몰,Volume Bermuda,BOTTOM,EVENT14-20260824-06-01,1,KR,KRW,CUST-0372,서울,강남구,paid,MOSS-18 과잉재고·판매 둔화,v2
2026-08-24T18:14:00+09:00,29CM,MOSS-18-BLK-F,1,104880,42000,14683,4195,3500,0,0,ONLINE,온라인몰,Volume Bermuda,BOTTOM,EVENT14-20260824-06-02,1,KR,KRW,CUST-0383,서울,마포구,paid,MOSS-18 과잉재고·판매 둔화,v2
2026-08-24T19:27:00+09:00,네이버,MOSS-18-BLK-F,1,104880,42000,8390,2622,3500,0,0,ONLINE,온라인몰,Volume Bermuda,BOTTOM,EVENT14-20260824-06-03,1,KR,KRW,CUST-0394,경기,성남시,paid,MOSS-18 과잉재고·판매 둔화,v2
2026-08-24T20:40:00+09:00,W컨셉,MOSS-18-BLK-F,1,0,42000,0,0,0,0,0,ONLINE,온라인몰,Volume Bermuda,BOTTOM,EVENT14-20260824-06-04,1,KR,KRW,CUST-0405,경기,수원시,cancelled,MOSS-18 과잉재고·판매 둔화,v2
2026-08-24T10:53:00+09:00,매장 POS,MOSS-18-BLK-F,1,104880,42000,2098,1049,0,0,0,STORE-HANNAM,한남점,Volume Bermuda,BOTTOM,EVENT14-20260824-06-05,1,KR,KRW,CUST-0416,서울,용산구,paid,MOSS-18 과잉재고·판매 둔화,v2
2026-08-24T17:59:00+09:00,자사몰,LUME-09-BEG-F,2,345320,59000,13813,12086,3500,0,0,ONLINE,온라인몰,Knit Cardigan,KNIT,EVENT14-20260824-07-00,1,KR,KRW,CUST-0398,서울,강남구,paid,정상 범위,v2
2026-08-24T18:12:00+09:00,무신사,LUME-09-BEG-F,3,491280,59000,58954,22108,3500,0,0,ONLINE,온라인몰,Knit Cardigan,KNIT,EVENT14-20260824-07-01,1,KR,KRW,CUST-0409,서울,마포구,paid,정상 범위,v2
2026-08-24T19:25:00+09:00,29CM,LUME-09-BEG-F,2,334640,59000,46850,13386,3500,0,0,ONLINE,온라인몰,Knit Cardigan,KNIT,EVENT14-20260824-07-02,1,KR,KRW,CUST-0420,경기,성남시,paid,정상 범위,v2
2026-08-24T20:38:00+09:00,네이버,LUME-09-BEG-F,2,345320,59000,27626,8633,3500,0,0,ONLINE,온라인몰,Knit Cardigan,KNIT,EVENT14-20260824-07-03,1,KR,KRW,CUST-0431,경기,수원시,paid,정상 범위,v2
2026-08-24T10:51:00+09:00,W컨셉,LUME-09-BEG-F,2,313280,59000,46992,10965,3500,0,0,ONLINE,온라인몰,Knit Cardigan,KNIT,EVENT14-20260824-07-04,1,KR,KRW,CUST-0442,부산,해운대구,paid,정상 범위,v2
2026-08-24T11:04:00+09:00,매장 POS,LUME-09-BEG-F,2,345320,59000,6906,3453,0,0,0,STORE-BUSAN,부산 센텀,Knit Cardigan,KNIT,EVENT14-20260824-07-05,1,KR,KRW,CUST-0453,부산,해운대구,paid,정상 범위,v2
2026-08-24T18:10:00+09:00,자사몰,CORE-55-WHT-F,6,395760,19000,15830,13852,3500,0,0,ONLINE,온라인몰,Logo Tee,TOP,EVENT14-20260824-08-00,1,KR,KRW,CUST-0435,서울,마포구,paid,정상 범위,v2
2026-08-24T19:23:00+09:00,무신사,CORE-55-WHT-F,6,375360,19000,45043,16891,3500,0,0,ONLINE,온라인몰,Logo Tee,TOP,EVENT14-20260824-08-01,1,KR,KRW,CUST-0446,경기,성남시,paid,정상 범위,v2
2026-08-24T20:36:00+09:00,29CM,CORE-55-WHT-F,3,191760,19000,26846,7670,3500,6500,1,ONLINE,온라인몰,Logo Tee,TOP,EVENT14-20260824-08-02,1,KR,KRW,CUST-0457,경기,수원시,paid,정상 범위,v2
2026-08-24T10:49:00+09:00,네이버,CORE-55-WHT-F,5,329800,19000,26384,8245,3500,0,0,ONLINE,온라인몰,Logo Tee,TOP,EVENT14-20260824-08-03,1,KR,KRW,CUST-0468,부산,해운대구,paid,정상 범위,v2
2026-08-24T11:02:00+09:00,W컨셉,CORE-55-WHT-F,3,179520,19000,26928,6283,3500,0,0,ONLINE,온라인몰,Logo Tee,TOP,EVENT14-20260824-08-04,1,KR,KRW,CUST-0479,인천,연수구,paid,정상 범위,v2
2026-08-24T12:15:00+09:00,매장 POS,CORE-55-WHT-F,4,263840,19000,5277,2638,0,0,0,STORE-SHANGHAI,상하이 IFC,Logo Tee,TOP,EVENT14-20260824-08-05,1,CN,KRW,CUST-0490,上海,浦东新区,paid,정상 범위,v2
2026-08-24T19:21:00+09:00,자사몰,FORM-42-DEN-F,3,488880,58000,19555,17111,3500,0,0,ONLINE,온라인몰,Denim Skirt,BOTTOM,EVENT14-20260824-09-00,1,KR,KRW,CUST-0472,경기,성남시,paid,정상 범위,v2
2026-08-24T20:34:00+09:00,무신사,FORM-42-DEN-F,2,309120,58000,37094,13910,3500,0,0,ONLINE,온라인몰,Denim Skirt,BOTTOM,EVENT14-20260824-09-01,1,KR,KRW,CUST-0483,경기,수원시,paid,정상 범위,v2
2026-08-24T10:47:00+09:00,29CM,FORM-42-DEN-F,2,315840,58000,44218,12634,3500,0,0,ONLINE,온라인몰,Denim Skirt,BOTTOM,EVENT14-20260824-09-02,1,KR,KRW,CUST-0494,부산,해운대구,paid,정상 범위,v2
2026-08-24T11:00:00+09:00,네이버,FORM-42-DEN-F,2,325920,58000,26074,8148,3500,0,0,ONLINE,온라인몰,Denim Skirt,BOTTOM,EVENT14-20260824-09-03,1,KR,KRW,CUST-0505,인천,연수구,paid,정상 범위,v2
2026-08-24T12:13:00+09:00,W컨셉,FORM-42-DEN-F,2,295680,58000,44352,10349,3500,0,0,ONLINE,온라인몰,Denim Skirt,BOTTOM,EVENT14-20260824-09-04,1,KR,KRW,CUST-0516,대구,수성구,paid,정상 범위,v2
2026-08-24T13:26:00+09:00,매장 POS,FORM-42-DEN-F,2,325920,58000,6518,3259,0,0,0,STORE-SEONGSU,성수 플래그십,Denim Skirt,BOTTOM,EVENT14-20260824-09-05,1,KR,KRW,CUST-0527,서울,성동구,paid,정상 범위,v2
2026-08-24T20:32:00+09:00,자사몰,COVE-14-BLK-F,2,442320,76000,17693,15481,3500,0,0,ONLINE,온라인몰,Maxi Dress,DRESS,EVENT14-20260824-10-00,1,KR,KRW,CUST-0509,경기,수원시,paid,정상 범위,v2
2026-08-24T10:45:00+09:00,무신사,COVE-14-BLK-F,2,419520,76000,50342,18878,3500,0,0,ONLINE,온라인몰,Maxi Dress,DRESS,EVENT14-20260824-10-01,1,KR,KRW,CUST-0520,부산,해운대구,paid,정상 범위,v2
2026-08-24T11:58:00+09:00,29CM,COVE-14-BLK-F,2,428640,76000,60010,17146,3500,0,0,ONLINE,온라인몰,Maxi Dress,DRESS,EVENT14-20260824-10-02,1,KR,KRW,CUST-0531,인천,연수구,paid,정상 범위,v2
2026-08-24T12:11:00+09:00,네이버,COVE-14-BLK-F,1,221160,76000,17693,5529,3500,0,0,ONLINE,온라인몰,Maxi Dress,DRESS,EVENT14-20260824-10-03,1,KR,KRW,CUST-0542,대구,수성구,paid,정상 범위,v2
2026-08-24T13:24:00+09:00,W컨셉,COVE-14-BLK-F,2,401280,76000,60192,14045,3500,0,0,ONLINE,온라인몰,Maxi Dress,DRESS,EVENT14-20260824-10-04,1,KR,KRW,CUST-0553,서울,성동구,paid,정상 범위,v2
2026-08-24T14:37:00+09:00,매장 POS,COVE-14-BLK-F,1,221160,76000,4423,2212,0,0,0,STORE-GANGNAM,강남점,Maxi Dress,DRESS,EVENT14-20260824-10-05,1,KR,KRW,CUST-0564,서울,강남구,paid,정상 범위,v2
2026-08-24T10:43:00+09:00,자사몰,EDGE-28-GRY-F,2,519920,91000,20797,18197,3500,0,0,ONLINE,온라인몰,Zip Jacket,OUTER,EVENT14-20260824-11-00,1,KR,KRW,CUST-0546,부산,해운대구,paid,정상 범위,v2
2026-08-24T11:56:00+09:00,무신사,EDGE-28-GRY-F,2,493120,91000,59174,22190,3500,0,0,ONLINE,온라인몰,Zip Jacket,OUTER,EVENT14-20260824-11-01,1,KR,KRW,CUST-0557,인천,연수구,paid,정상 범위,v2
2026-08-24T12:09:00+09:00,29CM,EDGE-28-GRY-F,1,251920,91000,35269,10077,3500,0,0,ONLINE,온라인몰,Zip Jacket,OUTER,EVENT14-20260824-11-02,1,KR,KRW,CUST-0568,대구,수성구,paid,정상 범위,v2
2026-08-24T13:22:00+09:00,네이버,EDGE-28-GRY-F,2,519920,91000,41594,12998,3500,0,0,ONLINE,온라인몰,Zip Jacket,OUTER,EVENT14-20260824-11-03,1,KR,KRW,CUST-0579,서울,성동구,paid,정상 범위,v2
2026-08-24T14:35:00+09:00,W컨셉,EDGE-28-GRY-F,1,235840,91000,35376,8254,3500,0,0,ONLINE,온라인몰,Zip Jacket,OUTER,EVENT14-20260824-11-04,1,KR,KRW,CUST-0590,서울,강남구,paid,정상 범위,v2
2026-08-24T15:48:00+09:00,매장 POS,EDGE-28-GRY-F,1,259960,91000,5199,2600,0,0,0,STORE-HANNAM,한남점,Zip Jacket,OUTER,EVENT14-20260824-11-05,1,KR,KRW,CUST-0601,서울,용산구,paid,정상 범위,v2
2026-08-25T10:49:00+09:00,자사몰,ARC-07-BLK-F,4,962240,82000,38490,33678,3500,0,0,ONLINE,온라인몰,Utility Jacket,OUTER,EVENT14-20260825-00-00,1,KR,KRW,CUST-0162,부산,해운대구,paid,정상 범위,v2
2026-08-25T11:02:00+09:00,무신사,ARC-07-BLK-F,6,1368960,82000,164275,61603,3500,0,0,ONLINE,온라인몰,Utility Jacket,OUTER,EVENT14-20260825-00-01,1,KR,KRW,CUST-0173,인천,연수구,paid,정상 범위,v2
2026-08-25T12:15:00+09:00,29CM,ARC-07-BLK-F,3,699360,82000,97910,27974,3500,0,0,ONLINE,온라인몰,Utility Jacket,OUTER,EVENT14-20260825-00-02,1,KR,KRW,CUST-0184,대구,수성구,paid,정상 범위,v2
2026-08-25T13:28:00+09:00,네이버,ARC-07-BLK-F,5,1202800,82000,96224,30070,3500,0,0,ONLINE,온라인몰,Utility Jacket,OUTER,EVENT14-20260825-00-03,1,KR,KRW,CUST-0195,서울,성동구,paid,정상 범위,v2
2026-08-25T14:41:00+09:00,W컨셉,ARC-07-BLK-F,3,654720,82000,98208,22915,3500,0,0,ONLINE,온라인몰,Utility Jacket,OUTER,EVENT14-20260825-00-04,1,KR,KRW,CUST-0206,서울,강남구,paid,정상 범위,v2
2026-08-25T15:54:00+09:00,매장 POS,ARC-07-BLK-F,4,962240,82000,19245,9622,0,0,0,STORE-HANNAM,한남점,Utility Jacket,OUTER,EVENT14-20260825-00-05,1,KR,KRW,CUST-0217,서울,용산구,paid,정상 범위,v2
2026-08-25T11:00:00+09:00,자사몰,FLOW-22-BLK-F,15,2298900,51000,91956,80462,3500,0,0,ONLINE,온라인몰,Drape Pants,BOTTOM,EVENT14-20260825-01-00,1,KR,KRW,CUST-0199,인천,연수구,paid,FLOW-22 부산 수요 급증,v2
2026-08-25T12:13:00+09:00,무신사,FLOW-22-BLK-F,5,726800,51000,87216,32706,3500,0,0,ONLINE,온라인몰,Drape Pants,BOTTOM,EVENT14-20260825-01-01,1,KR,KRW,CUST-0210,대구,수성구,paid,정상 범위,v2
2026-08-25T13:26:00+09:00,29CM,FLOW-22-BLK-F,3,445560,51000,62378,17822,3500,0,0,ONLINE,온라인몰,Drape Pants,BOTTOM,EVENT14-20260825-01-02,1,KR,KRW,CUST-0221,서울,성동구,paid,정상 범위,v2
2026-08-25T14:39:00+09:00,네이버,FLOW-22-BLK-F,4,613040,51000,49043,15326,3500,0,0,ONLINE,온라인몰,Drape Pants,BOTTOM,EVENT14-20260825-01-03,1,KR,KRW,CUST-0232,서울,강남구,paid,정상 범위,v2
2026-08-25T15:52:00+09:00,W컨셉,FLOW-22-BLK-F,3,417120,51000,62568,14599,3500,6500,1,ONLINE,온라인몰,Drape Pants,BOTTOM,EVENT14-20260825-01-04,1,KR,KRW,CUST-0243,서울,마포구,paid,정상 범위,v2
2026-08-25T16:05:00+09:00,매장 POS,FLOW-22-BLK-F,9,1379340,51000,27587,13793,0,0,0,STORE-BUSAN,부산 센텀,Drape Pants,BOTTOM,EVENT14-20260825-01-05,1,KR,KRW,CUST-0254,부산,해운대구,paid,FLOW-22 부산 수요 급증,v2
2026-08-25T12:11:00+09:00,자사몰,EASE-19-CRM-F,2,0,36000,0,0,0,0,0,ONLINE,온라인몰,Layer Top,TOP,EVENT14-20260825-02-00,1,KR,KRW,CUST-0236,대구,수성구,cancelled,EASE-19 판매 둔화·반품 증가,v2
2026-08-25T13:24:00+09:00,무신사,EASE-19-CRM-F,2,193520,36000,23222,8708,3500,0,0,ONLINE,온라인몰,Layer Top,TOP,EVENT14-20260825-02-01,1,KR,KRW,CUST-0247,서울,성동구,paid,EASE-19 판매 둔화·반품 증가,v2
2026-08-25T14:37:00+09:00,29CM,EASE-19-CRM-F,2,193520,36000,27093,7741,3500,6500,1,ONLINE,온라인몰,Layer Top,TOP,EVENT14-20260825-02-02,1,KR,KRW,CUST-0258,서울,강남구,paid,EASE-19 판매 둔화·반품 증가,v2
2026-08-25T15:50:00+09:00,네이버,EASE-19-CRM-F,2,193520,36000,15482,4838,3500,0,0,ONLINE,온라인몰,Layer Top,TOP,EVENT14-20260825-02-03,1,KR,KRW,CUST-0269,서울,마포구,paid,EASE-19 판매 둔화·반품 증가,v2
2026-08-25T16:03:00+09:00,W컨셉,EASE-19-CRM-F,2,193520,36000,29028,6773,3500,6500,1,ONLINE,온라인몰,Layer Top,TOP,EVENT14-20260825-02-04,1,KR,KRW,CUST-0280,경기,성남시,paid,EASE-19 판매 둔화·반품 증가,v2
2026-08-25T17:16:00+09:00,매장 POS,EASE-19-CRM-F,1,96760,36000,1935,968,0,0,0,STORE-SHANGHAI,상하이 IFC,Layer Top,TOP,EVENT14-20260825-02-05,1,CN,KRW,CUST-0291,上海,浦东新区,paid,EASE-19 판매 둔화·반품 증가,v2
2026-08-25T13:22:00+09:00,자사몰,NOVA-11-NVY-F,3,634380,72000,25375,22203,3500,0,0,ONLINE,온라인몰,Volume Dress,DRESS,EVENT14-20260825-03-00,1,KR,KRW,CUST-0273,서울,성동구,paid,정상 범위,v2
2026-08-25T14:35:00+09:00,무신사,NOVA-11-NVY-F,3,601680,72000,72202,27076,3500,0,0,ONLINE,온라인몰,Volume Dress,DRESS,EVENT14-20260825-03-01,1,KR,KRW,CUST-0284,서울,강남구,paid,정상 범위,v2
2026-08-25T15:48:00+09:00,29CM,NOVA-11-NVY-F,2,409840,72000,57378,16394,3500,0,0,ONLINE,온라인몰,Volume Dress,DRESS,EVENT14-20260825-03-02,1,KR,KRW,CUST-0295,서울,마포구,paid,정상 범위,v2
2026-08-25T16:01:00+09:00,네이버,NOVA-11-NVY-F,2,422920,72000,33834,10573,3500,0,0,ONLINE,온라인몰,Volume Dress,DRESS,EVENT14-20260825-03-03,1,KR,KRW,CUST-0306,경기,성남시,paid,정상 범위,v2
2026-08-25T17:14:00+09:00,W컨셉,NOVA-11-NVY-F,2,383680,72000,57552,13429,3500,0,0,ONLINE,온라인몰,Volume Dress,DRESS,EVENT14-20260825-03-04,1,KR,KRW,CUST-0317,경기,수원시,paid,정상 범위,v2
2026-08-25T18:27:00+09:00,매장 POS,NOVA-11-NVY-F,2,422920,72000,8458,4229,0,0,0,STORE-SEONGSU,성수 플래그십,Volume Dress,DRESS,EVENT14-20260825-03-05,1,KR,KRW,CUST-0328,서울,성동구,paid,정상 범위,v2
2026-08-25T14:33:00+09:00,자사몰,AIR-24-NVY-F,4,768240,68000,30730,26888,3500,0,0,ONLINE,온라인몰,Airy Volume Dress,DRESS,EVENT14-20260825-04-00,1,KR,KRW,CUST-0310,서울,강남구,paid,정상 범위,v2
2026-08-25T15:46:00+09:00,무신사,AIR-24-NVY-F,5,910800,68000,109296,40986,3500,0,0,ONLINE,온라인몰,Airy Volume Dress,DRESS,EVENT14-20260825-04-01,1,KR,KRW,CUST-0321,서울,마포구,paid,정상 범위,v2
2026-08-25T16:59:00+09:00,29CM,AIR-24-NVY-F,3,558360,68000,78170,22334,3500,0,0,ONLINE,온라인몰,Airy Volume Dress,DRESS,EVENT14-20260825-04-02,1,KR,KRW,CUST-0332,경기,성남시,paid,정상 범위,v2
2026-08-25T17:12:00+09:00,네이버,AIR-24-NVY-F,4,768240,68000,61459,19206,3500,0,0,ONLINE,온라인몰,Airy Volume Dress,DRESS,EVENT14-20260825-04-03,1,KR,KRW,CUST-0343,경기,수원시,paid,정상 범위,v2
2026-08-25T18:25:00+09:00,W컨셉,AIR-24-NVY-F,3,522720,68000,78408,18295,3500,0,0,ONLINE,온라인몰,Airy Volume Dress,DRESS,EVENT14-20260825-04-04,1,KR,KRW,CUST-0354,부산,해운대구,paid,정상 범위,v2
2026-08-25T19:38:00+09:00,매장 POS,AIR-24-NVY-F,2,0,68000,0,0,0,0,0,STORE-GANGNAM,강남점,Airy Volume Dress,DRESS,EVENT14-20260825-04-05,1,KR,KRW,CUST-0365,서울,강남구,cancelled,정상 범위,v2
2026-08-25T15:44:00+09:00,자사몰,WAVE-31-WHT-F,2,287120,44000,11485,10049,3500,0,0,ONLINE,온라인몰,Sheer Shirt,TOP,EVENT14-20260825-05-00,1,KR,KRW,CUST-0347,서울,마포구,paid,정상 범위,v2
2026-08-25T16:57:00+09:00,무신사,WAVE-31-WHT-F,3,408480,44000,49018,18382,3500,0,0,ONLINE,온라인몰,Sheer Shirt,TOP,EVENT14-20260825-05-01,1,KR,KRW,CUST-0358,경기,성남시,paid,정상 범위,v2
2026-08-25T17:10:00+09:00,29CM,WAVE-31-WHT-F,2,278240,44000,38954,11130,3500,0,0,ONLINE,온라인몰,Sheer Shirt,TOP,EVENT14-20260825-05-02,1,KR,KRW,CUST-0369,경기,수원시,paid,정상 범위,v2
2026-08-25T18:23:00+09:00,네이버,WAVE-31-WHT-F,3,430680,44000,34454,10767,3500,0,0,ONLINE,온라인몰,Sheer Shirt,TOP,EVENT14-20260825-05-03,1,KR,KRW,CUST-0380,부산,해운대구,paid,정상 범위,v2
2026-08-25T19:36:00+09:00,W컨셉,WAVE-31-WHT-F,2,260480,44000,39072,9117,3500,0,0,ONLINE,온라인몰,Sheer Shirt,TOP,EVENT14-20260825-05-04,1,KR,KRW,CUST-0391,인천,연수구,paid,정상 범위,v2
2026-08-25T20:49:00+09:00,매장 POS,WAVE-31-WHT-F,2,287120,44000,5742,2871,0,0,0,STORE-HANNAM,한남점,Sheer Shirt,TOP,EVENT14-20260825-05-05,1,KR,KRW,CUST-0402,서울,용산구,paid,정상 범위,v2
2026-08-25T16:55:00+09:00,자사몰,MOSS-18-BLK-F,1,104880,42000,4195,3671,3500,0,0,ONLINE,온라인몰,Volume Bermuda,BOTTOM,EVENT14-20260825-06-00,1,KR,KRW,CUST-0384,경기,성남시,paid,MOSS-18 과잉재고·판매 둔화,v2
2026-08-25T17:08:00+09:00,무신사,MOSS-18-BLK-F,1,104880,42000,12586,4720,3500,0,0,ONLINE,온라인몰,Volume Bermuda,BOTTOM,EVENT14-20260825-06-01,1,KR,KRW,CUST-0395,경기,수원시,paid,MOSS-18 과잉재고·판매 둔화,v2
2026-08-25T18:21:00+09:00,29CM,MOSS-18-BLK-F,1,104880,42000,14683,4195,3500,0,0,ONLINE,온라인몰,Volume Bermuda,BOTTOM,EVENT14-20260825-06-02,1,KR,KRW,CUST-0406,부산,해운대구,paid,MOSS-18 과잉재고·판매 둔화,v2
2026-08-25T19:34:00+09:00,네이버,MOSS-18-BLK-F,1,104880,42000,8390,2622,3500,6500,1,ONLINE,온라인몰,Volume Bermuda,BOTTOM,EVENT14-20260825-06-03,1,KR,KRW,CUST-0417,인천,연수구,paid,MOSS-18 과잉재고·판매 둔화,v2
2026-08-25T20:47:00+09:00,W컨셉,MOSS-18-BLK-F,1,104880,42000,15732,3671,3500,0,0,ONLINE,온라인몰,Volume Bermuda,BOTTOM,EVENT14-20260825-06-04,1,KR,KRW,CUST-0428,대구,수성구,paid,MOSS-18 과잉재고·판매 둔화,v2
2026-08-25T10:00:00+09:00,매장 POS,MOSS-18-BLK-F,1,104880,42000,2098,1049,0,0,0,STORE-BUSAN,부산 센텀,Volume Bermuda,BOTTOM,EVENT14-20260825-06-05,1,KR,KRW,CUST-0439,부산,해운대구,paid,MOSS-18 과잉재고·판매 둔화,v2
2026-08-25T17:06:00+09:00,자사몰,LUME-09-BEG-F,3,517980,59000,20719,18129,3500,0,0,ONLINE,온라인몰,Knit Cardigan,KNIT,EVENT14-20260825-07-00,1,KR,KRW,CUST-0421,경기,수원시,paid,정상 범위,v2
2026-08-25T18:19:00+09:00,무신사,LUME-09-BEG-F,2,327520,59000,39302,14738,3500,0,0,ONLINE,온라인몰,Knit Cardigan,KNIT,EVENT14-20260825-07-01,1,KR,KRW,CUST-0432,부산,해운대구,paid,정상 범위,v2
2026-08-25T19:32:00+09:00,29CM,LUME-09-BEG-F,2,334640,59000,46850,13386,3500,0,0,ONLINE,온라인몰,Knit Cardigan,KNIT,EVENT14-20260825-07-02,1,KR,KRW,CUST-0443,인천,연수구,paid,정상 범위,v2
2026-08-25T20:45:00+09:00,네이버,LUME-09-BEG-F,2,345320,59000,27626,8633,3500,0,0,ONLINE,온라인몰,Knit Cardigan,KNIT,EVENT14-20260825-07-03,1,KR,KRW,CUST-0454,대구,수성구,paid,정상 범위,v2
2026-08-25T10:58:00+09:00,W컨셉,LUME-09-BEG-F,2,313280,59000,46992,10965,3500,0,0,ONLINE,온라인몰,Knit Cardigan,KNIT,EVENT14-20260825-07-04,1,KR,KRW,CUST-0465,서울,성동구,paid,정상 범위,v2
2026-08-25T11:11:00+09:00,매장 POS,LUME-09-BEG-F,1,172660,59000,3453,1727,0,0,0,STORE-SHANGHAI,상하이 IFC,Knit Cardigan,KNIT,EVENT14-20260825-07-05,1,CN,KRW,CUST-0476,上海,浦东新区,paid,정상 범위,v2
2026-08-25T18:17:00+09:00,자사몰,CORE-55-WHT-F,5,329800,19000,13192,11543,3500,0,0,ONLINE,온라인몰,Logo Tee,TOP,EVENT14-20260825-08-00,1,KR,KRW,CUST-0458,부산,해운대구,paid,정상 범위,v2
2026-08-25T19:30:00+09:00,무신사,CORE-55-WHT-F,7,437920,19000,52550,19706,3500,0,0,ONLINE,온라인몰,Logo Tee,TOP,EVENT14-20260825-08-01,1,KR,KRW,CUST-0469,인천,연수구,paid,정상 범위,v2
2026-08-25T20:43:00+09:00,29CM,CORE-55-WHT-F,4,255680,19000,35795,10227,3500,0,0,ONLINE,온라인몰,Logo Tee,TOP,EVENT14-20260825-08-02,1,KR,KRW,CUST-0480,대구,수성구,paid,정상 범위,v2
2026-08-25T10:56:00+09:00,네이버,CORE-55-WHT-F,4,263840,19000,21107,6596,3500,0,0,ONLINE,온라인몰,Logo Tee,TOP,EVENT14-20260825-08-03,1,KR,KRW,CUST-0491,서울,성동구,paid,정상 범위,v2
2026-08-25T11:09:00+09:00,W컨셉,CORE-55-WHT-F,4,239360,19000,35904,8378,3500,0,0,ONLINE,온라인몰,Logo Tee,TOP,EVENT14-20260825-08-04,1,KR,KRW,CUST-0502,서울,강남구,paid,정상 범위,v2
2026-08-25T12:22:00+09:00,매장 POS,CORE-55-WHT-F,3,197880,19000,3958,1979,0,0,0,STORE-SEONGSU,성수 플래그십,Logo Tee,TOP,EVENT14-20260825-08-05,1,KR,KRW,CUST-0513,서울,성동구,paid,정상 범위,v2
2026-08-25T19:28:00+09:00,자사몰,FORM-42-DEN-F,2,325920,58000,13037,11407,3500,0,0,ONLINE,온라인몰,Denim Skirt,BOTTOM,EVENT14-20260825-09-00,1,KR,KRW,CUST-0495,인천,연수구,paid,정상 범위,v2
2026-08-25T20:41:00+09:00,무신사,FORM-42-DEN-F,3,463680,58000,55642,20866,3500,0,0,ONLINE,온라인몰,Denim Skirt,BOTTOM,EVENT14-20260825-09-01,1,KR,KRW,CUST-0506,대구,수성구,paid,정상 범위,v2
2026-08-25T10:54:00+09:00,29CM,FORM-42-DEN-F,2,315840,58000,44218,12634,3500,0,0,ONLINE,온라인몰,Denim Skirt,BOTTOM,EVENT14-20260825-09-02,1,KR,KRW,CUST-0517,서울,성동구,paid,정상 범위,v2
2026-08-25T11:07:00+09:00,네이버,FORM-42-DEN-F,2,325920,58000,26074,8148,3500,0,0,ONLINE,온라인몰,Denim Skirt,BOTTOM,EVENT14-20260825-09-03,1,KR,KRW,CUST-0528,서울,강남구,paid,정상 범위,v2
2026-08-25T12:20:00+09:00,W컨셉,FORM-42-DEN-F,2,295680,58000,44352,10349,3500,0,0,ONLINE,온라인몰,Denim Skirt,BOTTOM,EVENT14-20260825-09-04,1,KR,KRW,CUST-0539,서울,마포구,paid,정상 범위,v2
2026-08-25T13:33:00+09:00,매장 POS,FORM-42-DEN-F,2,325920,58000,6518,3259,0,0,0,STORE-GANGNAM,강남점,Denim Skirt,BOTTOM,EVENT14-20260825-09-05,1,KR,KRW,CUST-0550,서울,강남구,paid,정상 범위,v2
2026-08-25T20:39:00+09:00,자사몰,COVE-14-BLK-F,2,442320,76000,17693,15481,3500,0,0,ONLINE,온라인몰,Maxi Dress,DRESS,EVENT14-20260825-10-00,1,KR,KRW,CUST-0532,대구,수성구,paid,정상 범위,v2
2026-08-25T10:52:00+09:00,무신사,COVE-14-BLK-F,2,419520,76000,50342,18878,3500,0,0,ONLINE,온라인몰,Maxi Dress,DRESS,EVENT14-20260825-10-01,1,KR,KRW,CUST-0543,서울,성동구,paid,정상 범위,v2
2026-08-25T11:05:00+09:00,29CM,COVE-14-BLK-F,1,214320,76000,30005,8573,3500,0,0,ONLINE,온라인몰,Maxi Dress,DRESS,EVENT14-20260825-10-02,1,KR,KRW,CUST-0554,서울,강남구,paid,정상 범위,v2
2026-08-25T12:18:00+09:00,네이버,COVE-14-BLK-F,2,442320,76000,35386,11058,3500,0,0,ONLINE,온라인몰,Maxi Dress,DRESS,EVENT14-20260825-10-03,1,KR,KRW,CUST-0565,서울,마포구,paid,정상 범위,v2
2026-08-25T13:31:00+09:00,W컨셉,COVE-14-BLK-F,1,200640,76000,30096,7022,3500,0,0,ONLINE,온라인몰,Maxi Dress,DRESS,EVENT14-20260825-10-04,1,KR,KRW,CUST-0576,경기,성남시,paid,정상 범위,v2
2026-08-25T14:44:00+09:00,매장 POS,COVE-14-BLK-F,1,221160,76000,4423,2212,0,0,0,STORE-HANNAM,한남점,Maxi Dress,DRESS,EVENT14-20260825-10-05,1,KR,KRW,CUST-0587,서울,용산구,paid,정상 범위,v2
2026-08-25T10:50:00+09:00,자사몰,EDGE-28-GRY-F,2,519920,91000,20797,18197,3500,0,0,ONLINE,온라인몰,Zip Jacket,OUTER,EVENT14-20260825-11-00,1,KR,KRW,CUST-0569,서울,성동구,paid,정상 범위,v2
2026-08-25T11:03:00+09:00,무신사,EDGE-28-GRY-F,2,493120,91000,59174,22190,3500,0,0,ONLINE,온라인몰,Zip Jacket,OUTER,EVENT14-20260825-11-01,1,KR,KRW,CUST-0580,서울,강남구,paid,정상 범위,v2
2026-08-25T12:16:00+09:00,29CM,EDGE-28-GRY-F,1,251920,91000,35269,10077,3500,6500,1,ONLINE,온라인몰,Zip Jacket,OUTER,EVENT14-20260825-11-02,1,KR,KRW,CUST-0591,서울,마포구,paid,정상 범위,v2
2026-08-25T13:29:00+09:00,네이버,EDGE-28-GRY-F,1,259960,91000,20797,6499,3500,0,0,ONLINE,온라인몰,Zip Jacket,OUTER,EVENT14-20260825-11-03,1,KR,KRW,CUST-0602,경기,성남시,paid,정상 범위,v2
2026-08-25T14:42:00+09:00,W컨셉,EDGE-28-GRY-F,1,235840,91000,35376,8254,3500,0,0,ONLINE,온라인몰,Zip Jacket,OUTER,EVENT14-20260825-11-04,1,KR,KRW,CUST-0613,경기,수원시,paid,정상 범위,v2
2026-08-25T15:55:00+09:00,매장 POS,EDGE-28-GRY-F,1,259960,91000,5199,2600,0,0,0,STORE-BUSAN,부산 센텀,Zip Jacket,OUTER,EVENT14-20260825-11-05,1,KR,KRW,CUST-0624,부산,해운대구,paid,정상 범위,v2
2026-08-26T10:56:00+09:00,자사몰,ARC-07-BLK-F,5,1202800,82000,48112,42098,3500,0,0,ONLINE,온라인몰,Utility Jacket,OUTER,EVENT14-20260826-00-00,1,KR,KRW,CUST-0185,서울,성동구,paid,정상 범위,v2
2026-08-26T11:09:00+09:00,무신사,ARC-07-BLK-F,5,0,82000,0,0,0,0,0,ONLINE,온라인몰,Utility Jacket,OUTER,EVENT14-20260826-00-01,1,KR,KRW,CUST-0196,서울,강남구,cancelled,정상 범위,v2
2026-08-26T12:22:00+09:00,29CM,ARC-07-BLK-F,4,932480,82000,130547,37299,3500,0,0,ONLINE,온라인몰,Utility Jacket,OUTER,EVENT14-20260826-00-02,1,KR,KRW,CUST-0207,서울,마포구,paid,정상 범위,v2
2026-08-26T13:35:00+09:00,네이버,ARC-07-BLK-F,4,962240,82000,76979,24056,3500,0,0,ONLINE,온라인몰,Utility Jacket,OUTER,EVENT14-20260826-00-03,1,KR,KRW,CUST-0218,경기,성남시,paid,정상 범위,v2
2026-08-26T14:48:00+09:00,W컨셉,ARC-07-BLK-F,4,872960,82000,130944,30554,3500,0,0,ONLINE,온라인몰,Utility Jacket,OUTER,EVENT14-20260826-00-04,1,KR,KRW,CUST-0229,경기,수원시,paid,정상 범위,v2
2026-08-26T15:01:00+09:00,매장 POS,ARC-07-BLK-F,3,721680,82000,14434,7217,0,0,0,STORE-BUSAN,부산 센텀,Utility Jacket,OUTER,EVENT14-20260826-00-05,1,KR,KRW,CUST-0240,부산,해운대구,paid,정상 범위,v2
2026-08-26T11:07:00+09:00,자사몰,FLOW-22-BLK-F,12,1839120,51000,73565,64369,3500,0,0,ONLINE,온라인몰,Drape Pants,BOTTOM,EVENT14-20260826-01-00,1,KR,KRW,CUST-0222,서울,강남구,paid,FLOW-22 부산 수요 급증,v2
2026-08-26T12:20:00+09:00,무신사,FLOW-22-BLK-F,6,872160,51000,104659,39247,3500,0,0,ONLINE,온라인몰,Drape Pants,BOTTOM,EVENT14-20260826-01-01,1,KR,KRW,CUST-0233,서울,마포구,paid,정상 범위,v2
2026-08-26T13:33:00+09:00,29CM,FLOW-22-BLK-F,3,445560,51000,62378,17822,3500,0,0,ONLINE,온라인몰,Drape Pants,BOTTOM,EVENT14-20260826-01-02,1,KR,KRW,CUST-0244,경기,성남시,paid,정상 범위,v2
2026-08-26T14:46:00+09:00,네이버,FLOW-22-BLK-F,3,459780,51000,36782,11495,3500,0,0,ONLINE,온라인몰,Drape Pants,BOTTOM,EVENT14-20260826-01-03,1,KR,KRW,CUST-0255,경기,수원시,paid,정상 범위,v2
2026-08-26T15:59:00+09:00,W컨셉,FLOW-22-BLK-F,3,417120,51000,62568,14599,3500,0,0,ONLINE,온라인몰,Drape Pants,BOTTOM,EVENT14-20260826-01-04,1,KR,KRW,CUST-0266,부산,해운대구,paid,정상 범위,v2
2026-08-26T16:12:00+09:00,매장 POS,FLOW-22-BLK-F,7,1072820,51000,21456,10728,0,0,0,STORE-BUSAN,부산 센텀,Drape Pants,BOTTOM,EVENT14-20260826-01-05,1,KR,KRW,CUST-0277,부산,해운대구,paid,FLOW-22 부산 수요 급증,v2
2026-08-26T12:18:00+09:00,자사몰,EASE-19-CRM-F,2,193520,36000,7741,6773,3500,6500,1,ONLINE,온라인몰,Layer Top,TOP,EVENT14-20260826-02-00,1,KR,KRW,CUST-0259,서울,마포구,paid,EASE-19 판매 둔화·반품 증가,v2
2026-08-26T13:31:00+09:00,무신사,EASE-19-CRM-F,2,193520,36000,23222,8708,3500,0,0,ONLINE,온라인몰,Layer Top,TOP,EVENT14-20260826-02-01,1,KR,KRW,CUST-0270,경기,성남시,paid,EASE-19 판매 둔화·반품 증가,v2
2026-08-26T14:44:00+09:00,29CM,EASE-19-CRM-F,1,96760,36000,13546,3870,3500,6500,1,ONLINE,온라인몰,Layer Top,TOP,EVENT14-20260826-02-02,1,KR,KRW,CUST-0281,경기,수원시,paid,EASE-19 판매 둔화·반품 증가,v2
2026-08-26T15:57:00+09:00,네이버,EASE-19-CRM-F,2,193520,36000,15482,4838,3500,0,0,ONLINE,온라인몰,Layer Top,TOP,EVENT14-20260826-02-03,1,KR,KRW,CUST-0292,부산,해운대구,paid,EASE-19 판매 둔화·반품 증가,v2
2026-08-26T16:10:00+09:00,W컨셉,EASE-19-CRM-F,1,96760,36000,14514,3387,3500,6500,1,ONLINE,온라인몰,Layer Top,TOP,EVENT14-20260826-02-04,1,KR,KRW,CUST-0303,인천,연수구,paid,EASE-19 판매 둔화·반품 증가,v2
2026-08-26T17:23:00+09:00,매장 POS,EASE-19-CRM-F,1,96760,36000,1935,968,0,0,0,STORE-SEONGSU,성수 플래그십,Layer Top,TOP,EVENT14-20260826-02-05,1,KR,KRW,CUST-0314,서울,성동구,paid,EASE-19 판매 둔화·반품 증가,v2
2026-08-26T13:29:00+09:00,자사몰,NOVA-11-NVY-F,4,845840,72000,33834,29604,3500,0,0,ONLINE,온라인몰,Volume Dress,DRESS,EVENT14-20260826-03-00,1,KR,KRW,CUST-0296,경기,성남시,paid,정상 범위,v2
2026-08-26T14:42:00+09:00,무신사,NOVA-11-NVY-F,3,601680,72000,72202,27076,3500,0,0,ONLINE,온라인몰,Volume Dress,DRESS,EVENT14-20260826-03-01,1,KR,KRW,CUST-0307,경기,수원시,paid,정상 범위,v2
2026-08-26T15:55:00+09:00,29CM,NOVA-11-NVY-F,2,409840,72000,57378,16394,3500,0,0,ONLINE,온라인몰,Volume Dress,DRESS,EVENT14-20260826-03-02,1,KR,KRW,CUST-0318,부산,해운대구,paid,정상 범위,v2
2026-08-26T16:08:00+09:00,네이버,NOVA-11-NVY-F,3,634380,72000,50750,15860,3500,0,0,ONLINE,온라인몰,Volume Dress,DRESS,EVENT14-20260826-03-03,1,KR,KRW,CUST-0329,인천,연수구,paid,정상 범위,v2
2026-08-26T17:21:00+09:00,W컨셉,NOVA-11-NVY-F,2,383680,72000,57552,13429,3500,0,0,ONLINE,온라인몰,Volume Dress,DRESS,EVENT14-20260826-03-04,1,KR,KRW,CUST-0340,대구,수성구,paid,정상 범위,v2
2026-08-26T18:34:00+09:00,매장 POS,NOVA-11-NVY-F,2,422920,72000,8458,4229,0,0,0,STORE-GANGNAM,강남점,Volume Dress,DRESS,EVENT14-20260826-03-05,1,KR,KRW,CUST-0351,서울,강남구,paid,정상 범위,v2
2026-08-26T14:40:00+09:00,자사몰,AIR-24-NVY-F,11,2112660,68000,84506,73943,3500,0,0,ONLINE,온라인몰,Airy Volume Dress,DRESS,EVENT14-20260826-04-00,1,KR,KRW,CUST-0333,경기,수원시,paid,AIR-24 재주문 필요 수요,v2
2026-08-26T15:53:00+09:00,무신사,AIR-24-NVY-F,9,1639440,68000,196733,73775,3500,0,0,ONLINE,온라인몰,Airy Volume Dress,DRESS,EVENT14-20260826-04-01,1,KR,KRW,CUST-0344,부산,해운대구,paid,AIR-24 재주문 필요 수요,v2
2026-08-26T16:06:00+09:00,29CM,AIR-24-NVY-F,8,1488960,68000,208454,59558,3500,0,0,ONLINE,온라인몰,Airy Volume Dress,DRESS,EVENT14-20260826-04-02,1,KR,KRW,CUST-0355,인천,연수구,paid,AIR-24 재주문 필요 수요,v2
2026-08-26T17:19:00+09:00,네이버,AIR-24-NVY-F,8,1536480,68000,122918,38412,3500,0,0,ONLINE,온라인몰,Airy Volume Dress,DRESS,EVENT14-20260826-04-03,1,KR,KRW,CUST-0366,대구,수성구,paid,AIR-24 재주문 필요 수요,v2
2026-08-26T18:32:00+09:00,W컨셉,AIR-24-NVY-F,8,1393920,68000,209088,48787,3500,6500,1,ONLINE,온라인몰,Airy Volume Dress,DRESS,EVENT14-20260826-04-04,1,KR,KRW,CUST-0377,서울,성동구,paid,AIR-24 재주문 필요 수요,v2
2026-08-26T19:45:00+09:00,매장 POS,AIR-24-NVY-F,6,1152360,68000,23047,11524,0,0,0,STORE-HANNAM,한남점,Airy Volume Dress,DRESS,EVENT14-20260826-04-05,1,KR,KRW,CUST-0388,서울,용산구,paid,AIR-24 재주문 필요 수요,v2
2026-08-26T15:51:00+09:00,자사몰,WAVE-31-WHT-F,3,430680,44000,17227,15074,3500,0,0,ONLINE,온라인몰,Sheer Shirt,TOP,EVENT14-20260826-05-00,1,KR,KRW,CUST-0370,부산,해운대구,paid,정상 범위,v2
2026-08-26T16:04:00+09:00,무신사,WAVE-31-WHT-F,3,408480,44000,49018,18382,3500,0,0,ONLINE,온라인몰,Sheer Shirt,TOP,EVENT14-20260826-05-01,1,KR,KRW,CUST-0381,인천,연수구,paid,정상 범위,v2
2026-08-26T17:17:00+09:00,29CM,WAVE-31-WHT-F,2,278240,44000,38954,11130,3500,0,0,ONLINE,온라인몰,Sheer Shirt,TOP,EVENT14-20260826-05-02,1,KR,KRW,CUST-0392,대구,수성구,paid,정상 범위,v2
2026-08-26T18:30:00+09:00,네이버,WAVE-31-WHT-F,2,287120,44000,22970,7178,3500,0,0,ONLINE,온라인몰,Sheer Shirt,TOP,EVENT14-20260826-05-03,1,KR,KRW,CUST-0403,서울,성동구,paid,정상 범위,v2
2026-08-26T19:43:00+09:00,W컨셉,WAVE-31-WHT-F,2,260480,44000,39072,9117,3500,0,0,ONLINE,온라인몰,Sheer Shirt,TOP,EVENT14-20260826-05-04,1,KR,KRW,CUST-0414,서울,강남구,paid,정상 범위,v2
2026-08-26T20:56:00+09:00,매장 POS,WAVE-31-WHT-F,2,287120,44000,5742,2871,0,0,0,STORE-BUSAN,부산 센텀,Sheer Shirt,TOP,EVENT14-20260826-05-05,1,KR,KRW,CUST-0425,부산,해운대구,paid,정상 범위,v2
2026-08-26T16:02:00+09:00,자사몰,MOSS-18-BLK-F,1,104880,42000,4195,3671,3500,0,0,ONLINE,온라인몰,Volume Bermuda,BOTTOM,EVENT14-20260826-06-00,1,KR,KRW,CUST-0407,인천,연수구,paid,MOSS-18 과잉재고·판매 둔화,v2
2026-08-26T17:15:00+09:00,무신사,MOSS-18-BLK-F,1,104880,42000,12586,4720,3500,0,0,ONLINE,온라인몰,Volume Bermuda,BOTTOM,EVENT14-20260826-06-01,1,KR,KRW,CUST-0418,대구,수성구,paid,MOSS-18 과잉재고·판매 둔화,v2
2026-08-26T18:28:00+09:00,29CM,MOSS-18-BLK-F,1,104880,42000,14683,4195,3500,0,0,ONLINE,온라인몰,Volume Bermuda,BOTTOM,EVENT14-20260826-06-02,1,KR,KRW,CUST-0429,서울,성동구,paid,MOSS-18 과잉재고·판매 둔화,v2
2026-08-26T19:41:00+09:00,네이버,MOSS-18-BLK-F,1,104880,42000,8390,2622,3500,0,0,ONLINE,온라인몰,Volume Bermuda,BOTTOM,EVENT14-20260826-06-03,1,KR,KRW,CUST-0440,서울,강남구,paid,MOSS-18 과잉재고·판매 둔화,v2
2026-08-26T20:54:00+09:00,W컨셉,MOSS-18-BLK-F,1,104880,42000,15732,3671,3500,0,0,ONLINE,온라인몰,Volume Bermuda,BOTTOM,EVENT14-20260826-06-04,1,KR,KRW,CUST-0451,서울,마포구,paid,MOSS-18 과잉재고·판매 둔화,v2
2026-08-26T10:07:00+09:00,매장 POS,MOSS-18-BLK-F,1,104880,42000,2098,1049,0,0,0,STORE-SHANGHAI,상하이 IFC,Volume Bermuda,BOTTOM,EVENT14-20260826-06-05,1,CN,KRW,CUST-0462,上海,浦东新区,paid,MOSS-18 과잉재고·판매 둔화,v2
2026-08-26T17:13:00+09:00,자사몰,LUME-09-BEG-F,2,345320,59000,13813,12086,3500,0,0,ONLINE,온라인몰,Knit Cardigan,KNIT,EVENT14-20260826-07-00,1,KR,KRW,CUST-0444,대구,수성구,paid,정상 범위,v2
2026-08-26T18:26:00+09:00,무신사,LUME-09-BEG-F,3,491280,59000,58954,22108,3500,0,0,ONLINE,온라인몰,Knit Cardigan,KNIT,EVENT14-20260826-07-01,1,KR,KRW,CUST-0455,서울,성동구,paid,정상 범위,v2
2026-08-26T19:39:00+09:00,29CM,LUME-09-BEG-F,1,167320,59000,23425,6693,3500,0,0,ONLINE,온라인몰,Knit Cardigan,KNIT,EVENT14-20260826-07-02,1,KR,KRW,CUST-0466,서울,강남구,paid,정상 범위,v2
2026-08-26T20:52:00+09:00,네이버,LUME-09-BEG-F,2,345320,59000,27626,8633,3500,0,0,ONLINE,온라인몰,Knit Cardigan,KNIT,EVENT14-20260826-07-03,1,KR,KRW,CUST-0477,서울,마포구,paid,정상 범위,v2
2026-08-26T10:05:00+09:00,W컨셉,LUME-09-BEG-F,1,156640,59000,23496,5482,3500,0,0,ONLINE,온라인몰,Knit Cardigan,KNIT,EVENT14-20260826-07-04,1,KR,KRW,CUST-0488,경기,성남시,paid,정상 범위,v2
2026-08-26T11:18:00+09:00,매장 POS,LUME-09-BEG-F,2,345320,59000,6906,3453,0,0,0,STORE-SEONGSU,성수 플래그십,Knit Cardigan,KNIT,EVENT14-20260826-07-05,1,KR,KRW,CUST-0499,서울,성동구,paid,정상 범위,v2
2026-08-26T18:24:00+09:00,자사몰,CORE-55-WHT-F,6,395760,19000,15830,13852,3500,0,0,ONLINE,온라인몰,Logo Tee,TOP,EVENT14-20260826-08-00,1,KR,KRW,CUST-0481,서울,성동구,paid,정상 범위,v2
2026-08-26T19:37:00+09:00,무신사,CORE-55-WHT-F,5,312800,19000,37536,14076,3500,0,0,ONLINE,온라인몰,Logo Tee,TOP,EVENT14-20260826-08-01,1,KR,KRW,CUST-0492,서울,강남구,paid,정상 범위,v2
2026-08-26T20:50:00+09:00,29CM,CORE-55-WHT-F,4,255680,19000,35795,10227,3500,0,0,ONLINE,온라인몰,Logo Tee,TOP,EVENT14-20260826-08-02,1,KR,KRW,CUST-0503,서울,마포구,paid,정상 범위,v2
2026-08-26T10:03:00+09:00,네이버,CORE-55-WHT-F,4,263840,19000,21107,6596,3500,0,0,ONLINE,온라인몰,Logo Tee,TOP,EVENT14-20260826-08-03,1,KR,KRW,CUST-0514,경기,성남시,paid,정상 범위,v2
2026-08-26T11:16:00+09:00,W컨셉,CORE-55-WHT-F,3,179520,19000,26928,6283,3500,0,0,ONLINE,온라인몰,Logo Tee,TOP,EVENT14-20260826-08-04,1,KR,KRW,CUST-0525,경기,수원시,paid,정상 범위,v2
2026-08-26T12:29:00+09:00,매장 POS,CORE-55-WHT-F,3,197880,19000,3958,1979,0,0,0,STORE-GANGNAM,강남점,Logo Tee,TOP,EVENT14-20260826-08-05,1,KR,KRW,CUST-0536,서울,강남구,paid,정상 범위,v2
2026-08-26T19:35:00+09:00,자사몰,FORM-42-DEN-F,3,0,58000,0,0,0,0,0,ONLINE,온라인몰,Denim Skirt,BOTTOM,EVENT14-20260826-09-00,1,KR,KRW,CUST-0518,서울,강남구,cancelled,정상 범위,v2
2026-08-26T20:48:00+09:00,무신사,FORM-42-DEN-F,2,309120,58000,37094,13910,3500,0,0,ONLINE,온라인몰,Denim Skirt,BOTTOM,EVENT14-20260826-09-01,1,KR,KRW,CUST-0529,서울,마포구,paid,정상 범위,v2
2026-08-26T10:01:00+09:00,29CM,FORM-42-DEN-F,2,315840,58000,44218,12634,3500,0,0,ONLINE,온라인몰,Denim Skirt,BOTTOM,EVENT14-20260826-09-02,1,KR,KRW,CUST-0540,경기,성남시,paid,정상 범위,v2
2026-08-26T11:14:00+09:00,네이버,FORM-42-DEN-F,2,325920,58000,26074,8148,3500,6500,1,ONLINE,온라인몰,Denim Skirt,BOTTOM,EVENT14-20260826-09-03,1,KR,KRW,CUST-0551,경기,수원시,paid,정상 범위,v2
2026-08-26T12:27:00+09:00,W컨셉,FORM-42-DEN-F,2,295680,58000,44352,10349,3500,0,0,ONLINE,온라인몰,Denim Skirt,BOTTOM,EVENT14-20260826-09-04,1,KR,KRW,CUST-0562,부산,해운대구,paid,정상 범위,v2
2026-08-26T13:40:00+09:00,매장 POS,FORM-42-DEN-F,1,162960,58000,3259,1630,0,0,0,STORE-HANNAM,한남점,Denim Skirt,BOTTOM,EVENT14-20260826-09-05,1,KR,KRW,CUST-0573,서울,용산구,paid,정상 범위,v2
2026-08-26T20:46:00+09:00,자사몰,COVE-14-BLK-F,2,442320,76000,17693,15481,3500,0,0,ONLINE,온라인몰,Maxi Dress,DRESS,EVENT14-20260826-10-00,1,KR,KRW,CUST-0555,서울,마포구,paid,정상 범위,v2
2026-08-26T10:59:00+09:00,무신사,COVE-14-BLK-F,3,629280,76000,75514,28318,3500,0,0,ONLINE,온라인몰,Maxi Dress,DRESS,EVENT14-20260826-10-01,1,KR,KRW,CUST-0566,경기,성남시,paid,정상 범위,v2
2026-08-26T11:12:00+09:00,29CM,COVE-14-BLK-F,1,214320,76000,30005,8573,3500,0,0,ONLINE,온라인몰,Maxi Dress,DRESS,EVENT14-20260826-10-02,1,KR,KRW,CUST-0577,경기,수원시,paid,정상 범위,v2
2026-08-26T12:25:00+09:00,네이버,COVE-14-BLK-F,1,221160,76000,17693,5529,3500,0,0,ONLINE,온라인몰,Maxi Dress,DRESS,EVENT14-20260826-10-03,1,KR,KRW,CUST-0588,부산,해운대구,paid,정상 범위,v2
2026-08-26T13:38:00+09:00,W컨셉,COVE-14-BLK-F,1,200640,76000,30096,7022,3500,0,0,ONLINE,온라인몰,Maxi Dress,DRESS,EVENT14-20260826-10-04,1,KR,KRW,CUST-0599,인천,연수구,paid,정상 범위,v2
2026-08-26T14:51:00+09:00,매장 POS,COVE-14-BLK-F,1,221160,76000,4423,2212,0,0,0,STORE-BUSAN,부산 센텀,Maxi Dress,DRESS,EVENT14-20260826-10-05,1,KR,KRW,CUST-0610,부산,해운대구,paid,정상 범위,v2
2026-08-26T10:57:00+09:00,자사몰,EDGE-28-GRY-F,1,259960,91000,10398,9099,3500,0,0,ONLINE,온라인몰,Zip Jacket,OUTER,EVENT14-20260826-11-00,1,KR,KRW,CUST-0592,경기,성남시,paid,정상 범위,v2
2026-08-26T11:10:00+09:00,무신사,EDGE-28-GRY-F,2,493120,91000,59174,22190,3500,0,0,ONLINE,온라인몰,Zip Jacket,OUTER,EVENT14-20260826-11-01,1,KR,KRW,CUST-0603,경기,수원시,paid,정상 범위,v2
2026-08-26T12:23:00+09:00,29CM,EDGE-28-GRY-F,1,251920,91000,35269,10077,3500,0,0,ONLINE,온라인몰,Zip Jacket,OUTER,EVENT14-20260826-11-02,1,KR,KRW,CUST-0614,부산,해운대구,paid,정상 범위,v2
2026-08-26T13:36:00+09:00,네이버,EDGE-28-GRY-F,2,519920,91000,41594,12998,3500,0,0,ONLINE,온라인몰,Zip Jacket,OUTER,EVENT14-20260826-11-03,1,KR,KRW,CUST-0625,인천,연수구,paid,정상 범위,v2
2026-08-26T14:49:00+09:00,W컨셉,EDGE-28-GRY-F,1,235840,91000,35376,8254,3500,0,0,ONLINE,온라인몰,Zip Jacket,OUTER,EVENT14-20260826-11-04,1,KR,KRW,CUST-0636,대구,수성구,paid,정상 범위,v2
2026-08-26T15:02:00+09:00,매장 POS,EDGE-28-GRY-F,1,0,91000,0,0,0,0,0,STORE-SHANGHAI,상하이 IFC,Zip Jacket,OUTER,EVENT14-20260826-11-05,1,CN,KRW,CUST-0647,上海,浦东新区,cancelled,정상 범위,v2
2026-08-27T10:03:00+09:00,자사몰,ARC-07-BLK-F,4,962240,82000,38490,33678,3500,0,0,ONLINE,온라인몰,Utility Jacket,OUTER,EVENT14-20260827-00-00,1,KR,KRW,CUST-0208,경기,성남시,paid,정상 범위,v2
2026-08-27T11:16:00+09:00,무신사,ARC-07-BLK-F,19,4335040,82000,520205,195077,3500,0,0,ONLINE,온라인몰,Utility Jacket,OUTER,EVENT14-20260827-00-01,1,KR,KRW,CUST-0219,경기,수원시,paid,ARC-07 판매 급증·강남 품절 위험,v2
2026-08-27T12:29:00+09:00,29CM,ARC-07-BLK-F,3,699360,82000,97910,27974,3500,0,0,ONLINE,온라인몰,Utility Jacket,OUTER,EVENT14-20260827-00-02,1,KR,KRW,CUST-0230,부산,해운대구,paid,정상 범위,v2
2026-08-27T13:42:00+09:00,네이버,ARC-07-BLK-F,5,1202800,82000,96224,30070,3500,0,0,ONLINE,온라인몰,Utility Jacket,OUTER,EVENT14-20260827-00-03,1,KR,KRW,CUST-0241,인천,연수구,paid,정상 범위,v2
2026-08-27T14:55:00+09:00,W컨셉,ARC-07-BLK-F,3,654720,82000,98208,22915,3500,0,0,ONLINE,온라인몰,Utility Jacket,OUTER,EVENT14-20260827-00-04,1,KR,KRW,CUST-0252,대구,수성구,paid,정상 범위,v2
2026-08-27T15:08:00+09:00,매장 POS,ARC-07-BLK-F,12,2886720,82000,57734,28867,0,0,0,STORE-GANGNAM,강남점,Utility Jacket,OUTER,EVENT14-20260827-00-05,1,KR,KRW,CUST-0263,서울,강남구,paid,ARC-07 판매 급증·강남 품절 위험,v2
2026-08-27T11:14:00+09:00,자사몰,FLOW-22-BLK-F,14,2145640,51000,85826,75097,3500,0,0,ONLINE,온라인몰,Drape Pants,BOTTOM,EVENT14-20260827-01-00,1,KR,KRW,CUST-0245,경기,수원시,paid,FLOW-22 부산 수요 급증,v2
2026-08-27T12:27:00+09:00,무신사,FLOW-22-BLK-F,5,726800,51000,87216,32706,3500,0,0,ONLINE,온라인몰,Drape Pants,BOTTOM,EVENT14-20260827-01-01,1,KR,KRW,CUST-0256,부산,해운대구,paid,정상 범위,v2
2026-08-27T13:40:00+09:00,29CM,FLOW-22-BLK-F,4,594080,51000,83171,23763,3500,0,0,ONLINE,온라인몰,Drape Pants,BOTTOM,EVENT14-20260827-01-02,1,KR,KRW,CUST-0267,인천,연수구,paid,정상 범위,v2
2026-08-27T14:53:00+09:00,네이버,FLOW-22-BLK-F,4,613040,51000,49043,15326,3500,0,0,ONLINE,온라인몰,Drape Pants,BOTTOM,EVENT14-20260827-01-03,1,KR,KRW,CUST-0278,대구,수성구,paid,정상 범위,v2
2026-08-27T15:06:00+09:00,W컨셉,FLOW-22-BLK-F,3,417120,51000,62568,14599,3500,0,0,ONLINE,온라인몰,Drape Pants,BOTTOM,EVENT14-20260827-01-04,1,KR,KRW,CUST-0289,서울,성동구,paid,정상 범위,v2
2026-08-27T16:19:00+09:00,매장 POS,FLOW-22-BLK-F,8,1226080,51000,24522,12261,0,0,0,STORE-BUSAN,부산 센텀,Drape Pants,BOTTOM,EVENT14-20260827-01-05,1,KR,KRW,CUST-0300,부산,해운대구,paid,FLOW-22 부산 수요 급증,v2
2026-08-27T12:25:00+09:00,자사몰,EASE-19-CRM-F,2,193520,36000,7741,6773,3500,6500,1,ONLINE,온라인몰,Layer Top,TOP,EVENT14-20260827-02-00,1,KR,KRW,CUST-0282,부산,해운대구,paid,EASE-19 판매 둔화·반품 증가,v2
2026-08-27T13:38:00+09:00,무신사,EASE-19-CRM-F,2,193520,36000,23222,8708,3500,0,0,ONLINE,온라인몰,Layer Top,TOP,EVENT14-20260827-02-01,1,KR,KRW,CUST-0293,인천,연수구,paid,EASE-19 판매 둔화·반품 증가,v2
2026-08-27T14:51:00+09:00,29CM,EASE-19-CRM-F,2,193520,36000,27093,7741,3500,6500,1,ONLINE,온라인몰,Layer Top,TOP,EVENT14-20260827-02-02,1,KR,KRW,CUST-0304,대구,수성구,paid,EASE-19 판매 둔화·반품 증가,v2
2026-08-27T15:04:00+09:00,네이버,EASE-19-CRM-F,2,193520,36000,15482,4838,3500,0,0,ONLINE,온라인몰,Layer Top,TOP,EVENT14-20260827-02-03,1,KR,KRW,CUST-0315,서울,성동구,paid,EASE-19 판매 둔화·반품 증가,v2
2026-08-27T16:17:00+09:00,W컨셉,EASE-19-CRM-F,2,193520,36000,29028,6773,3500,6500,1,ONLINE,온라인몰,Layer Top,TOP,EVENT14-20260827-02-04,1,KR,KRW,CUST-0326,서울,강남구,paid,EASE-19 판매 둔화·반품 증가,v2
2026-08-27T17:30:00+09:00,매장 POS,EASE-19-CRM-F,1,96760,36000,1935,968,0,6500,1,STORE-GANGNAM,강남점,Layer Top,TOP,EVENT14-20260827-02-05,1,KR,KRW,CUST-0337,서울,강남구,paid,EASE-19 판매 둔화·반품 증가,v2
2026-08-27T13:36:00+09:00,자사몰,NOVA-11-NVY-F,3,634380,72000,25375,22203,3500,0,0,ONLINE,온라인몰,Volume Dress,DRESS,EVENT14-20260827-03-00,1,KR,KRW,CUST-0319,인천,연수구,paid,정상 범위,v2
2026-08-27T14:49:00+09:00,무신사,NOVA-11-NVY-F,4,802240,72000,96269,36101,3500,0,0,ONLINE,온라인몰,Volume Dress,DRESS,EVENT14-20260827-03-01,1,KR,KRW,CUST-0330,대구,수성구,paid,정상 범위,v2
2026-08-27T15:02:00+09:00,29CM,NOVA-11-NVY-F,2,409840,72000,57378,16394,3500,0,0,ONLINE,온라인몰,Volume Dress,DRESS,EVENT14-20260827-03-02,1,KR,KRW,CUST-0341,서울,성동구,paid,정상 범위,v2
2026-08-27T16:15:00+09:00,네이버,NOVA-11-NVY-F,2,422920,72000,33834,10573,3500,0,0,ONLINE,온라인몰,Volume Dress,DRESS,EVENT14-20260827-03-03,1,KR,KRW,CUST-0352,서울,강남구,paid,정상 범위,v2
2026-08-27T17:28:00+09:00,W컨셉,NOVA-11-NVY-F,2,383680,72000,57552,13429,3500,0,0,ONLINE,온라인몰,Volume Dress,DRESS,EVENT14-20260827-03-04,1,KR,KRW,CUST-0363,서울,마포구,paid,정상 범위,v2
2026-08-27T18:41:00+09:00,매장 POS,NOVA-11-NVY-F,2,422920,72000,8458,4229,0,0,0,STORE-HANNAM,한남점,Volume Dress,DRESS,EVENT14-20260827-03-05,1,KR,KRW,CUST-0374,서울,용산구,paid,정상 범위,v2
2026-08-27T14:47:00+09:00,자사몰,AIR-24-NVY-F,8,1536480,68000,61459,53777,3500,0,0,ONLINE,온라인몰,Airy Volume Dress,DRESS,EVENT14-20260827-04-00,1,KR,KRW,CUST-0356,대구,수성구,paid,AIR-24 재주문 필요 수요,v2
2026-08-27T15:00:00+09:00,무신사,AIR-24-NVY-F,11,2003760,68000,240451,90169,3500,0,0,ONLINE,온라인몰,Airy Volume Dress,DRESS,EVENT14-20260827-04-01,1,KR,KRW,CUST-0367,서울,성동구,paid,AIR-24 재주문 필요 수요,v2
2026-08-27T16:13:00+09:00,29CM,AIR-24-NVY-F,6,1116720,68000,156341,44669,3500,0,0,ONLINE,온라인몰,Airy Volume Dress,DRESS,EVENT14-20260827-04-02,1,KR,KRW,CUST-0378,서울,강남구,paid,AIR-24 재주문 필요 수요,v2
2026-08-27T17:26:00+09:00,네이버,AIR-24-NVY-F,9,1728540,68000,138283,43214,3500,0,0,ONLINE,온라인몰,Airy Volume Dress,DRESS,EVENT14-20260827-04-03,1,KR,KRW,CUST-0389,서울,마포구,paid,AIR-24 재주문 필요 수요,v2
2026-08-27T18:39:00+09:00,W컨셉,AIR-24-NVY-F,6,1045440,68000,156816,36590,3500,0,0,ONLINE,온라인몰,Airy Volume Dress,DRESS,EVENT14-20260827-04-04,1,KR,KRW,CUST-0400,경기,성남시,paid,AIR-24 재주문 필요 수요,v2
2026-08-27T19:52:00+09:00,매장 POS,AIR-24-NVY-F,7,1344420,68000,26888,13444,0,0,0,STORE-BUSAN,부산 센텀,Airy Volume Dress,DRESS,EVENT14-20260827-04-05,1,KR,KRW,CUST-0411,부산,해운대구,paid,AIR-24 재주문 필요 수요,v2
2026-08-27T15:58:00+09:00,자사몰,WAVE-31-WHT-F,4,574240,44000,22970,20098,3500,0,0,ONLINE,온라인몰,Sheer Shirt,TOP,EVENT14-20260827-05-00,1,KR,KRW,CUST-0393,서울,성동구,paid,정상 범위,v2
2026-08-27T16:11:00+09:00,무신사,WAVE-31-WHT-F,3,408480,44000,49018,18382,3500,0,0,ONLINE,온라인몰,Sheer Shirt,TOP,EVENT14-20260827-05-01,1,KR,KRW,CUST-0404,서울,강남구,paid,정상 범위,v2
2026-08-27T17:24:00+09:00,29CM,WAVE-31-WHT-F,2,278240,44000,38954,11130,3500,0,0,ONLINE,온라인몰,Sheer Shirt,TOP,EVENT14-20260827-05-02,1,KR,KRW,CUST-0415,서울,마포구,paid,정상 범위,v2
2026-08-27T18:37:00+09:00,네이버,WAVE-31-WHT-F,3,430680,44000,34454,10767,3500,0,0,ONLINE,온라인몰,Sheer Shirt,TOP,EVENT14-20260827-05-03,1,KR,KRW,CUST-0426,경기,성남시,paid,정상 범위,v2
2026-08-27T19:50:00+09:00,W컨셉,WAVE-31-WHT-F,2,260480,44000,39072,9117,3500,0,0,ONLINE,온라인몰,Sheer Shirt,TOP,EVENT14-20260827-05-04,1,KR,KRW,CUST-0437,경기,수원시,paid,정상 범위,v2
2026-08-27T20:03:00+09:00,매장 POS,WAVE-31-WHT-F,2,287120,44000,5742,2871,0,0,0,STORE-SHANGHAI,상하이 IFC,Sheer Shirt,TOP,EVENT14-20260827-05-05,1,CN,KRW,CUST-0448,上海,浦东新区,paid,정상 범위,v2
2026-08-27T16:09:00+09:00,자사몰,MOSS-18-BLK-F,1,104880,42000,4195,3671,3500,0,0,ONLINE,온라인몰,Volume Bermuda,BOTTOM,EVENT14-20260827-06-00,1,KR,KRW,CUST-0430,서울,강남구,paid,MOSS-18 과잉재고·판매 둔화,v2
2026-08-27T17:22:00+09:00,무신사,MOSS-18-BLK-F,1,104880,42000,12586,4720,3500,0,0,ONLINE,온라인몰,Volume Bermuda,BOTTOM,EVENT14-20260827-06-01,1,KR,KRW,CUST-0441,서울,마포구,paid,MOSS-18 과잉재고·판매 둔화,v2
2026-08-27T18:35:00+09:00,29CM,MOSS-18-BLK-F,1,104880,42000,14683,4195,3500,0,0,ONLINE,온라인몰,Volume Bermuda,BOTTOM,EVENT14-20260827-06-02,1,KR,KRW,CUST-0452,경기,성남시,paid,MOSS-18 과잉재고·판매 둔화,v2
2026-08-27T19:48:00+09:00,네이버,MOSS-18-BLK-F,1,104880,42000,8390,2622,3500,0,0,ONLINE,온라인몰,Volume Bermuda,BOTTOM,EVENT14-20260827-06-03,1,KR,KRW,CUST-0463,경기,수원시,paid,MOSS-18 과잉재고·판매 둔화,v2
2026-08-27T20:01:00+09:00,W컨셉,MOSS-18-BLK-F,1,104880,42000,15732,3671,3500,0,0,ONLINE,온라인몰,Volume Bermuda,BOTTOM,EVENT14-20260827-06-04,1,KR,KRW,CUST-0474,부산,해운대구,paid,MOSS-18 과잉재고·판매 둔화,v2
2026-08-27T10:14:00+09:00,매장 POS,MOSS-18-BLK-F,1,104880,42000,2098,1049,0,0,0,STORE-SEONGSU,성수 플래그십,Volume Bermuda,BOTTOM,EVENT14-20260827-06-05,1,KR,KRW,CUST-0485,서울,성동구,paid,MOSS-18 과잉재고·판매 둔화,v2
2026-08-27T17:20:00+09:00,자사몰,LUME-09-BEG-F,2,345320,59000,13813,12086,3500,0,0,ONLINE,온라인몰,Knit Cardigan,KNIT,EVENT14-20260827-07-00,1,KR,KRW,CUST-0467,서울,마포구,paid,정상 범위,v2
2026-08-27T18:33:00+09:00,무신사,LUME-09-BEG-F,2,0,59000,0,0,0,0,0,ONLINE,온라인몰,Knit Cardigan,KNIT,EVENT14-20260827-07-01,1,KR,KRW,CUST-0478,경기,성남시,cancelled,정상 범위,v2
2026-08-27T19:46:00+09:00,29CM,LUME-09-BEG-F,2,334640,59000,46850,13386,3500,0,0,ONLINE,온라인몰,Knit Cardigan,KNIT,EVENT14-20260827-07-02,1,KR,KRW,CUST-0489,경기,수원시,paid,정상 범위,v2
2026-08-27T20:59:00+09:00,네이버,LUME-09-BEG-F,2,345320,59000,27626,8633,3500,0,0,ONLINE,온라인몰,Knit Cardigan,KNIT,EVENT14-20260827-07-03,1,KR,KRW,CUST-0500,부산,해운대구,paid,정상 범위,v2
2026-08-27T10:12:00+09:00,W컨셉,LUME-09-BEG-F,2,313280,59000,46992,10965,3500,6500,1,ONLINE,온라인몰,Knit Cardigan,KNIT,EVENT14-20260827-07-04,1,KR,KRW,CUST-0511,인천,연수구,paid,정상 범위,v2
2026-08-27T11:25:00+09:00,매장 POS,LUME-09-BEG-F,1,172660,59000,3453,1727,0,0,0,STORE-GANGNAM,강남점,Knit Cardigan,KNIT,EVENT14-20260827-07-05,1,KR,KRW,CUST-0522,서울,강남구,paid,정상 범위,v2
2026-08-27T18:31:00+09:00,자사몰,CORE-55-WHT-F,4,263840,19000,10554,9234,3500,0,0,ONLINE,온라인몰,Logo Tee,TOP,EVENT14-20260827-08-00,1,KR,KRW,CUST-0504,경기,성남시,paid,정상 범위,v2
2026-08-27T19:44:00+09:00,무신사,CORE-55-WHT-F,6,375360,19000,45043,16891,3500,0,0,ONLINE,온라인몰,Logo Tee,TOP,EVENT14-20260827-08-01,1,KR,KRW,CUST-0515,경기,수원시,paid,정상 범위,v2
2026-08-27T20:57:00+09:00,29CM,CORE-55-WHT-F,4,255680,19000,35795,10227,3500,0,0,ONLINE,온라인몰,Logo Tee,TOP,EVENT14-20260827-08-02,1,KR,KRW,CUST-0526,부산,해운대구,paid,정상 범위,v2
2026-08-27T10:10:00+09:00,네이버,CORE-55-WHT-F,5,329800,19000,26384,8245,3500,0,0,ONLINE,온라인몰,Logo Tee,TOP,EVENT14-20260827-08-03,1,KR,KRW,CUST-0537,인천,연수구,paid,정상 범위,v2
2026-08-27T11:23:00+09:00,W컨셉,CORE-55-WHT-F,3,179520,19000,26928,6283,3500,0,0,ONLINE,온라인몰,Logo Tee,TOP,EVENT14-20260827-08-04,1,KR,KRW,CUST-0548,대구,수성구,paid,정상 범위,v2
2026-08-27T12:36:00+09:00,매장 POS,CORE-55-WHT-F,3,197880,19000,3958,1979,0,0,0,STORE-HANNAM,한남점,Logo Tee,TOP,EVENT14-20260827-08-05,1,KR,KRW,CUST-0559,서울,용산구,paid,정상 범위,v2
2026-08-27T19:42:00+09:00,자사몰,FORM-42-DEN-F,2,325920,58000,13037,11407,3500,0,0,ONLINE,온라인몰,Denim Skirt,BOTTOM,EVENT14-20260827-09-00,1,KR,KRW,CUST-0541,경기,수원시,paid,정상 범위,v2
2026-08-27T20:55:00+09:00,무신사,FORM-42-DEN-F,3,463680,58000,55642,20866,3500,0,0,ONLINE,온라인몰,Denim Skirt,BOTTOM,EVENT14-20260827-09-01,1,KR,KRW,CUST-0552,부산,해운대구,paid,정상 범위,v2
2026-08-27T10:08:00+09:00,29CM,FORM-42-DEN-F,2,315840,58000,44218,12634,3500,0,0,ONLINE,온라인몰,Denim Skirt,BOTTOM,EVENT14-20260827-09-02,1,KR,KRW,CUST-0563,인천,연수구,paid,정상 범위,v2
2026-08-27T11:21:00+09:00,네이버,FORM-42-DEN-F,2,325920,58000,26074,8148,3500,0,0,ONLINE,온라인몰,Denim Skirt,BOTTOM,EVENT14-20260827-09-03,1,KR,KRW,CUST-0574,대구,수성구,paid,정상 범위,v2
2026-08-27T12:34:00+09:00,W컨셉,FORM-42-DEN-F,1,147840,58000,22176,5174,3500,0,0,ONLINE,온라인몰,Denim Skirt,BOTTOM,EVENT14-20260827-09-04,1,KR,KRW,CUST-0585,서울,성동구,paid,정상 범위,v2
2026-08-27T13:47:00+09:00,매장 POS,FORM-42-DEN-F,2,325920,58000,6518,3259,0,0,0,STORE-BUSAN,부산 센텀,Denim Skirt,BOTTOM,EVENT14-20260827-09-05,1,KR,KRW,CUST-0596,부산,해운대구,paid,정상 범위,v2
2026-08-27T20:53:00+09:00,자사몰,COVE-14-BLK-F,2,442320,76000,17693,15481,3500,0,0,ONLINE,온라인몰,Maxi Dress,DRESS,EVENT14-20260827-10-00,1,KR,KRW,CUST-0578,부산,해운대구,paid,정상 범위,v2
2026-08-27T10:06:00+09:00,무신사,COVE-14-BLK-F,2,419520,76000,50342,18878,3500,0,0,ONLINE,온라인몰,Maxi Dress,DRESS,EVENT14-20260827-10-01,1,KR,KRW,CUST-0589,인천,연수구,paid,정상 범위,v2
2026-08-27T11:19:00+09:00,29CM,COVE-14-BLK-F,2,428640,76000,60010,17146,3500,0,0,ONLINE,온라인몰,Maxi Dress,DRESS,EVENT14-20260827-10-02,1,KR,KRW,CUST-0600,대구,수성구,paid,정상 범위,v2
2026-08-27T12:32:00+09:00,네이버,COVE-14-BLK-F,2,442320,76000,35386,11058,3500,0,0,ONLINE,온라인몰,Maxi Dress,DRESS,EVENT14-20260827-10-03,1,KR,KRW,CUST-0611,서울,성동구,paid,정상 범위,v2
2026-08-27T13:45:00+09:00,W컨셉,COVE-14-BLK-F,1,200640,76000,30096,7022,3500,0,0,ONLINE,온라인몰,Maxi Dress,DRESS,EVENT14-20260827-10-04,1,KR,KRW,CUST-0622,서울,강남구,paid,정상 범위,v2
2026-08-27T14:58:00+09:00,매장 POS,COVE-14-BLK-F,1,221160,76000,4423,2212,0,0,0,STORE-SHANGHAI,상하이 IFC,Maxi Dress,DRESS,EVENT14-20260827-10-05,1,CN,KRW,CUST-0633,上海,浦东新区,paid,정상 범위,v2
2026-08-27T10:04:00+09:00,자사몰,EDGE-28-GRY-F,2,519920,91000,20797,18197,3500,0,0,ONLINE,온라인몰,Zip Jacket,OUTER,EVENT14-20260827-11-00,1,KR,KRW,CUST-0615,인천,연수구,paid,정상 범위,v2
2026-08-27T11:17:00+09:00,무신사,EDGE-28-GRY-F,2,493120,91000,59174,22190,3500,0,0,ONLINE,온라인몰,Zip Jacket,OUTER,EVENT14-20260827-11-01,1,KR,KRW,CUST-0626,대구,수성구,paid,정상 범위,v2
2026-08-27T12:30:00+09:00,29CM,EDGE-28-GRY-F,1,251920,91000,35269,10077,3500,0,0,ONLINE,온라인몰,Zip Jacket,OUTER,EVENT14-20260827-11-02,1,KR,KRW,CUST-0637,서울,성동구,paid,정상 범위,v2
2026-08-27T13:43:00+09:00,네이버,EDGE-28-GRY-F,1,259960,91000,20797,6499,3500,0,0,ONLINE,온라인몰,Zip Jacket,OUTER,EVENT14-20260827-11-03,1,KR,KRW,CUST-0648,서울,강남구,paid,정상 범위,v2
2026-08-27T14:56:00+09:00,W컨셉,EDGE-28-GRY-F,1,235840,91000,35376,8254,3500,0,0,ONLINE,온라인몰,Zip Jacket,OUTER,EVENT14-20260827-11-04,1,KR,KRW,CUST-0659,서울,마포구,paid,정상 범위,v2
2026-08-27T15:09:00+09:00,매장 POS,EDGE-28-GRY-F,1,259960,91000,5199,2600,0,0,0,STORE-SEONGSU,성수 플래그십,Zip Jacket,OUTER,EVENT14-20260827-11-05,1,KR,KRW,CUST-0670,서울,성동구,paid,정상 범위,v2
2026-08-28T10:10:00+09:00,자사몰,ARC-07-BLK-F,5,1202800,82000,48112,42098,3500,0,0,ONLINE,온라인몰,Utility Jacket,OUTER,EVENT14-20260828-00-00,1,KR,KRW,CUST-0231,인천,연수구,paid,정상 범위,v2
2026-08-28T11:23:00+09:00,무신사,ARC-07-BLK-F,15,3422400,82000,410688,154008,3500,0,0,ONLINE,온라인몰,Utility Jacket,OUTER,EVENT14-20260828-00-01,1,KR,KRW,CUST-0242,대구,수성구,paid,ARC-07 판매 급증·강남 품절 위험,v2
2026-08-28T12:36:00+09:00,29CM,ARC-07-BLK-F,4,932480,82000,130547,37299,3500,0,0,ONLINE,온라인몰,Utility Jacket,OUTER,EVENT14-20260828-00-02,1,KR,KRW,CUST-0253,서울,성동구,paid,정상 범위,v2
2026-08-28T13:49:00+09:00,네이버,ARC-07-BLK-F,4,962240,82000,76979,24056,3500,0,0,ONLINE,온라인몰,Utility Jacket,OUTER,EVENT14-20260828-00-03,1,KR,KRW,CUST-0264,서울,강남구,paid,정상 범위,v2
2026-08-28T14:02:00+09:00,W컨셉,ARC-07-BLK-F,4,872960,82000,130944,30554,3500,0,0,ONLINE,온라인몰,Utility Jacket,OUTER,EVENT14-20260828-00-04,1,KR,KRW,CUST-0275,서울,마포구,paid,정상 범위,v2
2026-08-28T15:15:00+09:00,매장 POS,ARC-07-BLK-F,9,2165040,82000,43301,21650,0,0,0,STORE-GANGNAM,강남점,Utility Jacket,OUTER,EVENT14-20260828-00-05,1,KR,KRW,CUST-0286,서울,강남구,paid,ARC-07 판매 급증·강남 품절 위험,v2
2026-08-28T11:21:00+09:00,자사몰,FLOW-22-BLK-F,11,1685860,51000,67434,59005,3500,6500,1,ONLINE,온라인몰,Drape Pants,BOTTOM,EVENT14-20260828-01-00,1,KR,KRW,CUST-0268,대구,수성구,paid,FLOW-22 부산 수요 급증,v2
2026-08-28T12:34:00+09:00,무신사,FLOW-22-BLK-F,6,872160,51000,104659,39247,3500,0,0,ONLINE,온라인몰,Drape Pants,BOTTOM,EVENT14-20260828-01-01,1,KR,KRW,CUST-0279,서울,성동구,paid,정상 범위,v2
2026-08-28T13:47:00+09:00,29CM,FLOW-22-BLK-F,3,445560,51000,62378,17822,3500,0,0,ONLINE,온라인몰,Drape Pants,BOTTOM,EVENT14-20260828-01-02,1,KR,KRW,CUST-0290,서울,강남구,paid,정상 범위,v2
2026-08-28T14:00:00+09:00,네이버,FLOW-22-BLK-F,5,766300,51000,61304,19158,3500,0,0,ONLINE,온라인몰,Drape Pants,BOTTOM,EVENT14-20260828-01-03,1,KR,KRW,CUST-0301,서울,마포구,paid,정상 범위,v2
2026-08-28T15:13:00+09:00,W컨셉,FLOW-22-BLK-F,3,417120,51000,62568,14599,3500,0,0,ONLINE,온라인몰,Drape Pants,BOTTOM,EVENT14-20260828-01-04,1,KR,KRW,CUST-0312,경기,성남시,paid,정상 범위,v2
2026-08-28T16:26:00+09:00,매장 POS,FLOW-22-BLK-F,6,919560,51000,18391,9196,0,0,0,STORE-BUSAN,부산 센텀,Drape Pants,BOTTOM,EVENT14-20260828-01-05,1,KR,KRW,CUST-0323,부산,해운대구,paid,FLOW-22 부산 수요 급증,v2
2026-08-28T12:32:00+09:00,자사몰,EASE-19-CRM-F,2,193520,36000,7741,6773,3500,6500,1,ONLINE,온라인몰,Layer Top,TOP,EVENT14-20260828-02-00,1,KR,KRW,CUST-0305,서울,성동구,paid,EASE-19 판매 둔화·반품 증가,v2
2026-08-28T13:45:00+09:00,무신사,EASE-19-CRM-F,2,193520,36000,23222,8708,3500,0,0,ONLINE,온라인몰,Layer Top,TOP,EVENT14-20260828-02-01,1,KR,KRW,CUST-0316,서울,강남구,paid,EASE-19 판매 둔화·반품 증가,v2
2026-08-28T14:58:00+09:00,29CM,EASE-19-CRM-F,1,96760,36000,13546,3870,3500,6500,1,ONLINE,온라인몰,Layer Top,TOP,EVENT14-20260828-02-02,1,KR,KRW,CUST-0327,서울,마포구,paid,EASE-19 판매 둔화·반품 증가,v2
2026-08-28T15:11:00+09:00,네이버,EASE-19-CRM-F,2,193520,36000,15482,4838,3500,0,0,ONLINE,온라인몰,Layer Top,TOP,EVENT14-20260828-02-03,1,KR,KRW,CUST-0338,경기,성남시,paid,EASE-19 판매 둔화·반품 증가,v2
2026-08-28T16:24:00+09:00,W컨셉,EASE-19-CRM-F,1,96760,36000,14514,3387,3500,6500,1,ONLINE,온라인몰,Layer Top,TOP,EVENT14-20260828-02-04,1,KR,KRW,CUST-0349,경기,수원시,paid,EASE-19 판매 둔화·반품 증가,v2
2026-08-28T17:37:00+09:00,매장 POS,EASE-19-CRM-F,1,96760,36000,1935,968,0,0,0,STORE-HANNAM,한남점,Layer Top,TOP,EVENT14-20260828-02-05,1,KR,KRW,CUST-0360,서울,용산구,paid,EASE-19 판매 둔화·반품 증가,v2
2026-08-28T13:43:00+09:00,자사몰,NOVA-11-NVY-F,4,845840,72000,33834,29604,3500,0,0,ONLINE,온라인몰,Volume Dress,DRESS,EVENT14-20260828-03-00,1,KR,KRW,CUST-0342,서울,강남구,paid,정상 범위,v2
2026-08-28T14:56:00+09:00,무신사,NOVA-11-NVY-F,3,601680,72000,72202,27076,3500,0,0,ONLINE,온라인몰,Volume Dress,DRESS,EVENT14-20260828-03-01,1,KR,KRW,CUST-0353,서울,마포구,paid,정상 범위,v2
2026-08-28T15:09:00+09:00,29CM,NOVA-11-NVY-F,3,614760,72000,86066,24590,3500,0,0,ONLINE,온라인몰,Volume Dress,DRESS,EVENT14-20260828-03-02,1,KR,KRW,CUST-0364,경기,성남시,paid,정상 범위,v2
2026-08-28T16:22:00+09:00,네이버,NOVA-11-NVY-F,3,634380,72000,50750,15860,3500,0,0,ONLINE,온라인몰,Volume Dress,DRESS,EVENT14-20260828-03-03,1,KR,KRW,CUST-0375,경기,수원시,paid,정상 범위,v2
2026-08-28T17:35:00+09:00,W컨셉,NOVA-11-NVY-F,2,383680,72000,57552,13429,3500,0,0,ONLINE,온라인몰,Volume Dress,DRESS,EVENT14-20260828-03-04,1,KR,KRW,CUST-0386,부산,해운대구,paid,정상 범위,v2
2026-08-28T18:48:00+09:00,매장 POS,NOVA-11-NVY-F,2,422920,72000,8458,4229,0,0,0,STORE-BUSAN,부산 센텀,Volume Dress,DRESS,EVENT14-20260828-03-05,1,KR,KRW,CUST-0397,부산,해운대구,paid,정상 범위,v2
2026-08-28T14:54:00+09:00,자사몰,AIR-24-NVY-F,10,1920600,68000,76824,67221,3500,0,0,ONLINE,온라인몰,Airy Volume Dress,DRESS,EVENT14-20260828-04-00,1,KR,KRW,CUST-0379,서울,마포구,paid,AIR-24 재주문 필요 수요,v2
2026-08-28T15:07:00+09:00,무신사,AIR-24-NVY-F,9,1639440,68000,196733,73775,3500,0,0,ONLINE,온라인몰,Airy Volume Dress,DRESS,EVENT14-20260828-04-01,1,KR,KRW,CUST-0390,경기,성남시,paid,AIR-24 재주문 필요 수요,v2
2026-08-28T16:20:00+09:00,29CM,AIR-24-NVY-F,8,1488960,68000,208454,59558,3500,0,0,ONLINE,온라인몰,Airy Volume Dress,DRESS,EVENT14-20260828-04-02,1,KR,KRW,CUST-0401,경기,수원시,paid,AIR-24 재주문 필요 수요,v2
2026-08-28T17:33:00+09:00,네이버,AIR-24-NVY-F,7,1344420,68000,107554,33611,3500,0,0,ONLINE,온라인몰,Airy Volume Dress,DRESS,EVENT14-20260828-04-03,1,KR,KRW,CUST-0412,부산,해운대구,paid,AIR-24 재주문 필요 수요,v2
2026-08-28T18:46:00+09:00,W컨셉,AIR-24-NVY-F,8,1393920,68000,209088,48787,3500,0,0,ONLINE,온라인몰,Airy Volume Dress,DRESS,EVENT14-20260828-04-04,1,KR,KRW,CUST-0423,인천,연수구,paid,AIR-24 재주문 필요 수요,v2
2026-08-28T19:59:00+09:00,매장 POS,AIR-24-NVY-F,6,1152360,68000,23047,11524,0,0,0,STORE-SHANGHAI,상하이 IFC,Airy Volume Dress,DRESS,EVENT14-20260828-04-05,1,CN,KRW,CUST-0434,上海,浦东新区,paid,AIR-24 재주문 필요 수요,v2
2026-08-28T15:05:00+09:00,자사몰,WAVE-31-WHT-F,6,861360,44000,34454,30148,3500,0,0,ONLINE,온라인몰,Sheer Shirt,TOP,EVENT14-20260828-05-00,1,KR,KRW,CUST-0416,경기,성남시,paid,WAVE-31 외부 트렌드 반응,v2
2026-08-28T16:18:00+09:00,무신사,WAVE-31-WHT-F,8,1089280,44000,130714,49018,3500,0,0,ONLINE,온라인몰,Sheer Shirt,TOP,EVENT14-20260828-05-01,1,KR,KRW,CUST-0427,경기,수원시,paid,WAVE-31 외부 트렌드 반응,v2
2026-08-28T17:31:00+09:00,29CM,WAVE-31-WHT-F,5,0,44000,0,0,0,0,0,ONLINE,온라인몰,Sheer Shirt,TOP,EVENT14-20260828-05-02,1,KR,KRW,CUST-0438,부산,해운대구,cancelled,WAVE-31 외부 트렌드 반응,v2
2026-08-28T18:44:00+09:00,네이버,WAVE-31-WHT-F,4,574240,44000,45939,14356,3500,0,0,ONLINE,온라인몰,Sheer Shirt,TOP,EVENT14-20260828-05-03,1,KR,KRW,CUST-0449,인천,연수구,paid,WAVE-31 외부 트렌드 반응,v2
2026-08-28T19:57:00+09:00,W컨셉,WAVE-31-WHT-F,4,520960,44000,78144,18234,3500,0,0,ONLINE,온라인몰,Sheer Shirt,TOP,EVENT14-20260828-05-04,1,KR,KRW,CUST-0460,대구,수성구,paid,WAVE-31 외부 트렌드 반응,v2
2026-08-28T20:10:00+09:00,매장 POS,WAVE-31-WHT-F,3,430680,44000,8614,4307,0,6500,1,STORE-SEONGSU,성수 플래그십,Sheer Shirt,TOP,EVENT14-20260828-05-05,1,KR,KRW,CUST-0471,서울,성동구,paid,WAVE-31 외부 트렌드 반응,v2
2026-08-28T16:16:00+09:00,자사몰,MOSS-18-BLK-F,1,104880,42000,4195,3671,3500,0,0,ONLINE,온라인몰,Volume Bermuda,BOTTOM,EVENT14-20260828-06-00,1,KR,KRW,CUST-0453,경기,수원시,paid,MOSS-18 과잉재고·판매 둔화,v2
2026-08-28T17:29:00+09:00,무신사,MOSS-18-BLK-F,1,104880,42000,12586,4720,3500,0,0,ONLINE,온라인몰,Volume Bermuda,BOTTOM,EVENT14-20260828-06-01,1,KR,KRW,CUST-0464,부산,해운대구,paid,MOSS-18 과잉재고·판매 둔화,v2
2026-08-28T18:42:00+09:00,29CM,MOSS-18-BLK-F,1,104880,42000,14683,4195,3500,0,0,ONLINE,온라인몰,Volume Bermuda,BOTTOM,EVENT14-20260828-06-02,1,KR,KRW,CUST-0475,인천,연수구,paid,MOSS-18 과잉재고·판매 둔화,v2
2026-08-28T19:55:00+09:00,네이버,MOSS-18-BLK-F,1,104880,42000,8390,2622,3500,0,0,ONLINE,온라인몰,Volume Bermuda,BOTTOM,EVENT14-20260828-06-03,1,KR,KRW,CUST-0486,대구,수성구,paid,MOSS-18 과잉재고·판매 둔화,v2
2026-08-28T20:08:00+09:00,W컨셉,MOSS-18-BLK-F,1,104880,42000,15732,3671,3500,0,0,ONLINE,온라인몰,Volume Bermuda,BOTTOM,EVENT14-20260828-06-04,1,KR,KRW,CUST-0497,서울,성동구,paid,MOSS-18 과잉재고·판매 둔화,v2
2026-08-28T10:21:00+09:00,매장 POS,MOSS-18-BLK-F,1,104880,42000,2098,1049,0,0,0,STORE-GANGNAM,강남점,Volume Bermuda,BOTTOM,EVENT14-20260828-06-05,1,KR,KRW,CUST-0508,서울,강남구,paid,MOSS-18 과잉재고·판매 둔화,v2
2026-08-28T17:27:00+09:00,자사몰,LUME-09-BEG-F,3,517980,59000,20719,18129,3500,0,0,ONLINE,온라인몰,Knit Cardigan,KNIT,EVENT14-20260828-07-00,1,KR,KRW,CUST-0490,부산,해운대구,paid,정상 범위,v2
2026-08-28T18:40:00+09:00,무신사,LUME-09-BEG-F,2,327520,59000,39302,14738,3500,0,0,ONLINE,온라인몰,Knit Cardigan,KNIT,EVENT14-20260828-07-01,1,KR,KRW,CUST-0501,인천,연수구,paid,정상 범위,v2
2026-08-28T19:53:00+09:00,29CM,LUME-09-BEG-F,1,167320,59000,23425,6693,3500,0,0,ONLINE,온라인몰,Knit Cardigan,KNIT,EVENT14-20260828-07-02,1,KR,KRW,CUST-0512,대구,수성구,paid,정상 범위,v2
2026-08-28T20:06:00+09:00,네이버,LUME-09-BEG-F,2,345320,59000,27626,8633,3500,0,0,ONLINE,온라인몰,Knit Cardigan,KNIT,EVENT14-20260828-07-03,1,KR,KRW,CUST-0523,서울,성동구,paid,정상 범위,v2
2026-08-28T10:19:00+09:00,W컨셉,LUME-09-BEG-F,1,156640,59000,23496,5482,3500,0,0,ONLINE,온라인몰,Knit Cardigan,KNIT,EVENT14-20260828-07-04,1,KR,KRW,CUST-0534,서울,강남구,paid,정상 범위,v2
2026-08-28T11:32:00+09:00,매장 POS,LUME-09-BEG-F,2,345320,59000,6906,3453,0,0,0,STORE-HANNAM,한남점,Knit Cardigan,KNIT,EVENT14-20260828-07-05,1,KR,KRW,CUST-0545,서울,용산구,paid,정상 범위,v2
2026-08-28T18:38:00+09:00,자사몰,CORE-55-WHT-F,5,329800,19000,13192,11543,3500,0,0,ONLINE,온라인몰,Logo Tee,TOP,EVENT14-20260828-08-00,1,KR,KRW,CUST-0527,인천,연수구,paid,정상 범위,v2
2026-08-28T19:51:00+09:00,무신사,CORE-55-WHT-F,5,312800,19000,37536,14076,3500,0,0,ONLINE,온라인몰,Logo Tee,TOP,EVENT14-20260828-08-01,1,KR,KRW,CUST-0538,대구,수성구,paid,정상 범위,v2
2026-08-28T20:04:00+09:00,29CM,CORE-55-WHT-F,4,255680,19000,35795,10227,3500,0,0,ONLINE,온라인몰,Logo Tee,TOP,EVENT14-20260828-08-02,1,KR,KRW,CUST-0549,서울,성동구,paid,정상 범위,v2
2026-08-28T10:17:00+09:00,네이버,CORE-55-WHT-F,4,263840,19000,21107,6596,3500,0,0,ONLINE,온라인몰,Logo Tee,TOP,EVENT14-20260828-08-03,1,KR,KRW,CUST-0560,서울,강남구,paid,정상 범위,v2
2026-08-28T11:30:00+09:00,W컨셉,CORE-55-WHT-F,4,239360,19000,35904,8378,3500,0,0,ONLINE,온라인몰,Logo Tee,TOP,EVENT14-20260828-08-04,1,KR,KRW,CUST-0571,서울,마포구,paid,정상 범위,v2
2026-08-28T12:43:00+09:00,매장 POS,CORE-55-WHT-F,3,197880,19000,3958,1979,0,0,0,STORE-BUSAN,부산 센텀,Logo Tee,TOP,EVENT14-20260828-08-05,1,KR,KRW,CUST-0582,부산,해운대구,paid,정상 범위,v2
2026-08-28T19:49:00+09:00,자사몰,FORM-42-DEN-F,2,325920,58000,13037,11407,3500,0,0,ONLINE,온라인몰,Denim Skirt,BOTTOM,EVENT14-20260828-09-00,1,KR,KRW,CUST-0564,대구,수성구,paid,정상 범위,v2
2026-08-28T20:02:00+09:00,무신사,FORM-42-DEN-F,2,309120,58000,37094,13910,3500,0,0,ONLINE,온라인몰,Denim Skirt,BOTTOM,EVENT14-20260828-09-01,1,KR,KRW,CUST-0575,서울,성동구,paid,정상 범위,v2
2026-08-28T10:15:00+09:00,29CM,FORM-42-DEN-F,2,315840,58000,44218,12634,3500,0,0,ONLINE,온라인몰,Denim Skirt,BOTTOM,EVENT14-20260828-09-02,1,KR,KRW,CUST-0586,서울,강남구,paid,정상 범위,v2
2026-08-28T11:28:00+09:00,네이버,FORM-42-DEN-F,2,325920,58000,26074,8148,3500,0,0,ONLINE,온라인몰,Denim Skirt,BOTTOM,EVENT14-20260828-09-03,1,KR,KRW,CUST-0597,서울,마포구,paid,정상 범위,v2
2026-08-28T12:41:00+09:00,W컨셉,FORM-42-DEN-F,2,295680,58000,44352,10349,3500,0,0,ONLINE,온라인몰,Denim Skirt,BOTTOM,EVENT14-20260828-09-04,1,KR,KRW,CUST-0608,경기,성남시,paid,정상 범위,v2
2026-08-28T13:54:00+09:00,매장 POS,FORM-42-DEN-F,1,162960,58000,3259,1630,0,0,0,STORE-SHANGHAI,상하이 IFC,Denim Skirt,BOTTOM,EVENT14-20260828-09-05,1,CN,KRW,CUST-0619,上海,浦东新区,paid,정상 범위,v2
2026-08-28T20:00:00+09:00,자사몰,COVE-14-BLK-F,2,442320,76000,17693,15481,3500,0,0,ONLINE,온라인몰,Maxi Dress,DRESS,EVENT14-20260828-10-00,1,KR,KRW,CUST-0601,서울,성동구,paid,정상 범위,v2
2026-08-28T10:13:00+09:00,무신사,COVE-14-BLK-F,2,419520,76000,50342,18878,3500,0,0,ONLINE,온라인몰,Maxi Dress,DRESS,EVENT14-20260828-10-01,1,KR,KRW,CUST-0612,서울,강남구,paid,정상 범위,v2
2026-08-28T11:26:00+09:00,29CM,COVE-14-BLK-F,1,214320,76000,30005,8573,3500,0,0,ONLINE,온라인몰,Maxi Dress,DRESS,EVENT14-20260828-10-02,1,KR,KRW,CUST-0623,서울,마포구,paid,정상 범위,v2
2026-08-28T12:39:00+09:00,네이버,COVE-14-BLK-F,2,442320,76000,35386,11058,3500,0,0,ONLINE,온라인몰,Maxi Dress,DRESS,EVENT14-20260828-10-03,1,KR,KRW,CUST-0634,경기,성남시,paid,정상 범위,v2
2026-08-28T13:52:00+09:00,W컨셉,COVE-14-BLK-F,1,200640,76000,30096,7022,3500,6500,1,ONLINE,온라인몰,Maxi Dress,DRESS,EVENT14-20260828-10-04,1,KR,KRW,CUST-0645,경기,수원시,paid,정상 범위,v2
2026-08-28T14:05:00+09:00,매장 POS,COVE-14-BLK-F,1,221160,76000,4423,2212,0,0,0,STORE-SEONGSU,성수 플래그십,Maxi Dress,DRESS,EVENT14-20260828-10-05,1,KR,KRW,CUST-0656,서울,성동구,paid,정상 범위,v2
2026-08-28T10:11:00+09:00,자사몰,EDGE-28-GRY-F,1,259960,91000,10398,9099,3500,0,0,ONLINE,온라인몰,Zip Jacket,OUTER,EVENT14-20260828-11-00,1,KR,KRW,CUST-0638,서울,강남구,paid,정상 범위,v2
2026-08-28T11:24:00+09:00,무신사,EDGE-28-GRY-F,2,493120,91000,59174,22190,3500,0,0,ONLINE,온라인몰,Zip Jacket,OUTER,EVENT14-20260828-11-01,1,KR,KRW,CUST-0649,서울,마포구,paid,정상 범위,v2
2026-08-28T12:37:00+09:00,29CM,EDGE-28-GRY-F,1,251920,91000,35269,10077,3500,0,0,ONLINE,온라인몰,Zip Jacket,OUTER,EVENT14-20260828-11-02,1,KR,KRW,CUST-0660,경기,성남시,paid,정상 범위,v2
2026-08-28T13:50:00+09:00,네이버,EDGE-28-GRY-F,2,519920,91000,41594,12998,3500,0,0,ONLINE,온라인몰,Zip Jacket,OUTER,EVENT14-20260828-11-03,1,KR,KRW,CUST-0671,경기,수원시,paid,정상 범위,v2
2026-08-28T14:03:00+09:00,W컨셉,EDGE-28-GRY-F,1,235840,91000,35376,8254,3500,0,0,ONLINE,온라인몰,Zip Jacket,OUTER,EVENT14-20260828-11-04,1,KR,KRW,CUST-0682,부산,해운대구,paid,정상 범위,v2
2026-08-28T15:16:00+09:00,매장 POS,EDGE-28-GRY-F,1,259960,91000,5199,2600,0,0,0,STORE-GANGNAM,강남점,Zip Jacket,OUTER,EVENT14-20260828-11-05,1,KR,KRW,CUST-0693,서울,강남구,paid,정상 범위,v2
2026-08-29T10:17:00+09:00,자사몰,ARC-07-BLK-F,7,1683920,82000,67357,58937,3500,0,0,ONLINE,온라인몰,Utility Jacket,OUTER,EVENT14-20260829-00-00,1,KR,KRW,CUST-0254,서울,강남구,paid,정상 범위,v2
2026-08-29T11:30:00+09:00,무신사,ARC-07-BLK-F,21,4791360,82000,574963,215611,3500,0,0,ONLINE,온라인몰,Utility Jacket,OUTER,EVENT14-20260829-00-01,1,KR,KRW,CUST-0265,서울,마포구,paid,ARC-07 판매 급증·강남 품절 위험,v2
2026-08-29T12:43:00+09:00,29CM,ARC-07-BLK-F,4,932480,82000,130547,37299,3500,0,0,ONLINE,온라인몰,Utility Jacket,OUTER,EVENT14-20260829-00-02,1,KR,KRW,CUST-0276,경기,성남시,paid,정상 범위,v2
2026-08-29T13:56:00+09:00,네이버,ARC-07-BLK-F,5,1202800,82000,96224,30070,3500,0,0,ONLINE,온라인몰,Utility Jacket,OUTER,EVENT14-20260829-00-03,1,KR,KRW,CUST-0287,경기,수원시,paid,정상 범위,v2
2026-08-29T14:09:00+09:00,W컨셉,ARC-07-BLK-F,4,872960,82000,130944,30554,3500,0,0,ONLINE,온라인몰,Utility Jacket,OUTER,EVENT14-20260829-00-04,1,KR,KRW,CUST-0298,부산,해운대구,paid,정상 범위,v2
2026-08-29T15:22:00+09:00,매장 POS,ARC-07-BLK-F,14,3367840,82000,67357,33678,0,0,0,STORE-GANGNAM,강남점,Utility Jacket,OUTER,EVENT14-20260829-00-05,1,KR,KRW,CUST-0309,서울,강남구,paid,ARC-07 판매 급증·강남 품절 위험,v2
2026-08-29T11:28:00+09:00,자사몰,FLOW-22-BLK-F,16,2452160,51000,98086,85826,3500,0,0,ONLINE,온라인몰,Drape Pants,BOTTOM,EVENT14-20260829-01-00,1,KR,KRW,CUST-0291,서울,마포구,paid,FLOW-22 부산 수요 급증,v2
2026-08-29T12:41:00+09:00,무신사,FLOW-22-BLK-F,5,726800,51000,87216,32706,3500,0,0,ONLINE,온라인몰,Drape Pants,BOTTOM,EVENT14-20260829-01-01,1,KR,KRW,CUST-0302,경기,성남시,paid,정상 범위,v2
2026-08-29T13:54:00+09:00,29CM,FLOW-22-BLK-F,5,742600,51000,103964,29704,3500,0,0,ONLINE,온라인몰,Drape Pants,BOTTOM,EVENT14-20260829-01-02,1,KR,KRW,CUST-0313,경기,수원시,paid,정상 범위,v2
2026-08-29T14:07:00+09:00,네이버,FLOW-22-BLK-F,4,613040,51000,49043,15326,3500,0,0,ONLINE,온라인몰,Drape Pants,BOTTOM,EVENT14-20260829-01-03,1,KR,KRW,CUST-0324,부산,해운대구,paid,정상 범위,v2
2026-08-29T15:20:00+09:00,W컨셉,FLOW-22-BLK-F,5,695200,51000,104280,24332,3500,0,0,ONLINE,온라인몰,Drape Pants,BOTTOM,EVENT14-20260829-01-04,1,KR,KRW,CUST-0335,인천,연수구,paid,정상 범위,v2
2026-08-29T16:33:00+09:00,매장 POS,FLOW-22-BLK-F,10,1532600,51000,30652,15326,0,0,0,STORE-BUSAN,부산 센텀,Drape Pants,BOTTOM,EVENT14-20260829-01-05,1,KR,KRW,CUST-0346,부산,해운대구,paid,FLOW-22 부산 수요 급증,v2
2026-08-29T12:39:00+09:00,자사몰,EASE-19-CRM-F,2,193520,36000,7741,6773,3500,6500,1,ONLINE,온라인몰,Layer Top,TOP,EVENT14-20260829-02-00,1,KR,KRW,CUST-0328,경기,성남시,paid,EASE-19 판매 둔화·반품 증가,v2
2026-08-29T13:52:00+09:00,무신사,EASE-19-CRM-F,2,193520,36000,23222,8708,3500,0,0,ONLINE,온라인몰,Layer Top,TOP,EVENT14-20260829-02-01,1,KR,KRW,CUST-0339,경기,수원시,paid,EASE-19 판매 둔화·반품 증가,v2
2026-08-29T14:05:00+09:00,29CM,EASE-19-CRM-F,2,193520,36000,27093,7741,3500,6500,1,ONLINE,온라인몰,Layer Top,TOP,EVENT14-20260829-02-02,1,KR,KRW,CUST-0350,부산,해운대구,paid,EASE-19 판매 둔화·반품 증가,v2
2026-08-29T15:18:00+09:00,네이버,EASE-19-CRM-F,2,193520,36000,15482,4838,3500,0,0,ONLINE,온라인몰,Layer Top,TOP,EVENT14-20260829-02-03,1,KR,KRW,CUST-0361,인천,연수구,paid,EASE-19 판매 둔화·반품 증가,v2
2026-08-29T16:31:00+09:00,W컨셉,EASE-19-CRM-F,2,193520,36000,29028,6773,3500,6500,1,ONLINE,온라인몰,Layer Top,TOP,EVENT14-20260829-02-04,1,KR,KRW,CUST-0372,대구,수성구,paid,EASE-19 판매 둔화·반품 증가,v2
2026-08-29T17:44:00+09:00,매장 POS,EASE-19-CRM-F,1,96760,36000,1935,968,0,0,0,STORE-BUSAN,부산 센텀,Layer Top,TOP,EVENT14-20260829-02-05,1,KR,KRW,CUST-0383,부산,해운대구,paid,EASE-19 판매 둔화·반품 증가,v2
2026-08-29T13:50:00+09:00,자사몰,NOVA-11-NVY-F,3,634380,72000,25375,22203,3500,0,0,ONLINE,온라인몰,Volume Dress,DRESS,EVENT14-20260829-03-00,1,KR,KRW,CUST-0365,경기,수원시,paid,정상 범위,v2
2026-08-29T14:03:00+09:00,무신사,NOVA-11-NVY-F,5,1002800,72000,120336,45126,3500,0,0,ONLINE,온라인몰,Volume Dress,DRESS,EVENT14-20260829-03-01,1,KR,KRW,CUST-0376,부산,해운대구,paid,정상 범위,v2
2026-08-29T15:16:00+09:00,29CM,NOVA-11-NVY-F,3,614760,72000,86066,24590,3500,0,0,ONLINE,온라인몰,Volume Dress,DRESS,EVENT14-20260829-03-02,1,KR,KRW,CUST-0387,인천,연수구,paid,정상 범위,v2
2026-08-29T16:29:00+09:00,네이버,NOVA-11-NVY-F,4,0,72000,0,0,0,0,0,ONLINE,온라인몰,Volume Dress,DRESS,EVENT14-20260829-03-03,1,KR,KRW,CUST-0398,대구,수성구,cancelled,정상 범위,v2
2026-08-29T17:42:00+09:00,W컨셉,NOVA-11-NVY-F,3,575520,72000,86328,20143,3500,0,0,ONLINE,온라인몰,Volume Dress,DRESS,EVENT14-20260829-03-04,1,KR,KRW,CUST-0409,서울,성동구,paid,정상 범위,v2
2026-08-29T18:55:00+09:00,매장 POS,NOVA-11-NVY-F,2,422920,72000,8458,4229,0,0,0,STORE-SHANGHAI,상하이 IFC,Volume Dress,DRESS,EVENT14-20260829-03-05,1,CN,KRW,CUST-0420,上海,浦东新区,paid,정상 범위,v2
2026-08-29T14:01:00+09:00,자사몰,AIR-24-NVY-F,9,1728540,68000,69142,60499,3500,6500,1,ONLINE,온라인몰,Airy Volume Dress,DRESS,EVENT14-20260829-04-00,1,KR,KRW,CUST-0402,부산,해운대구,paid,AIR-24 재주문 필요 수요,v2
2026-08-29T15:14:00+09:00,무신사,AIR-24-NVY-F,13,2368080,68000,284170,106564,3500,0,0,ONLINE,온라인몰,Airy Volume Dress,DRESS,EVENT14-20260829-04-01,1,KR,KRW,CUST-0413,인천,연수구,paid,AIR-24 재주문 필요 수요,v2
2026-08-29T16:27:00+09:00,29CM,AIR-24-NVY-F,7,1302840,68000,182398,52114,3500,0,0,ONLINE,온라인몰,Airy Volume Dress,DRESS,EVENT14-20260829-04-02,1,KR,KRW,CUST-0424,대구,수성구,paid,AIR-24 재주문 필요 수요,v2
2026-08-29T17:40:00+09:00,네이버,AIR-24-NVY-F,10,1920600,68000,153648,48015,3500,0,0,ONLINE,온라인몰,Airy Volume Dress,DRESS,EVENT14-20260829-04-03,1,KR,KRW,CUST-0435,서울,성동구,paid,AIR-24 재주문 필요 수요,v2
2026-08-29T18:53:00+09:00,W컨셉,AIR-24-NVY-F,7,1219680,68000,182952,42689,3500,0,0,ONLINE,온라인몰,Airy Volume Dress,DRESS,EVENT14-20260829-04-04,1,KR,KRW,CUST-0446,서울,강남구,paid,AIR-24 재주문 필요 수요,v2
2026-08-29T19:06:00+09:00,매장 POS,AIR-24-NVY-F,8,1536480,68000,30730,15365,0,0,0,STORE-SEONGSU,성수 플래그십,Airy Volume Dress,DRESS,EVENT14-20260829-04-05,1,KR,KRW,CUST-0457,서울,성동구,paid,AIR-24 재주문 필요 수요,v2
2026-08-29T15:12:00+09:00,자사몰,WAVE-31-WHT-F,8,1148480,44000,45939,40197,3500,0,0,ONLINE,온라인몰,Sheer Shirt,TOP,EVENT14-20260829-05-00,1,KR,KRW,CUST-0439,인천,연수구,paid,WAVE-31 외부 트렌드 반응,v2
2026-08-29T16:25:00+09:00,무신사,WAVE-31-WHT-F,7,953120,44000,114374,42890,3500,0,0,ONLINE,온라인몰,Sheer Shirt,TOP,EVENT14-20260829-05-01,1,KR,KRW,CUST-0450,대구,수성구,paid,WAVE-31 외부 트렌드 반응,v2
2026-08-29T17:38:00+09:00,29CM,WAVE-31-WHT-F,6,834720,44000,116861,33389,3500,0,0,ONLINE,온라인몰,Sheer Shirt,TOP,EVENT14-20260829-05-02,1,KR,KRW,CUST-0461,서울,성동구,paid,WAVE-31 외부 트렌드 반응,v2
2026-08-29T18:51:00+09:00,네이버,WAVE-31-WHT-F,6,861360,44000,68909,21534,3500,0,0,ONLINE,온라인몰,Sheer Shirt,TOP,EVENT14-20260829-05-03,1,KR,KRW,CUST-0472,서울,강남구,paid,WAVE-31 외부 트렌드 반응,v2
2026-08-29T19:04:00+09:00,W컨셉,WAVE-31-WHT-F,4,520960,44000,78144,18234,3500,0,0,ONLINE,온라인몰,Sheer Shirt,TOP,EVENT14-20260829-05-04,1,KR,KRW,CUST-0483,서울,마포구,paid,WAVE-31 외부 트렌드 반응,v2
2026-08-29T20:17:00+09:00,매장 POS,WAVE-31-WHT-F,5,717800,44000,14356,7178,0,0,0,STORE-GANGNAM,강남점,Sheer Shirt,TOP,EVENT14-20260829-05-05,1,KR,KRW,CUST-0494,서울,강남구,paid,WAVE-31 외부 트렌드 반응,v2
2026-08-29T16:23:00+09:00,자사몰,MOSS-18-BLK-F,1,104880,42000,4195,3671,3500,0,0,ONLINE,온라인몰,Volume Bermuda,BOTTOM,EVENT14-20260829-06-00,1,KR,KRW,CUST-0476,대구,수성구,paid,MOSS-18 과잉재고·판매 둔화,v2
2026-08-29T17:36:00+09:00,무신사,MOSS-18-BLK-F,1,104880,42000,12586,4720,3500,0,0,ONLINE,온라인몰,Volume Bermuda,BOTTOM,EVENT14-20260829-06-01,1,KR,KRW,CUST-0487,서울,성동구,paid,MOSS-18 과잉재고·판매 둔화,v2
2026-08-29T18:49:00+09:00,29CM,MOSS-18-BLK-F,1,104880,42000,14683,4195,3500,0,0,ONLINE,온라인몰,Volume Bermuda,BOTTOM,EVENT14-20260829-06-02,1,KR,KRW,CUST-0498,서울,강남구,paid,MOSS-18 과잉재고·판매 둔화,v2
2026-08-29T19:02:00+09:00,네이버,MOSS-18-BLK-F,1,104880,42000,8390,2622,3500,0,0,ONLINE,온라인몰,Volume Bermuda,BOTTOM,EVENT14-20260829-06-03,1,KR,KRW,CUST-0509,서울,마포구,paid,MOSS-18 과잉재고·판매 둔화,v2
2026-08-29T20:15:00+09:00,W컨셉,MOSS-18-BLK-F,1,104880,42000,15732,3671,3500,0,0,ONLINE,온라인몰,Volume Bermuda,BOTTOM,EVENT14-20260829-06-04,1,KR,KRW,CUST-0520,경기,성남시,paid,MOSS-18 과잉재고·판매 둔화,v2
2026-08-29T10:28:00+09:00,매장 POS,MOSS-18-BLK-F,1,104880,42000,2098,1049,0,0,0,STORE-HANNAM,한남점,Volume Bermuda,BOTTOM,EVENT14-20260829-06-05,1,KR,KRW,CUST-0531,서울,용산구,paid,MOSS-18 과잉재고·판매 둔화,v2
2026-08-29T17:34:00+09:00,자사몰,LUME-09-BEG-F,3,517980,59000,20719,18129,3500,0,0,ONLINE,온라인몰,Knit Cardigan,KNIT,EVENT14-20260829-07-00,1,KR,KRW,CUST-0513,서울,성동구,paid,정상 범위,v2
2026-08-29T18:47:00+09:00,무신사,LUME-09-BEG-F,3,491280,59000,58954,22108,3500,0,0,ONLINE,온라인몰,Knit Cardigan,KNIT,EVENT14-20260829-07-01,1,KR,KRW,CUST-0524,서울,강남구,paid,정상 범위,v2
2026-08-29T19:00:00+09:00,29CM,LUME-09-BEG-F,2,334640,59000,46850,13386,3500,0,0,ONLINE,온라인몰,Knit Cardigan,KNIT,EVENT14-20260829-07-02,1,KR,KRW,CUST-0535,서울,마포구,paid,정상 범위,v2
2026-08-29T20:13:00+09:00,네이버,LUME-09-BEG-F,2,345320,59000,27626,8633,3500,0,0,ONLINE,온라인몰,Knit Cardigan,KNIT,EVENT14-20260829-07-03,1,KR,KRW,CUST-0546,경기,성남시,paid,정상 범위,v2
2026-08-29T10:26:00+09:00,W컨셉,LUME-09-BEG-F,2,313280,59000,46992,10965,3500,0,0,ONLINE,온라인몰,Knit Cardigan,KNIT,EVENT14-20260829-07-04,1,KR,KRW,CUST-0557,경기,수원시,paid,정상 범위,v2
2026-08-29T11:39:00+09:00,매장 POS,LUME-09-BEG-F,1,172660,59000,3453,1727,0,0,0,STORE-BUSAN,부산 센텀,Knit Cardigan,KNIT,EVENT14-20260829-07-05,1,KR,KRW,CUST-0568,부산,해운대구,paid,정상 범위,v2
2026-08-29T18:45:00+09:00,자사몰,CORE-55-WHT-F,5,329800,19000,13192,11543,3500,0,0,ONLINE,온라인몰,Logo Tee,TOP,EVENT14-20260829-08-00,1,KR,KRW,CUST-0550,서울,강남구,paid,정상 범위,v2
2026-08-29T19:58:00+09:00,무신사,CORE-55-WHT-F,7,437920,19000,52550,19706,3500,0,0,ONLINE,온라인몰,Logo Tee,TOP,EVENT14-20260829-08-01,1,KR,KRW,CUST-0561,서울,마포구,paid,정상 범위,v2
2026-08-29T20:11:00+09:00,29CM,CORE-55-WHT-F,4,255680,19000,35795,10227,3500,0,0,ONLINE,온라인몰,Logo Tee,TOP,EVENT14-20260829-08-02,1,KR,KRW,CUST-0572,경기,성남시,paid,정상 범위,v2
2026-08-29T10:24:00+09:00,네이버,CORE-55-WHT-F,6,395760,19000,31661,9894,3500,0,0,ONLINE,온라인몰,Logo Tee,TOP,EVENT14-20260829-08-03,1,KR,KRW,CUST-0583,경기,수원시,paid,정상 범위,v2
2026-08-29T11:37:00+09:00,W컨셉,CORE-55-WHT-F,4,239360,19000,35904,8378,3500,0,0,ONLINE,온라인몰,Logo Tee,TOP,EVENT14-20260829-08-04,1,KR,KRW,CUST-0594,부산,해운대구,paid,정상 범위,v2
2026-08-29T12:50:00+09:00,매장 POS,CORE-55-WHT-F,4,263840,19000,5277,2638,0,6500,1,STORE-SHANGHAI,상하이 IFC,Logo Tee,TOP,EVENT14-20260829-08-05,1,CN,KRW,CUST-0605,上海,浦东新区,paid,정상 범위,v2
2026-08-29T19:56:00+09:00,자사몰,FORM-42-DEN-F,3,488880,58000,19555,17111,3500,0,0,ONLINE,온라인몰,Denim Skirt,BOTTOM,EVENT14-20260829-09-00,1,KR,KRW,CUST-0587,서울,마포구,paid,정상 범위,v2
2026-08-29T20:09:00+09:00,무신사,FORM-42-DEN-F,3,463680,58000,55642,20866,3500,0,0,ONLINE,온라인몰,Denim Skirt,BOTTOM,EVENT14-20260829-09-01,1,KR,KRW,CUST-0598,경기,성남시,paid,정상 범위,v2
2026-08-29T10:22:00+09:00,29CM,FORM-42-DEN-F,2,315840,58000,44218,12634,3500,0,0,ONLINE,온라인몰,Denim Skirt,BOTTOM,EVENT14-20260829-09-02,1,KR,KRW,CUST-0609,경기,수원시,paid,정상 범위,v2
2026-08-29T11:35:00+09:00,네이버,FORM-42-DEN-F,2,325920,58000,26074,8148,3500,0,0,ONLINE,온라인몰,Denim Skirt,BOTTOM,EVENT14-20260829-09-03,1,KR,KRW,CUST-0620,부산,해운대구,paid,정상 범위,v2
2026-08-29T12:48:00+09:00,W컨셉,FORM-42-DEN-F,2,295680,58000,44352,10349,3500,0,0,ONLINE,온라인몰,Denim Skirt,BOTTOM,EVENT14-20260829-09-04,1,KR,KRW,CUST-0631,인천,연수구,paid,정상 범위,v2
2026-08-29T13:01:00+09:00,매장 POS,FORM-42-DEN-F,2,325920,58000,6518,3259,0,0,0,STORE-SEONGSU,성수 플래그십,Denim Skirt,BOTTOM,EVENT14-20260829-09-05,1,KR,KRW,CUST-0642,서울,성동구,paid,정상 범위,v2
2026-08-29T20:07:00+09:00,자사몰,COVE-14-BLK-F,2,442320,76000,17693,15481,3500,0,0,ONLINE,온라인몰,Maxi Dress,DRESS,EVENT14-20260829-10-00,1,KR,KRW,CUST-0624,경기,성남시,paid,정상 범위,v2
2026-08-29T10:20:00+09:00,무신사,COVE-14-BLK-F,2,419520,76000,50342,18878,3500,0,0,ONLINE,온라인몰,Maxi Dress,DRESS,EVENT14-20260829-10-01,1,KR,KRW,CUST-0635,경기,수원시,paid,정상 범위,v2
2026-08-29T11:33:00+09:00,29CM,COVE-14-BLK-F,2,428640,76000,60010,17146,3500,0,0,ONLINE,온라인몰,Maxi Dress,DRESS,EVENT14-20260829-10-02,1,KR,KRW,CUST-0646,부산,해운대구,paid,정상 범위,v2
2026-08-29T12:46:00+09:00,네이버,COVE-14-BLK-F,2,442320,76000,35386,11058,3500,0,0,ONLINE,온라인몰,Maxi Dress,DRESS,EVENT14-20260829-10-03,1,KR,KRW,CUST-0657,인천,연수구,paid,정상 범위,v2
2026-08-29T13:59:00+09:00,W컨셉,COVE-14-BLK-F,2,401280,76000,60192,14045,3500,0,0,ONLINE,온라인몰,Maxi Dress,DRESS,EVENT14-20260829-10-04,1,KR,KRW,CUST-0668,대구,수성구,paid,정상 범위,v2
2026-08-29T14:12:00+09:00,매장 POS,COVE-14-BLK-F,1,221160,76000,4423,2212,0,0,0,STORE-GANGNAM,강남점,Maxi Dress,DRESS,EVENT14-20260829-10-05,1,KR,KRW,CUST-0679,서울,강남구,paid,정상 범위,v2
2026-08-29T10:18:00+09:00,자사몰,EDGE-28-GRY-F,2,519920,91000,20797,18197,3500,0,0,ONLINE,온라인몰,Zip Jacket,OUTER,EVENT14-20260829-11-00,1,KR,KRW,CUST-0661,경기,수원시,paid,정상 범위,v2
2026-08-29T11:31:00+09:00,무신사,EDGE-28-GRY-F,2,493120,91000,59174,22190,3500,0,0,ONLINE,온라인몰,Zip Jacket,OUTER,EVENT14-20260829-11-01,1,KR,KRW,CUST-0672,부산,해운대구,paid,정상 범위,v2
2026-08-29T12:44:00+09:00,29CM,EDGE-28-GRY-F,1,251920,91000,35269,10077,3500,0,0,ONLINE,온라인몰,Zip Jacket,OUTER,EVENT14-20260829-11-02,1,KR,KRW,CUST-0683,인천,연수구,paid,정상 범위,v2
2026-08-29T13:57:00+09:00,네이버,EDGE-28-GRY-F,1,259960,91000,20797,6499,3500,0,0,ONLINE,온라인몰,Zip Jacket,OUTER,EVENT14-20260829-11-03,1,KR,KRW,CUST-0694,대구,수성구,paid,정상 범위,v2
2026-08-29T14:10:00+09:00,W컨셉,EDGE-28-GRY-F,1,235840,91000,35376,8254,3500,0,0,ONLINE,온라인몰,Zip Jacket,OUTER,EVENT14-20260829-11-04,1,KR,KRW,CUST-0705,서울,성동구,paid,정상 범위,v2
2026-08-29T15:23:00+09:00,매장 POS,EDGE-28-GRY-F,1,259960,91000,5199,2600,0,0,0,STORE-HANNAM,한남점,Zip Jacket,OUTER,EVENT14-20260829-11-05,1,KR,KRW,CUST-0716,서울,용산구,paid,정상 범위,v2
2026-08-30T10:24:00+09:00,자사몰,ARC-07-BLK-F,6,1443360,82000,57734,50518,3500,0,0,ONLINE,온라인몰,Utility Jacket,OUTER,EVENT14-20260830-00-00,1,KR,KRW,CUST-0277,경기,수원시,paid,정상 범위,v2
2026-08-30T11:37:00+09:00,무신사,ARC-07-BLK-F,26,5932160,82000,711859,266947,3500,0,0,ONLINE,온라인몰,Utility Jacket,OUTER,EVENT14-20260830-00-01,1,KR,KRW,CUST-0288,부산,해운대구,paid,ARC-07 판매 급증·강남 품절 위험,v2
2026-08-30T12:50:00+09:00,29CM,ARC-07-BLK-F,5,1165600,82000,163184,46624,3500,0,0,ONLINE,온라인몰,Utility Jacket,OUTER,EVENT14-20260830-00-02,1,KR,KRW,CUST-0299,인천,연수구,paid,정상 범위,v2
2026-08-30T13:03:00+09:00,네이버,ARC-07-BLK-F,4,962240,82000,76979,24056,3500,0,0,ONLINE,온라인몰,Utility Jacket,OUTER,EVENT14-20260830-00-03,1,KR,KRW,CUST-0310,대구,수성구,paid,정상 범위,v2
2026-08-30T14:16:00+09:00,W컨셉,ARC-07-BLK-F,4,872960,82000,130944,30554,3500,0,0,ONLINE,온라인몰,Utility Jacket,OUTER,EVENT14-20260830-00-04,1,KR,KRW,CUST-0321,서울,성동구,paid,정상 범위,v2
2026-08-30T15:29:00+09:00,매장 POS,ARC-07-BLK-F,11,2646160,82000,52923,26462,0,0,0,STORE-GANGNAM,강남점,Utility Jacket,OUTER,EVENT14-20260830-00-05,1,KR,KRW,CUST-0332,서울,강남구,paid,ARC-07 판매 급증·강남 품절 위험,v2
2026-08-30T11:35:00+09:00,자사몰,FLOW-22-BLK-F,13,1992380,51000,79695,69733,3500,0,0,ONLINE,온라인몰,Drape Pants,BOTTOM,EVENT14-20260830-01-00,1,KR,KRW,CUST-0314,부산,해운대구,paid,FLOW-22 부산 수요 급증,v2
2026-08-30T12:48:00+09:00,무신사,FLOW-22-BLK-F,7,1017520,51000,122102,45788,3500,0,0,ONLINE,온라인몰,Drape Pants,BOTTOM,EVENT14-20260830-01-01,1,KR,KRW,CUST-0325,인천,연수구,paid,정상 범위,v2
2026-08-30T13:01:00+09:00,29CM,FLOW-22-BLK-F,4,594080,51000,83171,23763,3500,0,0,ONLINE,온라인몰,Drape Pants,BOTTOM,EVENT14-20260830-01-02,1,KR,KRW,CUST-0336,대구,수성구,paid,정상 범위,v2
2026-08-30T14:14:00+09:00,네이버,FLOW-22-BLK-F,5,766300,51000,61304,19158,3500,0,0,ONLINE,온라인몰,Drape Pants,BOTTOM,EVENT14-20260830-01-03,1,KR,KRW,CUST-0347,서울,성동구,paid,정상 범위,v2
2026-08-30T15:27:00+09:00,W컨셉,FLOW-22-BLK-F,4,0,51000,0,0,0,0,0,ONLINE,온라인몰,Drape Pants,BOTTOM,EVENT14-20260830-01-04,1,KR,KRW,CUST-0358,서울,강남구,cancelled,정상 범위,v2
2026-08-30T16:40:00+09:00,매장 POS,FLOW-22-BLK-F,11,1685860,51000,33717,16859,0,0,0,STORE-BUSAN,부산 센텀,Drape Pants,BOTTOM,EVENT14-20260830-01-05,1,KR,KRW,CUST-0369,부산,해운대구,paid,FLOW-22 부산 수요 급증,v2
2026-08-30T12:46:00+09:00,자사몰,EASE-19-CRM-F,3,290280,36000,11611,10160,3500,6500,1,ONLINE,온라인몰,Layer Top,TOP,EVENT14-20260830-02-00,1,KR,KRW,CUST-0351,인천,연수구,paid,EASE-19 판매 둔화·반품 증가,v2
2026-08-30T13:59:00+09:00,무신사,EASE-19-CRM-F,2,193520,36000,23222,8708,3500,6500,1,ONLINE,온라인몰,Layer Top,TOP,EVENT14-20260830-02-01,1,KR,KRW,CUST-0362,대구,수성구,paid,EASE-19 판매 둔화·반품 증가,v2
2026-08-30T14:12:00+09:00,29CM,EASE-19-CRM-F,1,96760,36000,13546,3870,3500,6500,1,ONLINE,온라인몰,Layer Top,TOP,EVENT14-20260830-02-02,1,KR,KRW,CUST-0373,서울,성동구,paid,EASE-19 판매 둔화·반품 증가,v2
2026-08-30T15:25:00+09:00,네이버,EASE-19-CRM-F,2,193520,36000,15482,4838,3500,0,0,ONLINE,온라인몰,Layer Top,TOP,EVENT14-20260830-02-03,1,KR,KRW,CUST-0384,서울,강남구,paid,EASE-19 판매 둔화·반품 증가,v2
2026-08-30T16:38:00+09:00,W컨셉,EASE-19-CRM-F,1,96760,36000,14514,3387,3500,6500,1,ONLINE,온라인몰,Layer Top,TOP,EVENT14-20260830-02-04,1,KR,KRW,CUST-0395,서울,마포구,paid,EASE-19 판매 둔화·반품 증가,v2
2026-08-30T17:51:00+09:00,매장 POS,EASE-19-CRM-F,2,193520,36000,3870,1935,0,0,0,STORE-SHANGHAI,상하이 IFC,Layer Top,TOP,EVENT14-20260830-02-05,1,CN,KRW,CUST-0406,上海,浦东新区,paid,EASE-19 판매 둔화·반품 증가,v2
2026-08-30T13:57:00+09:00,자사몰,NOVA-11-NVY-F,4,845840,72000,33834,29604,3500,0,0,ONLINE,온라인몰,Volume Dress,DRESS,EVENT14-20260830-03-00,1,KR,KRW,CUST-0388,대구,수성구,paid,정상 범위,v2
2026-08-30T14:10:00+09:00,무신사,NOVA-11-NVY-F,4,802240,72000,96269,36101,3500,0,0,ONLINE,온라인몰,Volume Dress,DRESS,EVENT14-20260830-03-01,1,KR,KRW,CUST-0399,서울,성동구,paid,정상 범위,v2
2026-08-30T15:23:00+09:00,29CM,NOVA-11-NVY-F,3,614760,72000,86066,24590,3500,0,0,ONLINE,온라인몰,Volume Dress,DRESS,EVENT14-20260830-03-02,1,KR,KRW,CUST-0410,서울,강남구,paid,정상 범위,v2
2026-08-30T16:36:00+09:00,네이버,NOVA-11-NVY-F,3,634380,72000,50750,15860,3500,0,0,ONLINE,온라인몰,Volume Dress,DRESS,EVENT14-20260830-03-03,1,KR,KRW,CUST-0421,서울,마포구,paid,정상 범위,v2
2026-08-30T17:49:00+09:00,W컨셉,NOVA-11-NVY-F,3,575520,72000,86328,20143,3500,0,0,ONLINE,온라인몰,Volume Dress,DRESS,EVENT14-20260830-03-04,1,KR,KRW,CUST-0432,경기,성남시,paid,정상 범위,v2
2026-08-30T18:02:00+09:00,매장 POS,NOVA-11-NVY-F,2,422920,72000,8458,4229,0,0,0,STORE-SEONGSU,성수 플래그십,Volume Dress,DRESS,EVENT14-20260830-03-05,1,KR,KRW,CUST-0443,서울,성동구,paid,정상 범위,v2
2026-08-30T14:08:00+09:00,자사몰,AIR-24-NVY-F,11,2112660,68000,84506,73943,3500,0,0,ONLINE,온라인몰,Airy Volume Dress,DRESS,EVENT14-20260830-04-00,1,KR,KRW,CUST-0425,서울,성동구,paid,AIR-24 재주문 필요 수요,v2
2026-08-30T15:21:00+09:00,무신사,AIR-24-NVY-F,10,1821600,68000,218592,81972,3500,0,0,ONLINE,온라인몰,Airy Volume Dress,DRESS,EVENT14-20260830-04-01,1,KR,KRW,CUST-0436,서울,강남구,paid,AIR-24 재주문 필요 수요,v2
2026-08-30T16:34:00+09:00,29CM,AIR-24-NVY-F,9,1675080,68000,234511,67003,3500,0,0,ONLINE,온라인몰,Airy Volume Dress,DRESS,EVENT14-20260830-04-02,1,KR,KRW,CUST-0447,서울,마포구,paid,AIR-24 재주문 필요 수요,v2
2026-08-30T17:47:00+09:00,네이버,AIR-24-NVY-F,8,1536480,68000,122918,38412,3500,0,0,ONLINE,온라인몰,Airy Volume Dress,DRESS,EVENT14-20260830-04-03,1,KR,KRW,CUST-0458,경기,성남시,paid,AIR-24 재주문 필요 수요,v2
2026-08-30T18:00:00+09:00,W컨셉,AIR-24-NVY-F,8,1393920,68000,209088,48787,3500,0,0,ONLINE,온라인몰,Airy Volume Dress,DRESS,EVENT14-20260830-04-04,1,KR,KRW,CUST-0469,경기,수원시,paid,AIR-24 재주문 필요 수요,v2
2026-08-30T19:13:00+09:00,매장 POS,AIR-24-NVY-F,6,1152360,68000,23047,11524,0,0,0,STORE-GANGNAM,강남점,Airy Volume Dress,DRESS,EVENT14-20260830-04-05,1,KR,KRW,CUST-0480,서울,강남구,paid,AIR-24 재주문 필요 수요,v2
2026-08-30T15:19:00+09:00,자사몰,WAVE-31-WHT-F,6,861360,44000,34454,30148,3500,0,0,ONLINE,온라인몰,Sheer Shirt,TOP,EVENT14-20260830-05-00,1,KR,KRW,CUST-0462,서울,강남구,paid,WAVE-31 외부 트렌드 반응,v2
2026-08-30T16:32:00+09:00,무신사,WAVE-31-WHT-F,9,1225440,44000,147053,55145,3500,0,0,ONLINE,온라인몰,Sheer Shirt,TOP,EVENT14-20260830-05-01,1,KR,KRW,CUST-0473,서울,마포구,paid,WAVE-31 외부 트렌드 반응,v2
2026-08-30T17:45:00+09:00,29CM,WAVE-31-WHT-F,5,695600,44000,97384,27824,3500,0,0,ONLINE,온라인몰,Sheer Shirt,TOP,EVENT14-20260830-05-02,1,KR,KRW,CUST-0484,경기,성남시,paid,WAVE-31 외부 트렌드 반응,v2
2026-08-30T18:58:00+09:00,네이버,WAVE-31-WHT-F,7,1004920,44000,80394,25123,3500,0,0,ONLINE,온라인몰,Sheer Shirt,TOP,EVENT14-20260830-05-03,1,KR,KRW,CUST-0495,경기,수원시,paid,WAVE-31 외부 트렌드 반응,v2
2026-08-30T19:11:00+09:00,W컨셉,WAVE-31-WHT-F,5,651200,44000,97680,22792,3500,0,0,ONLINE,온라인몰,Sheer Shirt,TOP,EVENT14-20260830-05-04,1,KR,KRW,CUST-0506,부산,해운대구,paid,WAVE-31 외부 트렌드 반응,v2
2026-08-30T20:24:00+09:00,매장 POS,WAVE-31-WHT-F,4,574240,44000,11485,5742,0,0,0,STORE-HANNAM,한남점,Sheer Shirt,TOP,EVENT14-20260830-05-05,1,KR,KRW,CUST-0517,서울,용산구,paid,WAVE-31 외부 트렌드 반응,v2
2026-08-30T16:30:00+09:00,자사몰,MOSS-18-BLK-F,1,104880,42000,4195,3671,3500,0,0,ONLINE,온라인몰,Volume Bermuda,BOTTOM,EVENT14-20260830-06-00,1,KR,KRW,CUST-0499,서울,마포구,paid,MOSS-18 과잉재고·판매 둔화,v2
2026-08-30T17:43:00+09:00,무신사,MOSS-18-BLK-F,1,104880,42000,12586,4720,3500,0,0,ONLINE,온라인몰,Volume Bermuda,BOTTOM,EVENT14-20260830-06-01,1,KR,KRW,CUST-0510,경기,성남시,paid,MOSS-18 과잉재고·판매 둔화,v2
2026-08-30T18:56:00+09:00,29CM,MOSS-18-BLK-F,1,104880,42000,14683,4195,3500,0,0,ONLINE,온라인몰,Volume Bermuda,BOTTOM,EVENT14-20260830-06-02,1,KR,KRW,CUST-0521,경기,수원시,paid,MOSS-18 과잉재고·판매 둔화,v2
2026-08-30T19:09:00+09:00,네이버,MOSS-18-BLK-F,1,104880,42000,8390,2622,3500,0,0,ONLINE,온라인몰,Volume Bermuda,BOTTOM,EVENT14-20260830-06-03,1,KR,KRW,CUST-0532,부산,해운대구,paid,MOSS-18 과잉재고·판매 둔화,v2
2026-08-30T20:22:00+09:00,W컨셉,MOSS-18-BLK-F,1,104880,42000,15732,3671,3500,0,0,ONLINE,온라인몰,Volume Bermuda,BOTTOM,EVENT14-20260830-06-04,1,KR,KRW,CUST-0543,인천,연수구,paid,MOSS-18 과잉재고·판매 둔화,v2
2026-08-30T10:35:00+09:00,매장 POS,MOSS-18-BLK-F,1,104880,42000,2098,1049,0,0,0,STORE-BUSAN,부산 센텀,Volume Bermuda,BOTTOM,EVENT14-20260830-06-05,1,KR,KRW,CUST-0554,부산,해운대구,paid,MOSS-18 과잉재고·판매 둔화,v2
2026-08-30T17:41:00+09:00,자사몰,LUME-09-BEG-F,3,517980,59000,20719,18129,3500,6500,1,ONLINE,온라인몰,Knit Cardigan,KNIT,EVENT14-20260830-07-00,1,KR,KRW,CUST-0536,경기,성남시,paid,정상 범위,v2
2026-08-30T18:54:00+09:00,무신사,LUME-09-BEG-F,3,491280,59000,58954,22108,3500,0,0,ONLINE,온라인몰,Knit Cardigan,KNIT,EVENT14-20260830-07-01,1,KR,KRW,CUST-0547,경기,수원시,paid,정상 범위,v2
2026-08-30T19:07:00+09:00,29CM,LUME-09-BEG-F,2,334640,59000,46850,13386,3500,0,0,ONLINE,온라인몰,Knit Cardigan,KNIT,EVENT14-20260830-07-02,1,KR,KRW,CUST-0558,부산,해운대구,paid,정상 범위,v2
2026-08-30T20:20:00+09:00,네이버,LUME-09-BEG-F,2,345320,59000,27626,8633,3500,0,0,ONLINE,온라인몰,Knit Cardigan,KNIT,EVENT14-20260830-07-03,1,KR,KRW,CUST-0569,인천,연수구,paid,정상 범위,v2
2026-08-30T10:33:00+09:00,W컨셉,LUME-09-BEG-F,1,156640,59000,23496,5482,3500,0,0,ONLINE,온라인몰,Knit Cardigan,KNIT,EVENT14-20260830-07-04,1,KR,KRW,CUST-0580,대구,수성구,paid,정상 범위,v2
2026-08-30T11:46:00+09:00,매장 POS,LUME-09-BEG-F,2,345320,59000,6906,3453,0,0,0,STORE-SHANGHAI,상하이 IFC,Knit Cardigan,KNIT,EVENT14-20260830-07-05,1,CN,KRW,CUST-0591,上海,浦东新区,paid,정상 범위,v2
2026-08-30T18:52:00+09:00,자사몰,CORE-55-WHT-F,6,395760,19000,15830,13852,3500,0,0,ONLINE,온라인몰,Logo Tee,TOP,EVENT14-20260830-08-00,1,KR,KRW,CUST-0573,경기,수원시,paid,정상 범위,v2
2026-08-30T19:05:00+09:00,무신사,CORE-55-WHT-F,5,312800,19000,37536,14076,3500,0,0,ONLINE,온라인몰,Logo Tee,TOP,EVENT14-20260830-08-01,1,KR,KRW,CUST-0584,부산,해운대구,paid,정상 범위,v2
2026-08-30T20:18:00+09:00,29CM,CORE-55-WHT-F,5,319600,19000,44744,12784,3500,0,0,ONLINE,온라인몰,Logo Tee,TOP,EVENT14-20260830-08-02,1,KR,KRW,CUST-0595,인천,연수구,paid,정상 범위,v2
2026-08-30T10:31:00+09:00,네이버,CORE-55-WHT-F,4,263840,19000,21107,6596,3500,0,0,ONLINE,온라인몰,Logo Tee,TOP,EVENT14-20260830-08-03,1,KR,KRW,CUST-0606,대구,수성구,paid,정상 범위,v2
2026-08-30T11:44:00+09:00,W컨셉,CORE-55-WHT-F,4,239360,19000,35904,8378,3500,0,0,ONLINE,온라인몰,Logo Tee,TOP,EVENT14-20260830-08-04,1,KR,KRW,CUST-0617,서울,성동구,paid,정상 범위,v2
2026-08-30T12:57:00+09:00,매장 POS,CORE-55-WHT-F,3,197880,19000,3958,1979,0,0,0,STORE-SEONGSU,성수 플래그십,Logo Tee,TOP,EVENT14-20260830-08-05,1,KR,KRW,CUST-0628,서울,성동구,paid,정상 범위,v2
2026-08-30T19:03:00+09:00,자사몰,FORM-42-DEN-F,3,488880,58000,19555,17111,3500,0,0,ONLINE,온라인몰,Denim Skirt,BOTTOM,EVENT14-20260830-09-00,1,KR,KRW,CUST-0610,부산,해운대구,paid,정상 범위,v2
2026-08-30T20:16:00+09:00,무신사,FORM-42-DEN-F,4,618240,58000,74189,27821,3500,0,0,ONLINE,온라인몰,Denim Skirt,BOTTOM,EVENT14-20260830-09-01,1,KR,KRW,CUST-0621,인천,연수구,paid,정상 범위,v2
2026-08-30T10:29:00+09:00,29CM,FORM-42-DEN-F,2,315840,58000,44218,12634,3500,0,0,ONLINE,온라인몰,Denim Skirt,BOTTOM,EVENT14-20260830-09-02,1,KR,KRW,CUST-0632,대구,수성구,paid,정상 범위,v2
2026-08-30T11:42:00+09:00,네이버,FORM-42-DEN-F,2,325920,58000,26074,8148,3500,0,0,ONLINE,온라인몰,Denim Skirt,BOTTOM,EVENT14-20260830-09-03,1,KR,KRW,CUST-0643,서울,성동구,paid,정상 범위,v2
2026-08-30T12:55:00+09:00,W컨셉,FORM-42-DEN-F,2,295680,58000,44352,10349,3500,0,0,ONLINE,온라인몰,Denim Skirt,BOTTOM,EVENT14-20260830-09-04,1,KR,KRW,CUST-0654,서울,강남구,paid,정상 범위,v2
2026-08-30T13:08:00+09:00,매장 POS,FORM-42-DEN-F,1,162960,58000,3259,1630,0,0,0,STORE-GANGNAM,강남점,Denim Skirt,BOTTOM,EVENT14-20260830-09-05,1,KR,KRW,CUST-0665,서울,강남구,paid,정상 범위,v2
2026-08-30T20:14:00+09:00,자사몰,COVE-14-BLK-F,2,442320,76000,17693,15481,3500,0,0,ONLINE,온라인몰,Maxi Dress,DRESS,EVENT14-20260830-10-00,1,KR,KRW,CUST-0647,인천,연수구,paid,정상 범위,v2
2026-08-30T10:27:00+09:00,무신사,COVE-14-BLK-F,3,629280,76000,75514,28318,3500,0,0,ONLINE,온라인몰,Maxi Dress,DRESS,EVENT14-20260830-10-01,1,KR,KRW,CUST-0658,대구,수성구,paid,정상 범위,v2
2026-08-30T11:40:00+09:00,29CM,COVE-14-BLK-F,1,214320,76000,30005,8573,3500,0,0,ONLINE,온라인몰,Maxi Dress,DRESS,EVENT14-20260830-10-02,1,KR,KRW,CUST-0669,서울,성동구,paid,정상 범위,v2
2026-08-30T12:53:00+09:00,네이버,COVE-14-BLK-F,2,0,76000,0,0,0,0,0,ONLINE,온라인몰,Maxi Dress,DRESS,EVENT14-20260830-10-03,1,KR,KRW,CUST-0680,서울,강남구,cancelled,정상 범위,v2
2026-08-30T13:06:00+09:00,W컨셉,COVE-14-BLK-F,1,200640,76000,30096,7022,3500,0,0,ONLINE,온라인몰,Maxi Dress,DRESS,EVENT14-20260830-10-04,1,KR,KRW,CUST-0691,서울,마포구,paid,정상 범위,v2
2026-08-30T14:19:00+09:00,매장 POS,COVE-14-BLK-F,2,442320,76000,8846,4423,0,0,0,STORE-HANNAM,한남점,Maxi Dress,DRESS,EVENT14-20260830-10-05,1,KR,KRW,CUST-0702,서울,용산구,paid,정상 범위,v2
2026-08-30T10:25:00+09:00,자사몰,EDGE-28-GRY-F,2,519920,91000,20797,18197,3500,0,0,ONLINE,온라인몰,Zip Jacket,OUTER,EVENT14-20260830-11-00,1,KR,KRW,CUST-0684,대구,수성구,paid,정상 범위,v2
2026-08-30T11:38:00+09:00,무신사,EDGE-28-GRY-F,2,493120,91000,59174,22190,3500,0,0,ONLINE,온라인몰,Zip Jacket,OUTER,EVENT14-20260830-11-01,1,KR,KRW,CUST-0695,서울,성동구,paid,정상 범위,v2
2026-08-30T12:51:00+09:00,29CM,EDGE-28-GRY-F,1,251920,91000,35269,10077,3500,0,0,ONLINE,온라인몰,Zip Jacket,OUTER,EVENT14-20260830-11-02,1,KR,KRW,CUST-0706,서울,강남구,paid,정상 범위,v2
2026-08-30T13:04:00+09:00,네이버,EDGE-28-GRY-F,2,519920,91000,41594,12998,3500,0,0,ONLINE,온라인몰,Zip Jacket,OUTER,EVENT14-20260830-11-03,1,KR,KRW,CUST-0717,서울,마포구,paid,정상 범위,v2
2026-08-30T14:17:00+09:00,W컨셉,EDGE-28-GRY-F,1,235840,91000,35376,8254,3500,0,0,ONLINE,온라인몰,Zip Jacket,OUTER,EVENT14-20260830-11-04,1,KR,KRW,CUST-0728,경기,성남시,paid,정상 범위,v2
2026-08-30T15:30:00+09:00,매장 POS,EDGE-28-GRY-F,1,259960,91000,5199,2600,0,6500,1,STORE-BUSAN,부산 센텀,Zip Jacket,OUTER,EVENT14-20260830-11-05,1,KR,KRW,CUST-0739,부산,해운대구,paid,정상 범위,v2
2026-08-31T10:31:00+09:00,자사몰,ARC-07-BLK-F,6,1443360,82000,57734,50518,3500,0,0,ONLINE,온라인몰,Utility Jacket,OUTER,EVENT14-20260831-00-00,1,KR,KRW,CUST-0300,대구,수성구,paid,정상 범위,v2
2026-08-31T11:44:00+09:00,무신사,ARC-07-BLK-F,17,3878720,82000,465446,174542,3500,0,0,ONLINE,온라인몰,Utility Jacket,OUTER,EVENT14-20260831-00-01,1,KR,KRW,CUST-0311,서울,성동구,paid,ARC-07 판매 급증·강남 품절 위험,v2
2026-08-31T12:57:00+09:00,29CM,ARC-07-BLK-F,5,1165600,82000,163184,46624,3500,6500,1,ONLINE,온라인몰,Utility Jacket,OUTER,EVENT14-20260831-00-02,1,KR,KRW,CUST-0322,서울,강남구,paid,정상 범위,v2
2026-08-31T13:10:00+09:00,네이버,ARC-07-BLK-F,4,962240,82000,76979,24056,3500,0,0,ONLINE,온라인몰,Utility Jacket,OUTER,EVENT14-20260831-00-03,1,KR,KRW,CUST-0333,서울,마포구,paid,정상 범위,v2
2026-08-31T14:23:00+09:00,W컨셉,ARC-07-BLK-F,3,654720,82000,98208,22915,3500,0,0,ONLINE,온라인몰,Utility Jacket,OUTER,EVENT14-20260831-00-04,1,KR,KRW,CUST-0344,경기,성남시,paid,정상 범위,v2
2026-08-31T15:36:00+09:00,매장 POS,ARC-07-BLK-F,11,2646160,82000,52923,26462,0,0,0,STORE-GANGNAM,강남점,Utility Jacket,OUTER,EVENT14-20260831-00-05,1,KR,KRW,CUST-0355,서울,강남구,paid,ARC-07 판매 급증·강남 품절 위험,v2
2026-08-31T11:42:00+09:00,자사몰,FLOW-22-BLK-F,13,1992380,51000,79695,69733,3500,0,0,ONLINE,온라인몰,Drape Pants,BOTTOM,EVENT14-20260831-01-00,1,KR,KRW,CUST-0337,서울,성동구,paid,FLOW-22 부산 수요 급증,v2
2026-08-31T12:55:00+09:00,무신사,FLOW-22-BLK-F,4,581440,51000,69773,26165,3500,0,0,ONLINE,온라인몰,Drape Pants,BOTTOM,EVENT14-20260831-01-01,1,KR,KRW,CUST-0348,서울,강남구,paid,정상 범위,v2
2026-08-31T13:08:00+09:00,29CM,FLOW-22-BLK-F,4,594080,51000,83171,23763,3500,0,0,ONLINE,온라인몰,Drape Pants,BOTTOM,EVENT14-20260831-01-02,1,KR,KRW,CUST-0359,서울,마포구,paid,정상 범위,v2
2026-08-31T14:21:00+09:00,네이버,FLOW-22-BLK-F,4,613040,51000,49043,15326,3500,0,0,ONLINE,온라인몰,Drape Pants,BOTTOM,EVENT14-20260831-01-03,1,KR,KRW,CUST-0370,경기,성남시,paid,정상 범위,v2
2026-08-31T15:34:00+09:00,W컨셉,FLOW-22-BLK-F,4,556160,51000,83424,19466,3500,0,0,ONLINE,온라인몰,Drape Pants,BOTTOM,EVENT14-20260831-01-04,1,KR,KRW,CUST-0381,경기,수원시,paid,정상 범위,v2
2026-08-31T16:47:00+09:00,매장 POS,FLOW-22-BLK-F,8,1226080,51000,24522,12261,0,0,0,STORE-BUSAN,부산 센텀,Drape Pants,BOTTOM,EVENT14-20260831-01-05,1,KR,KRW,CUST-0392,부산,해운대구,paid,FLOW-22 부산 수요 급증,v2
2026-08-31T12:53:00+09:00,자사몰,EASE-19-CRM-F,2,193520,36000,7741,6773,3500,6500,1,ONLINE,온라인몰,Layer Top,TOP,EVENT14-20260831-02-00,1,KR,KRW,CUST-0374,서울,강남구,paid,EASE-19 판매 둔화·반품 증가,v2
2026-08-31T13:06:00+09:00,무신사,EASE-19-CRM-F,3,290280,36000,34834,13063,3500,0,0,ONLINE,온라인몰,Layer Top,TOP,EVENT14-20260831-02-01,1,KR,KRW,CUST-0385,서울,마포구,paid,EASE-19 판매 둔화·반품 증가,v2
2026-08-31T14:19:00+09:00,29CM,EASE-19-CRM-F,1,96760,36000,13546,3870,3500,6500,1,ONLINE,온라인몰,Layer Top,TOP,EVENT14-20260831-02-02,1,KR,KRW,CUST-0396,경기,성남시,paid,EASE-19 판매 둔화·반품 증가,v2
2026-08-31T15:32:00+09:00,네이버,EASE-19-CRM-F,1,96760,36000,7741,2419,3500,0,0,ONLINE,온라인몰,Layer Top,TOP,EVENT14-20260831-02-03,1,KR,KRW,CUST-0407,경기,수원시,paid,EASE-19 판매 둔화·반품 증가,v2
2026-08-31T16:45:00+09:00,W컨셉,EASE-19-CRM-F,1,96760,36000,14514,3387,3500,6500,1,ONLINE,온라인몰,Layer Top,TOP,EVENT14-20260831-02-04,1,KR,KRW,CUST-0418,부산,해운대구,paid,EASE-19 판매 둔화·반품 증가,v2
2026-08-31T17:58:00+09:00,매장 POS,EASE-19-CRM-F,1,96760,36000,1935,968,0,0,0,STORE-SEONGSU,성수 플래그십,Layer Top,TOP,EVENT14-20260831-02-05,1,KR,KRW,CUST-0429,서울,성동구,paid,EASE-19 판매 둔화·반품 증가,v2
2026-08-31T13:04:00+09:00,자사몰,NOVA-11-NVY-F,3,634380,72000,25375,22203,3500,0,0,ONLINE,온라인몰,Volume Dress,DRESS,EVENT14-20260831-03-00,1,KR,KRW,CUST-0411,서울,마포구,paid,정상 범위,v2
2026-08-31T14:17:00+09:00,무신사,NOVA-11-NVY-F,4,802240,72000,96269,36101,3500,0,0,ONLINE,온라인몰,Volume Dress,DRESS,EVENT14-20260831-03-01,1,KR,KRW,CUST-0422,경기,성남시,paid,정상 범위,v2
2026-08-31T15:30:00+09:00,29CM,NOVA-11-NVY-F,2,409840,72000,57378,16394,3500,0,0,ONLINE,온라인몰,Volume Dress,DRESS,EVENT14-20260831-03-02,1,KR,KRW,CUST-0433,경기,수원시,paid,정상 범위,v2
2026-08-31T16:43:00+09:00,네이버,NOVA-11-NVY-F,3,634380,72000,50750,15860,3500,0,0,ONLINE,온라인몰,Volume Dress,DRESS,EVENT14-20260831-03-03,1,KR,KRW,CUST-0444,부산,해운대구,paid,정상 범위,v2
2026-08-31T17:56:00+09:00,W컨셉,NOVA-11-NVY-F,2,383680,72000,57552,13429,3500,0,0,ONLINE,온라인몰,Volume Dress,DRESS,EVENT14-20260831-03-04,1,KR,KRW,CUST-0455,인천,연수구,paid,정상 범위,v2
2026-08-31T18:09:00+09:00,매장 POS,NOVA-11-NVY-F,2,422920,72000,8458,4229,0,0,0,STORE-GANGNAM,강남점,Volume Dress,DRESS,EVENT14-20260831-03-05,1,KR,KRW,CUST-0466,서울,강남구,paid,정상 범위,v2
2026-08-31T14:15:00+09:00,자사몰,AIR-24-NVY-F,11,2112660,68000,84506,73943,3500,0,0,ONLINE,온라인몰,Airy Volume Dress,DRESS,EVENT14-20260831-04-00,1,KR,KRW,CUST-0448,경기,성남시,paid,AIR-24 재주문 필요 수요,v2
2026-08-31T15:28:00+09:00,무신사,AIR-24-NVY-F,10,1821600,68000,218592,81972,3500,0,0,ONLINE,온라인몰,Airy Volume Dress,DRESS,EVENT14-20260831-04-01,1,KR,KRW,CUST-0459,경기,수원시,paid,AIR-24 재주문 필요 수요,v2
2026-08-31T16:41:00+09:00,29CM,AIR-24-NVY-F,5,930600,68000,130284,37224,3500,0,0,ONLINE,온라인몰,Airy Volume Dress,DRESS,EVENT14-20260831-04-02,1,KR,KRW,CUST-0470,부산,해운대구,paid,AIR-24 재주문 필요 수요,v2
2026-08-31T17:54:00+09:00,네이버,AIR-24-NVY-F,8,1536480,68000,122918,38412,3500,0,0,ONLINE,온라인몰,Airy Volume Dress,DRESS,EVENT14-20260831-04-03,1,KR,KRW,CUST-0481,인천,연수구,paid,AIR-24 재주문 필요 수요,v2
2026-08-31T18:07:00+09:00,W컨셉,AIR-24-NVY-F,5,871200,68000,130680,30492,3500,0,0,ONLINE,온라인몰,Airy Volume Dress,DRESS,EVENT14-20260831-04-04,1,KR,KRW,CUST-0492,대구,수성구,paid,AIR-24 재주문 필요 수요,v2
2026-08-31T19:20:00+09:00,매장 POS,AIR-24-NVY-F,6,1152360,68000,23047,11524,0,0,0,STORE-HANNAM,한남점,Airy Volume Dress,DRESS,EVENT14-20260831-04-05,1,KR,KRW,CUST-0503,서울,용산구,paid,AIR-24 재주문 필요 수요,v2
2026-08-31T15:26:00+09:00,자사몰,WAVE-31-WHT-F,6,861360,44000,34454,30148,3500,0,0,ONLINE,온라인몰,Sheer Shirt,TOP,EVENT14-20260831-05-00,1,KR,KRW,CUST-0485,경기,수원시,paid,WAVE-31 외부 트렌드 반응,v2
2026-08-31T16:39:00+09:00,무신사,WAVE-31-WHT-F,6,816960,44000,98035,36763,3500,6500,1,ONLINE,온라인몰,Sheer Shirt,TOP,EVENT14-20260831-05-01,1,KR,KRW,CUST-0496,부산,해운대구,paid,WAVE-31 외부 트렌드 반응,v2
2026-08-31T17:52:00+09:00,29CM,WAVE-31-WHT-F,5,695600,44000,97384,27824,3500,0,0,ONLINE,온라인몰,Sheer Shirt,TOP,EVENT14-20260831-05-02,1,KR,KRW,CUST-0507,인천,연수구,paid,WAVE-31 외부 트렌드 반응,v2
2026-08-31T18:05:00+09:00,네이버,WAVE-31-WHT-F,5,717800,44000,57424,17945,3500,0,0,ONLINE,온라인몰,Sheer Shirt,TOP,EVENT14-20260831-05-03,1,KR,KRW,CUST-0518,대구,수성구,paid,WAVE-31 외부 트렌드 반응,v2
2026-08-31T19:18:00+09:00,W컨셉,WAVE-31-WHT-F,5,651200,44000,97680,22792,3500,0,0,ONLINE,온라인몰,Sheer Shirt,TOP,EVENT14-20260831-05-04,1,KR,KRW,CUST-0529,서울,성동구,paid,WAVE-31 외부 트렌드 반응,v2
2026-08-31T20:31:00+09:00,매장 POS,WAVE-31-WHT-F,4,574240,44000,11485,5742,0,0,0,STORE-BUSAN,부산 센텀,Sheer Shirt,TOP,EVENT14-20260831-05-05,1,KR,KRW,CUST-0540,부산,해운대구,paid,WAVE-31 외부 트렌드 반응,v2
2026-08-31T16:37:00+09:00,자사몰,MOSS-18-BLK-F,1,104880,42000,4195,3671,3500,0,0,ONLINE,온라인몰,Volume Bermuda,BOTTOM,EVENT14-20260831-06-00,1,KR,KRW,CUST-0522,부산,해운대구,paid,MOSS-18 과잉재고·판매 둔화,v2
2026-08-31T17:50:00+09:00,무신사,MOSS-18-BLK-F,1,104880,42000,12586,4720,3500,0,0,ONLINE,온라인몰,Volume Bermuda,BOTTOM,EVENT14-20260831-06-01,1,KR,KRW,CUST-0533,인천,연수구,paid,MOSS-18 과잉재고·판매 둔화,v2
2026-08-31T18:03:00+09:00,29CM,MOSS-18-BLK-F,1,104880,42000,14683,4195,3500,0,0,ONLINE,온라인몰,Volume Bermuda,BOTTOM,EVENT14-20260831-06-02,1,KR,KRW,CUST-0544,대구,수성구,paid,MOSS-18 과잉재고·판매 둔화,v2
2026-08-31T19:16:00+09:00,네이버,MOSS-18-BLK-F,1,104880,42000,8390,2622,3500,0,0,ONLINE,온라인몰,Volume Bermuda,BOTTOM,EVENT14-20260831-06-03,1,KR,KRW,CUST-0555,서울,성동구,paid,MOSS-18 과잉재고·판매 둔화,v2
2026-08-31T20:29:00+09:00,W컨셉,MOSS-18-BLK-F,1,104880,42000,15732,3671,3500,0,0,ONLINE,온라인몰,Volume Bermuda,BOTTOM,EVENT14-20260831-06-04,1,KR,KRW,CUST-0566,서울,강남구,paid,MOSS-18 과잉재고·판매 둔화,v2
2026-08-31T10:42:00+09:00,매장 POS,MOSS-18-BLK-F,1,104880,42000,2098,1049,0,0,0,STORE-SHANGHAI,상하이 IFC,Volume Bermuda,BOTTOM,EVENT14-20260831-06-05,1,CN,KRW,CUST-0577,上海,浦东新区,paid,MOSS-18 과잉재고·판매 둔화,v2
2026-08-31T17:48:00+09:00,자사몰,LUME-09-BEG-F,2,345320,59000,13813,12086,3500,0,0,ONLINE,온라인몰,Knit Cardigan,KNIT,EVENT14-20260831-07-00,1,KR,KRW,CUST-0559,인천,연수구,paid,정상 범위,v2
2026-08-31T18:01:00+09:00,무신사,LUME-09-BEG-F,3,491280,59000,58954,22108,3500,0,0,ONLINE,온라인몰,Knit Cardigan,KNIT,EVENT14-20260831-07-01,1,KR,KRW,CUST-0570,대구,수성구,paid,정상 범위,v2
2026-08-31T19:14:00+09:00,29CM,LUME-09-BEG-F,2,334640,59000,46850,13386,3500,0,0,ONLINE,온라인몰,Knit Cardigan,KNIT,EVENT14-20260831-07-02,1,KR,KRW,CUST-0581,서울,성동구,paid,정상 범위,v2
2026-08-31T20:27:00+09:00,네이버,LUME-09-BEG-F,2,345320,59000,27626,8633,3500,0,0,ONLINE,온라인몰,Knit Cardigan,KNIT,EVENT14-20260831-07-03,1,KR,KRW,CUST-0592,서울,강남구,paid,정상 범위,v2
2026-08-31T10:40:00+09:00,W컨셉,LUME-09-BEG-F,2,313280,59000,46992,10965,3500,0,0,ONLINE,온라인몰,Knit Cardigan,KNIT,EVENT14-20260831-07-04,1,KR,KRW,CUST-0603,서울,마포구,paid,정상 범위,v2
2026-08-31T11:53:00+09:00,매장 POS,LUME-09-BEG-F,1,172660,59000,3453,1727,0,0,0,STORE-SEONGSU,성수 플래그십,Knit Cardigan,KNIT,EVENT14-20260831-07-05,1,KR,KRW,CUST-0614,서울,성동구,paid,정상 범위,v2
2026-08-31T18:59:00+09:00,자사몰,CORE-55-WHT-F,4,263840,19000,10554,9234,3500,0,0,ONLINE,온라인몰,Logo Tee,TOP,EVENT14-20260831-08-00,1,KR,KRW,CUST-0596,대구,수성구,paid,정상 범위,v2
2026-08-31T19:12:00+09:00,무신사,CORE-55-WHT-F,5,312800,19000,37536,14076,3500,0,0,ONLINE,온라인몰,Logo Tee,TOP,EVENT14-20260831-08-01,1,KR,KRW,CUST-0607,서울,성동구,paid,정상 범위,v2
2026-08-31T20:25:00+09:00,29CM,CORE-55-WHT-F,3,191760,19000,26846,7670,3500,0,0,ONLINE,온라인몰,Logo Tee,TOP,EVENT14-20260831-08-02,1,KR,KRW,CUST-0618,서울,강남구,paid,정상 범위,v2
2026-08-31T10:38:00+09:00,네이버,CORE-55-WHT-F,4,263840,19000,21107,6596,3500,0,0,ONLINE,온라인몰,Logo Tee,TOP,EVENT14-20260831-08-03,1,KR,KRW,CUST-0629,서울,마포구,paid,정상 범위,v2
2026-08-31T11:51:00+09:00,W컨셉,CORE-55-WHT-F,3,0,19000,0,0,0,0,0,ONLINE,온라인몰,Logo Tee,TOP,EVENT14-20260831-08-04,1,KR,KRW,CUST-0640,경기,성남시,cancelled,정상 범위,v2
2026-08-31T12:04:00+09:00,매장 POS,CORE-55-WHT-F,3,197880,19000,3958,1979,0,0,0,STORE-GANGNAM,강남점,Logo Tee,TOP,EVENT14-20260831-08-05,1,KR,KRW,CUST-0651,서울,강남구,paid,정상 범위,v2
2026-08-31T19:10:00+09:00,자사몰,FORM-42-DEN-F,3,488880,58000,19555,17111,3500,0,0,ONLINE,온라인몰,Denim Skirt,BOTTOM,EVENT14-20260831-09-00,1,KR,KRW,CUST-0633,서울,성동구,paid,정상 범위,v2
2026-08-31T20:23:00+09:00,무신사,FORM-42-DEN-F,2,309120,58000,37094,13910,3500,0,0,ONLINE,온라인몰,Denim Skirt,BOTTOM,EVENT14-20260831-09-01,1,KR,KRW,CUST-0644,서울,강남구,paid,정상 범위,v2
2026-08-31T10:36:00+09:00,29CM,FORM-42-DEN-F,2,315840,58000,44218,12634,3500,0,0,ONLINE,온라인몰,Denim Skirt,BOTTOM,EVENT14-20260831-09-02,1,KR,KRW,CUST-0655,서울,마포구,paid,정상 범위,v2
2026-08-31T11:49:00+09:00,네이버,FORM-42-DEN-F,2,325920,58000,26074,8148,3500,0,0,ONLINE,온라인몰,Denim Skirt,BOTTOM,EVENT14-20260831-09-03,1,KR,KRW,CUST-0666,경기,성남시,paid,정상 범위,v2
2026-08-31T12:02:00+09:00,W컨셉,FORM-42-DEN-F,1,147840,58000,22176,5174,3500,0,0,ONLINE,온라인몰,Denim Skirt,BOTTOM,EVENT14-20260831-09-04,1,KR,KRW,CUST-0677,경기,수원시,paid,정상 범위,v2
2026-08-31T13:15:00+09:00,매장 POS,FORM-42-DEN-F,2,325920,58000,6518,3259,0,0,0,STORE-HANNAM,한남점,Denim Skirt,BOTTOM,EVENT14-20260831-09-05,1,KR,KRW,CUST-0688,서울,용산구,paid,정상 범위,v2
2026-08-31T20:21:00+09:00,자사몰,COVE-14-BLK-F,2,442320,76000,17693,15481,3500,6500,1,ONLINE,온라인몰,Maxi Dress,DRESS,EVENT14-20260831-10-00,1,KR,KRW,CUST-0670,서울,강남구,paid,정상 범위,v2
2026-08-31T10:34:00+09:00,무신사,COVE-14-BLK-F,2,419520,76000,50342,18878,3500,0,0,ONLINE,온라인몰,Maxi Dress,DRESS,EVENT14-20260831-10-01,1,KR,KRW,CUST-0681,서울,마포구,paid,정상 범위,v2
2026-08-31T11:47:00+09:00,29CM,COVE-14-BLK-F,1,214320,76000,30005,8573,3500,0,0,ONLINE,온라인몰,Maxi Dress,DRESS,EVENT14-20260831-10-02,1,KR,KRW,CUST-0692,경기,성남시,paid,정상 범위,v2
2026-08-31T12:00:00+09:00,네이버,COVE-14-BLK-F,1,221160,76000,17693,5529,3500,0,0,ONLINE,온라인몰,Maxi Dress,DRESS,EVENT14-20260831-10-03,1,KR,KRW,CUST-0703,경기,수원시,paid,정상 범위,v2
2026-08-31T13:13:00+09:00,W컨셉,COVE-14-BLK-F,1,200640,76000,30096,7022,3500,0,0,ONLINE,온라인몰,Maxi Dress,DRESS,EVENT14-20260831-10-04,1,KR,KRW,CUST-0714,부산,해운대구,paid,정상 범위,v2
2026-08-31T14:26:00+09:00,매장 POS,COVE-14-BLK-F,1,221160,76000,4423,2212,0,0,0,STORE-BUSAN,부산 센텀,Maxi Dress,DRESS,EVENT14-20260831-10-05,1,KR,KRW,CUST-0725,부산,해운대구,paid,정상 범위,v2
2026-08-31T10:32:00+09:00,자사몰,EDGE-28-GRY-F,1,259960,91000,10398,9099,3500,0,0,ONLINE,온라인몰,Zip Jacket,OUTER,EVENT14-20260831-11-00,1,KR,KRW,CUST-0707,서울,마포구,paid,정상 범위,v2
2026-08-31T11:45:00+09:00,무신사,EDGE-28-GRY-F,2,493120,91000,59174,22190,3500,0,0,ONLINE,온라인몰,Zip Jacket,OUTER,EVENT14-20260831-11-01,1,KR,KRW,CUST-0718,경기,성남시,paid,정상 범위,v2
2026-08-31T12:58:00+09:00,29CM,EDGE-28-GRY-F,1,251920,91000,35269,10077,3500,0,0,ONLINE,온라인몰,Zip Jacket,OUTER,EVENT14-20260831-11-02,1,KR,KRW,CUST-0729,경기,수원시,paid,정상 범위,v2
2026-08-31T13:11:00+09:00,네이버,EDGE-28-GRY-F,1,259960,91000,20797,6499,3500,0,0,ONLINE,온라인몰,Zip Jacket,OUTER,EVENT14-20260831-11-03,1,KR,KRW,CUST-0740,부산,해운대구,paid,정상 범위,v2
2026-08-31T14:24:00+09:00,W컨셉,EDGE-28-GRY-F,1,235840,91000,35376,8254,3500,0,0,ONLINE,온라인몰,Zip Jacket,OUTER,EVENT14-20260831-11-04,1,KR,KRW,CUST-0751,인천,연수구,paid,정상 범위,v2
2026-08-31T15:37:00+09:00,매장 POS,EDGE-28-GRY-F,1,259960,91000,5199,2600,0,0,0,STORE-SHANGHAI,상하이 IFC,Zip Jacket,OUTER,EVENT14-20260831-11-05,1,CN,KRW,CUST-0762,上海,浦东新区,paid,정상 범위,v2
