sold_at,channel_code,sku_code,quantity,net_sales,unit_cost,channel_fee,marketing_cost,shipping_cost,return_cost,returned_quantity,location_code,location_name,product_name,category,order_id,line_id,country_code,currency_code,customer_token,shipping_region_1,shipping_region_2,order_status
2026-08-23T10:00:00.000Z,자사몰,ARC-07-BLK-F,4,0,82000,0,0,3500,0,0,ONLINE,온라인몰,Utility Jacket,OUTER,BETA-00-0-0,1,KR,KRW,CUST-0001,서울,성동구,cancelled
2026-08-23T11:07:00.000Z,무신사,ARC-07-BLK-F,5,1091200,82000,130944,49104,3500,0,0,ONLINE,온라인몰,Utility Jacket,OUTER,BETA-00-0-1,1,KR,KRW,CUST-0006,서울,강남구,paid
2026-08-23T12:14:00.000Z,29CM,ARC-07-BLK-F,7,1562400,82000,218736,62496,3500,0,0,ONLINE,온라인몰,Utility Jacket,OUTER,BETA-00-0-2,1,KR,KRW,CUST-0011,경기,성남시,paid
2026-08-23T13:21:00.000Z,네이버,ARC-07-BLK-F,8,1864960,82000,149197,46624,3500,0,0,ONLINE,온라인몰,Utility Jacket,OUTER,BETA-00-0-3,1,KR,KRW,CUST-0016,부산,해운대구,paid
2026-08-23T14:28:00.000Z,W컨셉,ARC-07-BLK-F,9,1919520,82000,287928,67183,3500,0,0,ONLINE,온라인몰,Utility Jacket,OUTER,BETA-00-0-4,1,KR,KRW,CUST-0021,인천,연수구,paid
2026-08-23T15:35:00.000Z,매장 POS,ARC-07-BLK-F,10,2430400,82000,48608,24304,0,0,0,ONLINE,온라인몰,Utility Jacket,OUTER,BETA-00-0-5,1,CN,KRW,CUST-0026,대구,수성구,paid
2026-08-23T11:11:00.000Z,자사몰,FLOW-22-BLK-F,6,919560,51000,36782,32185,3500,0,0,ONLINE,온라인몰,Drape Pants,BOTTOM,BETA-00-1-0,1,KR,KRW,CUST-0012,서울,강남구,paid
2026-08-23T12:18:00.000Z,무신사,FLOW-22-BLK-F,7,973280,51000,116794,43798,3500,0,0,ONLINE,온라인몰,Drape Pants,BOTTOM,BETA-00-1-1,1,KR,KRW,CUST-0017,경기,성남시,paid
2026-08-23T13:25:00.000Z,29CM,FLOW-22-BLK-F,9,1279800,51000,179172,51192,3500,0,0,ONLINE,온라인몰,Drape Pants,BOTTOM,BETA-00-1-2,1,KR,KRW,CUST-0022,부산,해운대구,paid
2026-08-23T14:32:00.000Z,네이버,FLOW-22-BLK-F,10,1485200,51000,118816,37130,3500,0,0,ONLINE,온라인몰,Drape Pants,BOTTOM,BETA-00-1-3,1,KR,KRW,CUST-0027,인천,연수구,paid
2026-08-23T15:39:00.000Z,W컨셉,FLOW-22-BLK-F,11,1494680,51000,224202,52314,3500,0,0,ONLINE,온라인몰,Drape Pants,BOTTOM,BETA-00-1-4,1,KR,KRW,CUST-0032,대구,수성구,paid
2026-08-23T16:46:00.000Z,매장 POS,FLOW-22-BLK-F,12,1858080,51000,37162,18581,0,0,0,STORE-SEONGSU,성수 플래그십,Drape Pants,BOTTOM,BETA-00-1-5,1,CN,KRW,CUST-0037,서울,성동구,paid
2026-08-23T12:22:00.000Z,자사몰,EASE-19-IVY-F,8,690640,27000,27626,24172,3500,0,0,ONLINE,온라인몰,Layer Top,TOP,BETA-00-2-0,1,KR,KRW,CUST-0023,경기,성남시,paid
2026-08-23T13:29:00.000Z,무신사,EASE-19-IVY-F,9,704880,27000,84586,31720,3500,0,0,ONLINE,온라인몰,Layer Top,TOP,BETA-00-2-1,1,KR,KRW,CUST-0028,부산,해운대구,paid
2026-08-23T14:36:00.000Z,29CM,EASE-19-IVY-F,11,881100,27000,123354,35244,3500,0,0,ONLINE,온라인몰,Layer Top,TOP,BETA-00-2-2,1,KR,KRW,CUST-0033,인천,연수구,paid
2026-08-23T15:43:00.000Z,네이버,EASE-19-IVY-F,12,1003920,27000,80314,25098,3500,0,0,ONLINE,온라인몰,Layer Top,TOP,BETA-00-2-3,1,KR,KRW,CUST-0038,대구,수성구,paid
2026-08-23T16:50:00.000Z,W컨셉,EASE-19-IVY-F,13,995020,27000,149253,34826,3500,0,0,ONLINE,온라인몰,Layer Top,TOP,BETA-00-2-4,1,KR,KRW,CUST-0043,서울,성동구,paid
2026-08-23T17:57:00.000Z,매장 POS,EASE-19-IVY-F,13,1133860,27000,22677,11339,0,0,0,STORE-GANGNAM,강남점,Layer Top,TOP,BETA-00-2-5,1,CN,KRW,CUST-0048,서울,강남구,paid
2026-08-23T13:33:00.000Z,자사몰,CORE-08-GRY-F,10,1154300,39000,46172,40401,3500,0,0,ONLINE,온라인몰,Core Knit,TOP,BETA-00-3-0,1,KR,KRW,CUST-0034,부산,해운대구,paid
2026-08-23T14:40:00.000Z,무신사,CORE-08-GRY-F,11,1151920,39000,138230,51836,3500,0,0,ONLINE,온라인몰,Core Knit,TOP,BETA-00-3-1,1,KR,KRW,CUST-0039,인천,연수구,paid
2026-08-23T15:47:00.000Z,29CM,CORE-08-GRY-F,13,1392300,39000,194922,55692,3500,0,0,ONLINE,온라인몰,Core Knit,TOP,BETA-00-3-2,1,KR,KRW,CUST-0044,대구,수성구,paid
2026-08-23T16:54:00.000Z,네이버,CORE-08-GRY-F,13,1454180,39000,116334,36355,3500,0,0,ONLINE,온라인몰,Core Knit,TOP,BETA-00-3-3,1,KR,KRW,CUST-0049,서울,성동구,paid
2026-08-23T17:01:00.000Z,W컨셉,CORE-08-GRY-F,14,1432760,39000,214914,50147,3500,0,0,ONLINE,온라인몰,Core Knit,TOP,BETA-00-3-4,1,KR,KRW,CUST-0054,서울,강남구,paid
2026-08-23T18:08:00.000Z,매장 POS,CORE-08-GRY-F,14,1632680,39000,32654,16327,0,0,0,STORE-HANNAM,한남점,Core Knit,TOP,BETA-00-3-5,1,CN,KRW,CUST-0059,경기,성남시,paid
2026-08-23T14:44:00.000Z,자사몰,AIR-24-NVY-F,12,2304720,65000,92189,80665,3500,0,0,ONLINE,온라인몰,Volume Dress,DRESS,BETA-00-4-0,1,KR,KRW,CUST-0045,인천,연수구,paid
2026-08-23T15:51:00.000Z,무신사,AIR-24-NVY-F,13,2265120,65000,271814,101930,3500,0,0,ONLINE,온라인몰,Volume Dress,DRESS,BETA-00-4-1,1,KR,KRW,CUST-0050,대구,수성구,paid
2026-08-23T16:58:00.000Z,29CM,AIR-24-NVY-F,14,2494800,65000,349272,99792,3500,0,0,ONLINE,온라인몰,Volume Dress,DRESS,BETA-00-4-2,1,KR,KRW,CUST-0055,서울,성동구,paid
2026-08-23T17:05:00.000Z,네이버,AIR-24-NVY-F,14,2605680,65000,208454,65142,3500,0,0,ONLINE,온라인몰,Volume Dress,DRESS,BETA-00-4-3,1,KR,KRW,CUST-0060,서울,강남구,paid
2026-08-23T18:12:00.000Z,W컨셉,AIR-24-NVY-F,14,2383920,65000,357588,83437,3500,0,0,ONLINE,온라인몰,Volume Dress,DRESS,BETA-00-4-4,1,KR,KRW,CUST-0065,경기,성남시,paid
2026-08-23T19:19:00.000Z,매장 POS,AIR-24-NVY-F,14,2716560,65000,54331,27166,0,0,0,STORE-BUSAN,부산 센텀,Volume Dress,DRESS,BETA-00-4-5,1,CN,KRW,CUST-0070,부산,해운대구,paid
2026-08-23T15:55:00.000Z,자사몰,FRAME-31-DNM-F,14,3096240,78000,123850,108368,3500,0,0,ONLINE,온라인몰,Denim Dress,DRESS,BETA-00-5-0,1,KR,KRW,CUST-0056,대구,수성구,paid
2026-08-23T16:02:00.000Z,무신사,FRAME-31-DNM-F,15,3009600,78000,361152,135432,3500,0,0,ONLINE,온라인몰,Denim Dress,DRESS,BETA-00-5-1,1,KR,KRW,CUST-0061,서울,성동구,paid
2026-08-23T17:09:00.000Z,29CM,FRAME-31-DNM-F,15,3078000,78000,430920,123120,3500,0,0,ONLINE,온라인몰,Denim Dress,DRESS,BETA-00-5-2,1,KR,KRW,CUST-0066,서울,강남구,paid
2026-08-23T18:16:00.000Z,네이버,FRAME-31-DNM-F,15,3214800,78000,257184,80370,3500,0,0,ONLINE,온라인몰,Denim Dress,DRESS,BETA-00-5-3,1,KR,KRW,CUST-0071,경기,성남시,paid
2026-08-23T19:23:00.000Z,W컨셉,FRAME-31-DNM-F,15,2941200,78000,441180,102942,3500,0,0,ONLINE,온라인몰,Denim Dress,DRESS,BETA-00-5-4,1,KR,KRW,CUST-0076,부산,해운대구,paid
2026-08-23T20:30:00.000Z,매장 POS,FRAME-31-DNM-F,14,3128160,78000,62563,31282,0,0,0,STORE-SHANGHAI,상하이 IFC,Denim Dress,DRESS,BETA-00-5-5,1,CN,KRW,CUST-0081,인천,연수구,paid
2026-08-23T16:06:00.000Z,자사몰,SHEER-15-WHT-F,16,1536480,31000,61459,53777,3500,0,0,ONLINE,온라인몰,Sheer Layer Top,TOP,BETA-00-6-0,1,KR,KRW,CUST-0067,서울,성동구,paid
2026-08-23T17:13:00.000Z,무신사,SHEER-15-WHT-F,16,1393920,31000,167270,62726,3500,0,0,ONLINE,온라인몰,Sheer Layer Top,TOP,BETA-00-6-1,1,KR,KRW,CUST-0072,서울,강남구,paid
2026-08-23T18:20:00.000Z,29CM,SHEER-15-WHT-F,16,1425600,31000,199584,57024,3500,0,0,ONLINE,온라인몰,Sheer Layer Top,TOP,BETA-00-6-2,1,KR,KRW,CUST-0077,경기,성남시,paid
2026-08-23T19:27:00.000Z,네이버,SHEER-15-WHT-F,15,1395900,31000,111672,34898,3500,0,0,ONLINE,온라인몰,Sheer Layer Top,TOP,BETA-00-6-3,1,KR,KRW,CUST-0082,부산,해운대구,paid
2026-08-23T20:34:00.000Z,W컨셉,SHEER-15-WHT-F,15,1277100,31000,191565,44699,3500,0,0,ONLINE,온라인몰,Sheer Layer Top,TOP,BETA-00-6-4,1,KR,KRW,CUST-0087,인천,연수구,paid
2026-08-23T21:41:00.000Z,매장 POS,SHEER-15-WHT-F,14,1358280,31000,27166,13583,0,0,0,DC-ONLINE,온라인 DC,Sheer Layer Top,TOP,BETA-00-6-5,1,CN,KRW,CUST-0092,대구,수성구,paid
2026-08-23T17:17:00.000Z,자사몰,FORM-12-BLK-F,17,4419320,91000,176773,154676,3500,0,0,ONLINE,온라인몰,Relaxed Blazer,OUTER,BETA-00-7-0,1,KR,KRW,CUST-0078,서울,강남구,paid
2026-08-23T18:24:00.000Z,무신사,FORM-12-BLK-F,16,3773440,91000,452813,169805,3500,0,0,ONLINE,온라인몰,Relaxed Blazer,OUTER,BETA-00-7-1,1,KR,KRW,CUST-0083,경기,성남시,paid
2026-08-23T19:31:00.000Z,29CM,FORM-12-BLK-F,16,3859200,91000,540288,154368,3500,0,0,ONLINE,온라인몰,Relaxed Blazer,OUTER,BETA-00-7-2,1,KR,KRW,CUST-0088,부산,해운대구,paid
2026-08-23T20:38:00.000Z,네이버,FORM-12-BLK-F,15,3778800,91000,302304,94470,3500,0,0,ONLINE,온라인몰,Relaxed Blazer,OUTER,BETA-00-7-3,1,KR,KRW,CUST-0093,인천,연수구,paid
2026-08-23T21:45:00.000Z,W컨셉,FORM-12-BLK-F,15,3457200,91000,518580,121002,3500,0,0,ONLINE,온라인몰,Relaxed Blazer,OUTER,BETA-00-7-4,1,KR,KRW,CUST-0098,대구,수성구,paid
2026-08-23T10:52:00.000Z,매장 POS,FORM-12-BLK-F,14,3676960,91000,73539,36770,0,0,0,ONLINE,온라인몰,Relaxed Blazer,OUTER,BETA-00-7-5,1,CN,KRW,CUST-0103,서울,성동구,paid
2026-08-22T11:00:00.000Z,자사몰,ARC-07-BLK-F,4,962240,82000,38490,33678,3500,0,0,ONLINE,온라인몰,Utility Jacket,OUTER,BETA-01-0-0,1,KR,KRW,CUST-0038,서울,강남구,paid
2026-08-22T12:07:00.000Z,무신사,ARC-07-BLK-F,6,1309440,82000,157133,58925,3500,0,0,ONLINE,온라인몰,Utility Jacket,OUTER,BETA-01-0-1,1,KR,KRW,CUST-0043,경기,성남시,paid
2026-08-22T13:14:00.000Z,29CM,ARC-07-BLK-F,7,1562400,82000,218736,62496,3500,0,0,ONLINE,온라인몰,Utility Jacket,OUTER,BETA-01-0-2,1,KR,KRW,CUST-0048,부산,해운대구,paid
2026-08-22T14:21:00.000Z,네이버,ARC-07-BLK-F,8,1864960,82000,149197,46624,3500,0,0,ONLINE,온라인몰,Utility Jacket,OUTER,BETA-01-0-3,1,KR,KRW,CUST-0053,인천,연수구,paid
2026-08-22T15:28:00.000Z,W컨셉,ARC-07-BLK-F,9,1919520,82000,287928,67183,3500,0,0,ONLINE,온라인몰,Utility Jacket,OUTER,BETA-01-0-4,1,KR,KRW,CUST-0058,대구,수성구,paid
2026-08-22T16:35:00.000Z,매장 POS,ARC-07-BLK-F,10,2430400,82000,48608,24304,0,0,0,STORE-SEONGSU,성수 플래그십,Utility Jacket,OUTER,BETA-01-0-5,1,KR,KRW,CUST-0063,서울,성동구,paid
2026-08-22T12:11:00.000Z,자사몰,FLOW-22-BLK-F,6,919560,51000,36782,32185,3500,0,0,ONLINE,온라인몰,Drape Pants,BOTTOM,BETA-01-1-0,1,KR,KRW,CUST-0049,경기,성남시,paid
2026-08-22T13:18:00.000Z,무신사,FLOW-22-BLK-F,8,1112320,51000,133478,50054,3500,0,0,ONLINE,온라인몰,Drape Pants,BOTTOM,BETA-01-1-1,1,KR,KRW,CUST-0054,부산,해운대구,paid
2026-08-22T14:25:00.000Z,29CM,FLOW-22-BLK-F,9,1279800,51000,179172,51192,3500,0,0,ONLINE,온라인몰,Drape Pants,BOTTOM,BETA-01-1-2,1,KR,KRW,CUST-0059,인천,연수구,paid
2026-08-22T15:32:00.000Z,네이버,FLOW-22-BLK-F,10,1485200,51000,118816,37130,3500,0,0,ONLINE,온라인몰,Drape Pants,BOTTOM,BETA-01-1-3,1,KR,KRW,CUST-0064,대구,수성구,paid
2026-08-22T16:39:00.000Z,W컨셉,FLOW-22-BLK-F,11,1494680,51000,224202,52314,3500,0,0,ONLINE,온라인몰,Drape Pants,BOTTOM,BETA-01-1-4,1,KR,KRW,CUST-0069,서울,성동구,paid
2026-08-22T17:46:00.000Z,매장 POS,FLOW-22-BLK-F,11,1703240,51000,34065,17032,0,0,0,STORE-GANGNAM,강남점,Drape Pants,BOTTOM,BETA-01-1-5,1,KR,KRW,CUST-0074,서울,강남구,paid
2026-08-22T13:22:00.000Z,자사몰,EASE-19-IVY-F,8,690640,27000,27626,24172,3500,0,0,ONLINE,온라인몰,Layer Top,TOP,BETA-01-2-0,1,KR,KRW,CUST-0060,부산,해운대구,paid
2026-08-22T14:29:00.000Z,무신사,EASE-19-IVY-F,10,783200,27000,93984,35244,3500,0,0,ONLINE,온라인몰,Layer Top,TOP,BETA-01-2-1,1,KR,KRW,CUST-0065,인천,연수구,paid
2026-08-22T15:36:00.000Z,29CM,EASE-19-IVY-F,11,881100,27000,123354,35244,3500,0,0,ONLINE,온라인몰,Layer Top,TOP,BETA-01-2-2,1,KR,KRW,CUST-0070,대구,수성구,paid
2026-08-22T16:43:00.000Z,네이버,EASE-19-IVY-F,12,1003920,27000,80314,25098,3500,0,0,ONLINE,온라인몰,Layer Top,TOP,BETA-01-2-3,1,KR,KRW,CUST-0075,서울,성동구,paid
2026-08-22T17:50:00.000Z,W컨셉,EASE-19-IVY-F,12,918480,27000,137772,32147,3500,0,0,ONLINE,온라인몰,Layer Top,TOP,BETA-01-2-4,1,KR,KRW,CUST-0080,서울,강남구,paid
2026-08-22T18:57:00.000Z,매장 POS,EASE-19-IVY-F,12,1046640,27000,20933,10466,0,0,0,STORE-HANNAM,한남점,Layer Top,TOP,BETA-01-2-5,1,KR,KRW,CUST-0085,경기,성남시,paid
2026-08-22T14:33:00.000Z,자사몰,CORE-08-GRY-F,10,1154300,39000,46172,40401,3500,0,0,ONLINE,온라인몰,Core Knit,TOP,BETA-01-3-0,1,KR,KRW,CUST-0071,인천,연수구,paid
2026-08-22T15:40:00.000Z,무신사,CORE-08-GRY-F,12,1256640,39000,150797,56549,3500,0,0,ONLINE,온라인몰,Core Knit,TOP,BETA-01-3-1,1,KR,KRW,CUST-0076,대구,수성구,paid
2026-08-22T16:47:00.000Z,29CM,CORE-08-GRY-F,12,1285200,39000,179928,51408,3500,0,0,ONLINE,온라인몰,Core Knit,TOP,BETA-01-3-2,1,KR,KRW,CUST-0081,서울,성동구,paid
2026-08-22T17:54:00.000Z,네이버,CORE-08-GRY-F,13,1454180,39000,116334,36355,3500,0,0,ONLINE,온라인몰,Core Knit,TOP,BETA-01-3-3,1,KR,KRW,CUST-0086,서울,강남구,paid
2026-08-22T18:01:00.000Z,W컨셉,CORE-08-GRY-F,13,1330420,39000,199563,46565,3500,0,0,ONLINE,온라인몰,Core Knit,TOP,BETA-01-3-4,1,KR,KRW,CUST-0091,경기,성남시,paid
2026-08-22T19:08:00.000Z,매장 POS,CORE-08-GRY-F,13,1516060,39000,30321,15161,0,0,0,STORE-BUSAN,부산 센텀,Core Knit,TOP,BETA-01-3-5,1,KR,KRW,CUST-0096,부산,해운대구,paid
2026-08-22T15:44:00.000Z,자사몰,AIR-24-NVY-F,12,2304720,65000,92189,80665,3500,0,0,ONLINE,온라인몰,Volume Dress,DRESS,BETA-01-4-0,1,KR,KRW,CUST-0082,대구,수성구,paid
2026-08-22T16:51:00.000Z,무신사,AIR-24-NVY-F,13,2265120,65000,271814,101930,3500,0,0,ONLINE,온라인몰,Volume Dress,DRESS,BETA-01-4-1,1,KR,KRW,CUST-0087,서울,성동구,paid
2026-08-22T17:58:00.000Z,29CM,AIR-24-NVY-F,13,2316600,65000,324324,92664,3500,0,0,ONLINE,온라인몰,Volume Dress,DRESS,BETA-01-4-2,1,KR,KRW,CUST-0092,서울,강남구,paid
2026-08-22T18:05:00.000Z,네이버,AIR-24-NVY-F,14,2605680,65000,208454,65142,3500,0,0,ONLINE,온라인몰,Volume Dress,DRESS,BETA-01-4-3,1,KR,KRW,CUST-0097,경기,성남시,paid
2026-08-22T19:12:00.000Z,W컨셉,AIR-24-NVY-F,13,2213640,65000,332046,77477,3500,0,0,ONLINE,온라인몰,Volume Dress,DRESS,BETA-01-4-4,1,KR,KRW,CUST-0102,부산,해운대구,paid
2026-08-22T20:19:00.000Z,매장 POS,AIR-24-NVY-F,13,2522520,65000,50450,25225,0,0,0,STORE-SHANGHAI,상하이 IFC,Volume Dress,DRESS,BETA-01-4-5,1,KR,KRW,CUST-0107,인천,연수구,paid
2026-08-22T16:55:00.000Z,자사몰,FRAME-31-DNM-F,14,3096240,78000,123850,108368,3500,0,0,ONLINE,온라인몰,Denim Dress,DRESS,BETA-01-5-0,1,KR,KRW,CUST-0093,서울,성동구,paid
2026-08-22T17:02:00.000Z,무신사,FRAME-31-DNM-F,14,2808960,78000,337075,126403,3500,0,0,ONLINE,온라인몰,Denim Dress,DRESS,BETA-01-5-1,1,KR,KRW,CUST-0098,서울,강남구,paid
2026-08-22T18:09:00.000Z,29CM,FRAME-31-DNM-F,14,2872800,78000,402192,114912,3500,0,0,ONLINE,온라인몰,Denim Dress,DRESS,BETA-01-5-2,1,KR,KRW,CUST-0103,경기,성남시,paid
2026-08-22T19:16:00.000Z,네이버,FRAME-31-DNM-F,14,3000480,78000,240038,75012,3500,0,0,ONLINE,온라인몰,Denim Dress,DRESS,BETA-01-5-3,1,KR,KRW,CUST-0108,부산,해운대구,paid
2026-08-22T20:23:00.000Z,W컨셉,FRAME-31-DNM-F,13,2549040,78000,382356,89216,3500,0,0,ONLINE,온라인몰,Denim Dress,DRESS,BETA-01-5-4,1,KR,KRW,CUST-0113,인천,연수구,paid
2026-08-22T21:30:00.000Z,매장 POS,FRAME-31-DNM-F,13,2904720,78000,58094,29047,0,0,0,DC-ONLINE,온라인 DC,Denim Dress,DRESS,BETA-01-5-5,1,KR,KRW,CUST-0118,대구,수성구,paid
2026-08-22T17:06:00.000Z,자사몰,SHEER-15-WHT-F,15,1440450,31000,57618,50416,3500,0,0,ONLINE,온라인몰,Sheer Layer Top,TOP,BETA-01-6-0,1,KR,KRW,CUST-0104,서울,강남구,paid
2026-08-22T18:13:00.000Z,무신사,SHEER-15-WHT-F,15,1306800,31000,156816,58806,3500,0,0,ONLINE,온라인몰,Sheer Layer Top,TOP,BETA-01-6-1,1,KR,KRW,CUST-0109,경기,성남시,paid
2026-08-22T19:20:00.000Z,29CM,SHEER-15-WHT-F,15,1336500,31000,187110,53460,3500,0,0,ONLINE,온라인몰,Sheer Layer Top,TOP,BETA-01-6-2,1,KR,KRW,CUST-0114,부산,해운대구,paid
2026-08-22T20:27:00.000Z,네이버,SHEER-15-WHT-F,14,1302840,31000,104227,32571,3500,0,0,ONLINE,온라인몰,Sheer Layer Top,TOP,BETA-01-6-3,1,KR,KRW,CUST-0119,인천,연수구,paid
2026-08-22T21:34:00.000Z,W컨셉,SHEER-15-WHT-F,13,1106820,31000,166023,38739,3500,0,0,ONLINE,온라인몰,Sheer Layer Top,TOP,BETA-01-6-4,1,KR,KRW,CUST-0124,대구,수성구,paid
2026-08-22T10:41:00.000Z,매장 POS,SHEER-15-WHT-F,13,1261260,31000,25225,12613,0,0,0,ONLINE,온라인몰,Sheer Layer Top,TOP,BETA-01-6-5,1,KR,KRW,CUST-0129,서울,성동구,paid
2026-08-22T18:17:00.000Z,자사몰,FORM-12-BLK-F,16,4159360,91000,166374,145578,3500,0,0,ONLINE,온라인몰,Relaxed Blazer,OUTER,BETA-01-7-0,1,KR,KRW,CUST-0115,경기,성남시,paid
2026-08-22T19:24:00.000Z,무신사,FORM-12-BLK-F,15,3537600,91000,424512,159192,3500,0,0,ONLINE,온라인몰,Relaxed Blazer,OUTER,BETA-01-7-1,1,KR,KRW,CUST-0120,부산,해운대구,paid
2026-08-22T20:31:00.000Z,29CM,FORM-12-BLK-F,15,3618000,91000,506520,144720,3500,0,0,ONLINE,온라인몰,Relaxed Blazer,OUTER,BETA-01-7-2,1,KR,KRW,CUST-0125,인천,연수구,paid
2026-08-22T21:38:00.000Z,네이버,FORM-12-BLK-F,14,3526880,91000,282150,88172,3500,0,0,ONLINE,온라인몰,Relaxed Blazer,OUTER,BETA-01-7-3,1,KR,KRW,CUST-0130,대구,수성구,paid
2026-08-22T10:45:00.000Z,W컨셉,FORM-12-BLK-F,13,2996240,91000,449436,104868,3500,0,0,ONLINE,온라인몰,Relaxed Blazer,OUTER,BETA-01-7-4,1,KR,KRW,CUST-0135,서울,성동구,paid
2026-08-22T11:52:00.000Z,매장 POS,FORM-12-BLK-F,13,3414320,91000,68286,34143,0,0,0,STORE-SEONGSU,성수 플래그십,Relaxed Blazer,OUTER,BETA-01-7-5,1,KR,KRW,CUST-0140,서울,강남구,paid
2026-08-21T12:00:00.000Z,자사몰,ARC-07-BLK-F,5,1202800,82000,48112,42098,3500,0,0,ONLINE,온라인몰,Utility Jacket,OUTER,BETA-02-0-0,1,KR,KRW,CUST-0075,경기,성남시,paid
2026-08-21T13:07:00.000Z,무신사,ARC-07-BLK-F,6,1309440,82000,157133,58925,3500,0,0,ONLINE,온라인몰,Utility Jacket,OUTER,BETA-02-0-1,1,KR,KRW,CUST-0080,부산,해운대구,paid
2026-08-21T14:14:00.000Z,29CM,ARC-07-BLK-F,7,1562400,82000,218736,62496,3500,0,0,ONLINE,온라인몰,Utility Jacket,OUTER,BETA-02-0-2,1,KR,KRW,CUST-0085,인천,연수구,paid
2026-08-21T15:21:00.000Z,네이버,ARC-07-BLK-F,8,1864960,82000,149197,46624,3500,0,0,ONLINE,온라인몰,Utility Jacket,OUTER,BETA-02-0-3,1,KR,KRW,CUST-0090,대구,수성구,paid
2026-08-21T16:28:00.000Z,W컨셉,ARC-07-BLK-F,9,1919520,82000,287928,67183,3500,0,0,ONLINE,온라인몰,Utility Jacket,OUTER,BETA-02-0-4,1,KR,KRW,CUST-0095,서울,성동구,paid
2026-08-21T17:35:00.000Z,매장 POS,ARC-07-BLK-F,10,2430400,82000,48608,24304,0,0,0,STORE-GANGNAM,강남점,Utility Jacket,OUTER,BETA-02-0-5,1,KR,KRW,CUST-0100,서울,강남구,paid
2026-08-21T13:11:00.000Z,자사몰,FLOW-22-BLK-F,7,1072820,51000,42913,37549,3500,0,0,ONLINE,온라인몰,Drape Pants,BOTTOM,BETA-02-1-0,1,KR,KRW,CUST-0086,부산,해운대구,paid
2026-08-21T14:18:00.000Z,무신사,FLOW-22-BLK-F,8,1112320,51000,133478,50054,3500,0,0,ONLINE,온라인몰,Drape Pants,BOTTOM,BETA-02-1-1,1,KR,KRW,CUST-0091,인천,연수구,paid
2026-08-21T15:25:00.000Z,29CM,FLOW-22-BLK-F,9,1279800,51000,179172,51192,3500,0,0,ONLINE,온라인몰,Drape Pants,BOTTOM,BETA-02-1-2,1,KR,KRW,CUST-0096,대구,수성구,paid
2026-08-21T16:32:00.000Z,네이버,FLOW-22-BLK-F,10,1485200,51000,118816,37130,3500,0,0,ONLINE,온라인몰,Drape Pants,BOTTOM,BETA-02-1-3,1,KR,KRW,CUST-0101,서울,성동구,paid
2026-08-21T17:39:00.000Z,W컨셉,FLOW-22-BLK-F,10,1358800,51000,203820,47558,3500,0,0,ONLINE,온라인몰,Drape Pants,BOTTOM,BETA-02-1-4,1,KR,KRW,CUST-0106,서울,강남구,paid
2026-08-21T18:46:00.000Z,매장 POS,FLOW-22-BLK-F,11,1703240,51000,34065,17032,0,0,0,STORE-HANNAM,한남점,Drape Pants,BOTTOM,BETA-02-1-5,1,KR,KRW,CUST-0111,경기,성남시,paid
2026-08-21T14:22:00.000Z,자사몰,EASE-19-IVY-F,9,776970,27000,31079,27194,3500,0,0,ONLINE,온라인몰,Layer Top,TOP,BETA-02-2-0,1,KR,KRW,CUST-0097,인천,연수구,paid
2026-08-21T15:29:00.000Z,무신사,EASE-19-IVY-F,10,783200,27000,93984,35244,3500,0,0,ONLINE,온라인몰,Layer Top,TOP,BETA-02-2-1,1,KR,KRW,CUST-0102,대구,수성구,paid
2026-08-21T16:36:00.000Z,29CM,EASE-19-IVY-F,11,881100,27000,123354,35244,3500,0,0,ONLINE,온라인몰,Layer Top,TOP,BETA-02-2-2,1,KR,KRW,CUST-0107,서울,성동구,paid
2026-08-21T17:43:00.000Z,네이버,EASE-19-IVY-F,11,920260,27000,73621,23007,3500,0,0,ONLINE,온라인몰,Layer Top,TOP,BETA-02-2-3,1,KR,KRW,CUST-0112,서울,강남구,paid
2026-08-21T18:50:00.000Z,W컨셉,EASE-19-IVY-F,11,841940,27000,126291,29468,3500,0,0,ONLINE,온라인몰,Layer Top,TOP,BETA-02-2-4,1,KR,KRW,CUST-0117,경기,성남시,paid
2026-08-21T19:57:00.000Z,매장 POS,EASE-19-IVY-F,11,959420,27000,19188,9594,0,0,0,STORE-BUSAN,부산 센텀,Layer Top,TOP,BETA-02-2-5,1,KR,KRW,CUST-0122,부산,해운대구,paid
2026-08-21T15:33:00.000Z,자사몰,CORE-08-GRY-F,10,1154300,39000,46172,40401,3500,0,0,ONLINE,온라인몰,Core Knit,TOP,BETA-02-3-0,1,KR,KRW,CUST-0108,대구,수성구,paid
2026-08-21T16:40:00.000Z,무신사,CORE-08-GRY-F,11,1151920,39000,138230,51836,3500,0,0,ONLINE,온라인몰,Core Knit,TOP,BETA-02-3-1,1,KR,KRW,CUST-0113,서울,성동구,paid
2026-08-21T17:47:00.000Z,29CM,CORE-08-GRY-F,12,1285200,39000,179928,51408,3500,0,0,ONLINE,온라인몰,Core Knit,TOP,BETA-02-3-2,1,KR,KRW,CUST-0118,서울,강남구,paid
2026-08-21T18:54:00.000Z,네이버,CORE-08-GRY-F,12,1342320,39000,107386,33558,3500,0,0,ONLINE,온라인몰,Core Knit,TOP,BETA-02-3-3,1,KR,KRW,CUST-0123,경기,성남시,paid
2026-08-21T19:01:00.000Z,W컨셉,CORE-08-GRY-F,12,1228080,39000,184212,42983,3500,0,0,ONLINE,온라인몰,Core Knit,TOP,BETA-02-3-4,1,KR,KRW,CUST-0128,부산,해운대구,paid
2026-08-21T20:08:00.000Z,매장 POS,CORE-08-GRY-F,12,1399440,39000,27989,13994,0,0,0,STORE-SHANGHAI,상하이 IFC,Core Knit,TOP,BETA-02-3-5,1,KR,KRW,CUST-0133,인천,연수구,paid
2026-08-21T16:44:00.000Z,자사몰,AIR-24-NVY-F,12,2304720,65000,92189,80665,3500,0,0,ONLINE,온라인몰,Volume Dress,DRESS,BETA-02-4-0,1,KR,KRW,CUST-0119,서울,성동구,paid
2026-08-21T17:51:00.000Z,무신사,AIR-24-NVY-F,13,2265120,65000,271814,101930,3500,0,0,ONLINE,온라인몰,Volume Dress,DRESS,BETA-02-4-1,1,KR,KRW,CUST-0124,서울,강남구,paid
2026-08-21T18:58:00.000Z,29CM,AIR-24-NVY-F,13,2316600,65000,324324,92664,3500,0,0,ONLINE,온라인몰,Volume Dress,DRESS,BETA-02-4-2,1,KR,KRW,CUST-0129,경기,성남시,paid
2026-08-21T19:05:00.000Z,네이버,AIR-24-NVY-F,12,2233440,65000,178675,55836,3500,0,0,ONLINE,온라인몰,Volume Dress,DRESS,BETA-02-4-3,1,KR,KRW,CUST-0134,부산,해운대구,paid
2026-08-21T20:12:00.000Z,W컨셉,AIR-24-NVY-F,12,2043360,65000,306504,71518,3500,0,0,ONLINE,온라인몰,Volume Dress,DRESS,BETA-02-4-4,1,KR,KRW,CUST-0139,인천,연수구,paid
2026-08-21T21:19:00.000Z,매장 POS,AIR-24-NVY-F,12,2328480,65000,46570,23285,0,0,0,DC-ONLINE,온라인 DC,Volume Dress,DRESS,BETA-02-4-5,1,KR,KRW,CUST-0144,대구,수성구,paid
2026-08-21T17:55:00.000Z,자사몰,FRAME-31-DNM-F,13,2875080,78000,115003,100628,3500,0,0,ONLINE,온라인몰,Denim Dress,DRESS,BETA-02-5-0,1,KR,KRW,CUST-0130,서울,강남구,paid
2026-08-21T18:02:00.000Z,무신사,FRAME-31-DNM-F,13,2608320,78000,312998,117374,3500,0,0,ONLINE,온라인몰,Denim Dress,DRESS,BETA-02-5-1,1,KR,KRW,CUST-0135,경기,성남시,paid
2026-08-21T19:09:00.000Z,29CM,FRAME-31-DNM-F,13,2667600,78000,373464,106704,3500,0,0,ONLINE,온라인몰,Denim Dress,DRESS,BETA-02-5-2,1,KR,KRW,CUST-0140,부산,해운대구,paid
2026-08-21T20:16:00.000Z,네이버,FRAME-31-DNM-F,13,2786160,78000,222893,69654,3500,0,0,ONLINE,온라인몰,Denim Dress,DRESS,BETA-02-5-3,1,KR,KRW,CUST-0145,인천,연수구,paid
2026-08-21T21:23:00.000Z,W컨셉,FRAME-31-DNM-F,12,2352960,78000,352944,82354,3500,0,0,ONLINE,온라인몰,Denim Dress,DRESS,BETA-02-5-4,1,KR,KRW,CUST-0150,대구,수성구,paid
2026-08-21T10:30:00.000Z,매장 POS,FRAME-31-DNM-F,12,2681280,78000,53626,26813,0,0,0,ONLINE,온라인몰,Denim Dress,DRESS,BETA-02-5-5,1,KR,KRW,CUST-0155,서울,성동구,paid
2026-08-21T18:06:00.000Z,자사몰,SHEER-15-WHT-F,14,1344420,31000,53777,47055,3500,0,0,ONLINE,온라인몰,Sheer Layer Top,TOP,BETA-02-6-0,1,KR,KRW,CUST-0141,경기,성남시,paid
2026-08-21T19:13:00.000Z,무신사,SHEER-15-WHT-F,14,1219680,31000,146362,54886,3500,0,0,ONLINE,온라인몰,Sheer Layer Top,TOP,BETA-02-6-1,1,KR,KRW,CUST-0146,부산,해운대구,paid
2026-08-21T20:20:00.000Z,29CM,SHEER-15-WHT-F,13,1158300,31000,162162,46332,3500,0,0,ONLINE,온라인몰,Sheer Layer Top,TOP,BETA-02-6-2,1,KR,KRW,CUST-0151,인천,연수구,paid
2026-08-21T21:27:00.000Z,네이버,SHEER-15-WHT-F,13,1209780,31000,96782,30245,3500,0,0,ONLINE,온라인몰,Sheer Layer Top,TOP,BETA-02-6-3,1,KR,KRW,CUST-0156,대구,수성구,paid
2026-08-21T10:34:00.000Z,W컨셉,SHEER-15-WHT-F,12,1021680,31000,153252,35759,3500,0,0,ONLINE,온라인몰,Sheer Layer Top,TOP,BETA-02-6-4,1,KR,KRW,CUST-0161,서울,성동구,paid
2026-08-21T11:41:00.000Z,매장 POS,SHEER-15-WHT-F,12,1164240,31000,23285,11642,0,0,0,STORE-SEONGSU,성수 플래그십,Sheer Layer Top,TOP,BETA-02-6-5,1,KR,KRW,CUST-0166,서울,강남구,paid
2026-08-21T19:17:00.000Z,자사몰,FORM-12-BLK-F,14,3639440,91000,145578,127380,3500,0,0,ONLINE,온라인몰,Relaxed Blazer,OUTER,BETA-02-7-0,1,KR,KRW,CUST-0152,부산,해운대구,paid
2026-08-21T20:24:00.000Z,무신사,FORM-12-BLK-F,14,3301760,91000,396211,148579,3500,0,0,ONLINE,온라인몰,Relaxed Blazer,OUTER,BETA-02-7-1,1,KR,KRW,CUST-0157,인천,연수구,paid
2026-08-21T21:31:00.000Z,29CM,FORM-12-BLK-F,13,3135600,91000,438984,125424,3500,0,0,ONLINE,온라인몰,Relaxed Blazer,OUTER,BETA-02-7-2,1,KR,KRW,CUST-0162,대구,수성구,paid
2026-08-21T10:38:00.000Z,네이버,FORM-12-BLK-F,13,3274960,91000,261997,81874,3500,0,0,ONLINE,온라인몰,Relaxed Blazer,OUTER,BETA-02-7-3,1,KR,KRW,CUST-0167,서울,성동구,paid
2026-08-21T11:45:00.000Z,W컨셉,FORM-12-BLK-F,13,0,91000,0,0,3500,0,0,ONLINE,온라인몰,Relaxed Blazer,OUTER,BETA-02-7-4,1,KR,KRW,CUST-0172,서울,강남구,cancelled
2026-08-21T12:52:00.000Z,매장 POS,FORM-12-BLK-F,13,3414320,91000,68286,34143,0,0,0,STORE-GANGNAM,강남점,Relaxed Blazer,OUTER,BETA-02-7-5,1,KR,KRW,CUST-0177,경기,성남시,paid
2026-08-20T13:00:00.000Z,자사몰,ARC-07-BLK-F,5,1202800,82000,48112,42098,3500,0,0,ONLINE,온라인몰,Utility Jacket,OUTER,BETA-03-0-0,1,KR,KRW,CUST-0112,부산,해운대구,paid
2026-08-20T14:07:00.000Z,무신사,ARC-07-BLK-F,6,1309440,82000,157133,58925,3500,0,0,ONLINE,온라인몰,Utility Jacket,OUTER,BETA-03-0-1,1,KR,KRW,CUST-0117,인천,연수구,paid
2026-08-20T15:14:00.000Z,29CM,ARC-07-BLK-F,7,1562400,82000,218736,62496,3500,0,0,ONLINE,온라인몰,Utility Jacket,OUTER,BETA-03-0-2,1,KR,KRW,CUST-0122,대구,수성구,paid
2026-08-20T16:21:00.000Z,네이버,ARC-07-BLK-F,8,1864960,82000,149197,46624,3500,0,0,ONLINE,온라인몰,Utility Jacket,OUTER,BETA-03-0-3,1,KR,KRW,CUST-0127,서울,성동구,paid
2026-08-20T17:28:00.000Z,W컨셉,ARC-07-BLK-F,9,1919520,82000,287928,67183,3500,0,0,ONLINE,온라인몰,Utility Jacket,OUTER,BETA-03-0-4,1,KR,KRW,CUST-0132,서울,강남구,paid
2026-08-20T18:35:00.000Z,매장 POS,ARC-07-BLK-F,9,2187360,82000,43747,21874,0,0,0,STORE-HANNAM,한남점,Utility Jacket,OUTER,BETA-03-0-5,1,KR,KRW,CUST-0137,경기,성남시,paid
2026-08-20T14:11:00.000Z,자사몰,FLOW-22-BLK-F,7,1072820,51000,42913,37549,3500,0,0,ONLINE,온라인몰,Drape Pants,BOTTOM,BETA-03-1-0,1,KR,KRW,CUST-0123,인천,연수구,paid
2026-08-20T15:18:00.000Z,무신사,FLOW-22-BLK-F,8,1112320,51000,133478,50054,3500,0,0,ONLINE,온라인몰,Drape Pants,BOTTOM,BETA-03-1-1,1,KR,KRW,CUST-0128,대구,수성구,paid
2026-08-20T16:25:00.000Z,29CM,FLOW-22-BLK-F,9,1279800,51000,179172,51192,3500,0,0,ONLINE,온라인몰,Drape Pants,BOTTOM,BETA-03-1-2,1,KR,KRW,CUST-0133,서울,성동구,paid
2026-08-20T17:32:00.000Z,네이버,FLOW-22-BLK-F,9,1336680,51000,106934,33417,3500,0,0,ONLINE,온라인몰,Drape Pants,BOTTOM,BETA-03-1-3,1,KR,KRW,CUST-0138,서울,강남구,paid
2026-08-20T18:39:00.000Z,W컨셉,FLOW-22-BLK-F,10,1358800,51000,203820,47558,3500,0,0,ONLINE,온라인몰,Drape Pants,BOTTOM,BETA-03-1-4,1,KR,KRW,CUST-0143,경기,성남시,paid
2026-08-20T19:46:00.000Z,매장 POS,FLOW-22-BLK-F,10,1548400,51000,30968,15484,0,0,0,STORE-BUSAN,부산 센텀,Drape Pants,BOTTOM,BETA-03-1-5,1,KR,KRW,CUST-0148,부산,해운대구,paid
2026-08-20T15:22:00.000Z,자사몰,EASE-19-IVY-F,9,776970,27000,31079,27194,3500,0,0,ONLINE,온라인몰,Layer Top,TOP,BETA-03-2-0,1,KR,KRW,CUST-0134,대구,수성구,paid
2026-08-20T16:29:00.000Z,무신사,EASE-19-IVY-F,10,783200,27000,93984,35244,3500,0,0,ONLINE,온라인몰,Layer Top,TOP,BETA-03-2-1,1,KR,KRW,CUST-0139,서울,성동구,paid
2026-08-20T17:36:00.000Z,29CM,EASE-19-IVY-F,10,801000,27000,112140,32040,3500,0,0,ONLINE,온라인몰,Layer Top,TOP,BETA-03-2-2,1,KR,KRW,CUST-0144,서울,강남구,paid
2026-08-20T18:43:00.000Z,네이버,EASE-19-IVY-F,10,836600,27000,66928,20915,3500,0,0,ONLINE,온라인몰,Layer Top,TOP,BETA-03-2-3,1,KR,KRW,CUST-0149,경기,성남시,paid
2026-08-20T19:50:00.000Z,W컨셉,EASE-19-IVY-F,10,765400,27000,114810,26789,3500,0,0,ONLINE,온라인몰,Layer Top,TOP,BETA-03-2-4,1,KR,KRW,CUST-0154,부산,해운대구,paid
2026-08-20T20:57:00.000Z,매장 POS,EASE-19-IVY-F,10,872200,27000,17444,8722,0,0,0,STORE-SHANGHAI,상하이 IFC,Layer Top,TOP,BETA-03-2-5,1,KR,KRW,CUST-0159,인천,연수구,paid
2026-08-20T16:33:00.000Z,자사몰,CORE-08-GRY-F,10,1154300,39000,46172,40401,3500,0,0,ONLINE,온라인몰,Core Knit,TOP,BETA-03-3-0,1,KR,KRW,CUST-0145,서울,성동구,paid
2026-08-20T17:40:00.000Z,무신사,CORE-08-GRY-F,11,1151920,39000,138230,51836,3500,0,0,ONLINE,온라인몰,Core Knit,TOP,BETA-03-3-1,1,KR,KRW,CUST-0150,서울,강남구,paid
2026-08-20T18:47:00.000Z,29CM,CORE-08-GRY-F,11,1178100,39000,164934,47124,3500,0,0,ONLINE,온라인몰,Core Knit,TOP,BETA-03-3-2,1,KR,KRW,CUST-0155,경기,성남시,paid
2026-08-20T19:54:00.000Z,네이버,CORE-08-GRY-F,11,1230460,39000,98437,30762,3500,0,0,ONLINE,온라인몰,Core Knit,TOP,BETA-03-3-3,1,KR,KRW,CUST-0160,부산,해운대구,paid
2026-08-20T20:01:00.000Z,W컨셉,CORE-08-GRY-F,11,1125740,39000,168861,39401,3500,0,0,ONLINE,온라인몰,Core Knit,TOP,BETA-03-3-4,1,KR,KRW,CUST-0165,인천,연수구,paid
2026-08-20T21:08:00.000Z,매장 POS,CORE-08-GRY-F,10,1166200,39000,23324,11662,0,0,0,DC-ONLINE,온라인 DC,Core Knit,TOP,BETA-03-3-5,1,KR,KRW,CUST-0170,대구,수성구,paid
2026-08-20T17:44:00.000Z,자사몰,AIR-24-NVY-F,12,2304720,65000,92189,80665,3500,0,0,ONLINE,온라인몰,Volume Dress,DRESS,BETA-03-4-0,1,KR,KRW,CUST-0156,서울,강남구,paid
2026-08-20T18:51:00.000Z,무신사,AIR-24-NVY-F,12,2090880,65000,250906,94090,3500,0,0,ONLINE,온라인몰,Volume Dress,DRESS,BETA-03-4-1,1,KR,KRW,CUST-0161,경기,성남시,paid
2026-08-20T19:58:00.000Z,29CM,AIR-24-NVY-F,12,2138400,65000,299376,85536,3500,0,0,ONLINE,온라인몰,Volume Dress,DRESS,BETA-03-4-2,1,KR,KRW,CUST-0166,부산,해운대구,paid
2026-08-20T20:05:00.000Z,네이버,AIR-24-NVY-F,11,2047320,65000,163786,51183,3500,0,0,ONLINE,온라인몰,Volume Dress,DRESS,BETA-03-4-3,1,KR,KRW,CUST-0171,인천,연수구,paid
2026-08-20T21:12:00.000Z,W컨셉,AIR-24-NVY-F,11,1873080,65000,280962,65558,3500,0,0,ONLINE,온라인몰,Volume Dress,DRESS,BETA-03-4-4,1,KR,KRW,CUST-0176,대구,수성구,paid
2026-08-20T10:19:00.000Z,매장 POS,AIR-24-NVY-F,11,2134440,65000,42689,21344,0,0,0,ONLINE,온라인몰,Volume Dress,DRESS,BETA-03-4-5,1,KR,KRW,CUST-0181,서울,성동구,paid
2026-08-20T18:55:00.000Z,자사몰,FRAME-31-DNM-F,12,2653920,78000,106157,92887,3500,0,0,ONLINE,온라인몰,Denim Dress,DRESS,BETA-03-5-0,1,KR,KRW,CUST-0167,경기,성남시,paid
2026-08-20T19:02:00.000Z,무신사,FRAME-31-DNM-F,12,2407680,78000,288922,108346,3500,0,0,ONLINE,온라인몰,Denim Dress,DRESS,BETA-03-5-1,1,KR,KRW,CUST-0172,부산,해운대구,paid
2026-08-20T20:09:00.000Z,29CM,FRAME-31-DNM-F,12,2462400,78000,344736,98496,3500,0,0,ONLINE,온라인몰,Denim Dress,DRESS,BETA-03-5-2,1,KR,KRW,CUST-0177,인천,연수구,paid
2026-08-20T21:16:00.000Z,네이버,FRAME-31-DNM-F,12,2571840,78000,205747,64296,3500,0,0,ONLINE,온라인몰,Denim Dress,DRESS,BETA-03-5-3,1,KR,KRW,CUST-0182,대구,수성구,paid
2026-08-20T10:23:00.000Z,W컨셉,FRAME-31-DNM-F,11,2156880,78000,323532,75491,3500,0,0,ONLINE,온라인몰,Denim Dress,DRESS,BETA-03-5-4,1,KR,KRW,CUST-0187,서울,성동구,paid
2026-08-20T11:30:00.000Z,매장 POS,FRAME-31-DNM-F,11,0,78000,0,0,0,0,0,STORE-SEONGSU,성수 플래그십,Denim Dress,DRESS,BETA-03-5-5,1,KR,KRW,CUST-0192,서울,강남구,cancelled
2026-08-20T19:06:00.000Z,자사몰,SHEER-15-WHT-F,13,1248390,31000,49936,43694,3500,0,0,ONLINE,온라인몰,Sheer Layer Top,TOP,BETA-03-6-0,1,KR,KRW,CUST-0178,부산,해운대구,paid
2026-08-20T20:13:00.000Z,무신사,SHEER-15-WHT-F,12,1045440,31000,125453,47045,3500,0,0,ONLINE,온라인몰,Sheer Layer Top,TOP,BETA-03-6-1,1,KR,KRW,CUST-0183,인천,연수구,paid
2026-08-20T21:20:00.000Z,29CM,SHEER-15-WHT-F,12,1069200,31000,149688,42768,3500,0,0,ONLINE,온라인몰,Sheer Layer Top,TOP,BETA-03-6-2,1,KR,KRW,CUST-0188,대구,수성구,paid
2026-08-20T10:27:00.000Z,네이버,SHEER-15-WHT-F,12,1116720,31000,89338,27918,3500,0,0,ONLINE,온라인몰,Sheer Layer Top,TOP,BETA-03-6-3,1,KR,KRW,CUST-0193,서울,성동구,paid
2026-08-20T11:34:00.000Z,W컨셉,SHEER-15-WHT-F,12,1021680,31000,153252,35759,3500,0,0,ONLINE,온라인몰,Sheer Layer Top,TOP,BETA-03-6-4,1,KR,KRW,CUST-0198,서울,강남구,paid
2026-08-20T12:41:00.000Z,매장 POS,SHEER-15-WHT-F,12,1164240,31000,23285,11642,0,0,0,STORE-GANGNAM,강남점,Sheer Layer Top,TOP,BETA-03-6-5,1,KR,KRW,CUST-0203,경기,성남시,paid
2026-08-20T20:17:00.000Z,자사몰,FORM-12-BLK-F,13,3379480,91000,135179,118282,3500,0,0,ONLINE,온라인몰,Relaxed Blazer,OUTER,BETA-03-7-0,1,KR,KRW,CUST-0189,인천,연수구,paid
2026-08-20T21:24:00.000Z,무신사,FORM-12-BLK-F,13,3065920,91000,367910,137966,3500,0,0,ONLINE,온라인몰,Relaxed Blazer,OUTER,BETA-03-7-1,1,KR,KRW,CUST-0194,대구,수성구,paid
2026-08-20T10:31:00.000Z,29CM,FORM-12-BLK-F,12,2894400,91000,405216,115776,3500,0,0,ONLINE,온라인몰,Relaxed Blazer,OUTER,BETA-03-7-2,1,KR,KRW,CUST-0199,서울,성동구,paid
2026-08-20T11:38:00.000Z,네이버,FORM-12-BLK-F,12,3023040,91000,241843,75576,3500,0,0,ONLINE,온라인몰,Relaxed Blazer,OUTER,BETA-03-7-3,1,KR,KRW,CUST-0204,서울,강남구,paid
2026-08-20T12:45:00.000Z,W컨셉,FORM-12-BLK-F,12,2765760,91000,414864,96802,3500,0,0,ONLINE,온라인몰,Relaxed Blazer,OUTER,BETA-03-7-4,1,KR,KRW,CUST-0209,경기,성남시,paid
2026-08-20T13:52:00.000Z,매장 POS,FORM-12-BLK-F,13,3414320,91000,68286,34143,0,0,0,STORE-HANNAM,한남점,Relaxed Blazer,OUTER,BETA-03-7-5,1,KR,KRW,CUST-0214,부산,해운대구,paid
2026-08-19T14:00:00.000Z,자사몰,ARC-07-BLK-F,5,1202800,82000,48112,42098,3500,0,0,ONLINE,온라인몰,Utility Jacket,OUTER,BETA-04-0-0,1,KR,KRW,CUST-0149,인천,연수구,paid
2026-08-19T15:07:00.000Z,무신사,ARC-07-BLK-F,6,1309440,82000,157133,58925,3500,0,0,ONLINE,온라인몰,Utility Jacket,OUTER,BETA-04-0-1,1,KR,KRW,CUST-0154,대구,수성구,paid
2026-08-19T16:14:00.000Z,29CM,ARC-07-BLK-F,7,1562400,82000,218736,62496,3500,0,0,ONLINE,온라인몰,Utility Jacket,OUTER,BETA-04-0-2,1,KR,KRW,CUST-0159,서울,성동구,paid
2026-08-19T17:21:00.000Z,네이버,ARC-07-BLK-F,8,1864960,82000,149197,46624,3500,0,0,ONLINE,온라인몰,Utility Jacket,OUTER,BETA-04-0-3,1,KR,KRW,CUST-0164,서울,강남구,paid
2026-08-19T18:28:00.000Z,W컨셉,ARC-07-BLK-F,8,1706240,82000,255936,59718,3500,0,0,ONLINE,온라인몰,Utility Jacket,OUTER,BETA-04-0-4,1,KR,KRW,CUST-0169,경기,성남시,paid
2026-08-19T19:35:00.000Z,매장 POS,ARC-07-BLK-F,8,1944320,82000,38886,19443,0,0,0,STORE-BUSAN,부산 센텀,Utility Jacket,OUTER,BETA-04-0-5,1,KR,KRW,CUST-0174,부산,해운대구,paid
2026-08-19T15:11:00.000Z,자사몰,FLOW-22-BLK-F,7,1072820,51000,42913,37549,3500,0,0,ONLINE,온라인몰,Drape Pants,BOTTOM,BETA-04-1-0,1,KR,KRW,CUST-0160,대구,수성구,paid
2026-08-19T16:18:00.000Z,무신사,FLOW-22-BLK-F,8,1112320,51000,133478,50054,3500,0,0,ONLINE,온라인몰,Drape Pants,BOTTOM,BETA-04-1-1,1,KR,KRW,CUST-0165,서울,성동구,paid
2026-08-19T17:25:00.000Z,29CM,FLOW-22-BLK-F,8,1137600,51000,159264,45504,3500,0,0,ONLINE,온라인몰,Drape Pants,BOTTOM,BETA-04-1-2,1,KR,KRW,CUST-0170,서울,강남구,paid
2026-08-19T18:32:00.000Z,네이버,FLOW-22-BLK-F,9,1336680,51000,106934,33417,3500,0,0,ONLINE,온라인몰,Drape Pants,BOTTOM,BETA-04-1-3,1,KR,KRW,CUST-0175,경기,성남시,paid
2026-08-19T19:39:00.000Z,W컨셉,FLOW-22-BLK-F,9,1222920,51000,183438,42802,3500,0,0,ONLINE,온라인몰,Drape Pants,BOTTOM,BETA-04-1-4,1,KR,KRW,CUST-0180,부산,해운대구,paid
2026-08-19T20:46:00.000Z,매장 POS,FLOW-22-BLK-F,9,1393560,51000,27871,13936,0,0,0,STORE-SHANGHAI,상하이 IFC,Drape Pants,BOTTOM,BETA-04-1-5,1,KR,KRW,CUST-0185,인천,연수구,paid
2026-08-19T16:22:00.000Z,자사몰,EASE-19-IVY-F,9,776970,27000,31079,27194,3500,0,0,ONLINE,온라인몰,Layer Top,TOP,BETA-04-2-0,1,KR,KRW,CUST-0171,서울,성동구,paid
2026-08-19T17:29:00.000Z,무신사,EASE-19-IVY-F,9,704880,27000,84586,31720,3500,0,0,ONLINE,온라인몰,Layer Top,TOP,BETA-04-2-1,1,KR,KRW,CUST-0176,서울,강남구,paid
2026-08-19T18:36:00.000Z,29CM,EASE-19-IVY-F,9,720900,27000,100926,28836,3500,0,0,ONLINE,온라인몰,Layer Top,TOP,BETA-04-2-2,1,KR,KRW,CUST-0181,경기,성남시,paid
2026-08-19T19:43:00.000Z,네이버,EASE-19-IVY-F,10,836600,27000,66928,20915,3500,0,0,ONLINE,온라인몰,Layer Top,TOP,BETA-04-2-3,1,KR,KRW,CUST-0186,부산,해운대구,paid
2026-08-19T20:50:00.000Z,W컨셉,EASE-19-IVY-F,9,688860,27000,103329,24110,3500,0,0,ONLINE,온라인몰,Layer Top,TOP,BETA-04-2-4,1,KR,KRW,CUST-0191,인천,연수구,paid
2026-08-19T21:57:00.000Z,매장 POS,EASE-19-IVY-F,9,784980,27000,15700,7850,0,0,0,DC-ONLINE,온라인 DC,Layer Top,TOP,BETA-04-2-5,1,KR,KRW,CUST-0196,대구,수성구,paid
2026-08-19T17:33:00.000Z,자사몰,CORE-08-GRY-F,10,1154300,39000,46172,40401,3500,0,0,ONLINE,온라인몰,Core Knit,TOP,BETA-04-3-0,1,KR,KRW,CUST-0182,서울,강남구,paid
2026-08-19T18:40:00.000Z,무신사,CORE-08-GRY-F,10,1047200,39000,125664,47124,3500,0,0,ONLINE,온라인몰,Core Knit,TOP,BETA-04-3-1,1,KR,KRW,CUST-0187,경기,성남시,paid
2026-08-19T19:47:00.000Z,29CM,CORE-08-GRY-F,10,1071000,39000,149940,42840,3500,0,0,ONLINE,온라인몰,Core Knit,TOP,BETA-04-3-2,1,KR,KRW,CUST-0192,부산,해운대구,paid
2026-08-19T20:54:00.000Z,네이버,CORE-08-GRY-F,10,1118600,39000,89488,27965,3500,0,0,ONLINE,온라인몰,Core Knit,TOP,BETA-04-3-3,1,KR,KRW,CUST-0197,인천,연수구,paid
2026-08-19T21:01:00.000Z,W컨셉,CORE-08-GRY-F,10,1023400,39000,153510,35819,3500,0,0,ONLINE,온라인몰,Core Knit,TOP,BETA-04-3-4,1,KR,KRW,CUST-0202,대구,수성구,paid
2026-08-19T10:08:00.000Z,매장 POS,CORE-08-GRY-F,10,1166200,39000,23324,11662,0,0,0,ONLINE,온라인몰,Core Knit,TOP,BETA-04-3-5,1,KR,KRW,CUST-0207,서울,성동구,paid
2026-08-19T18:44:00.000Z,자사몰,AIR-24-NVY-F,11,2112660,65000,84506,73943,3500,0,0,ONLINE,온라인몰,Volume Dress,DRESS,BETA-04-4-0,1,KR,KRW,CUST-0193,경기,성남시,paid
2026-08-19T19:51:00.000Z,무신사,AIR-24-NVY-F,11,1916640,65000,229997,86249,3500,0,0,ONLINE,온라인몰,Volume Dress,DRESS,BETA-04-4-1,1,KR,KRW,CUST-0198,부산,해운대구,paid
2026-08-19T20:58:00.000Z,29CM,AIR-24-NVY-F,11,1960200,65000,274428,78408,3500,0,0,ONLINE,온라인몰,Volume Dress,DRESS,BETA-04-4-2,1,KR,KRW,CUST-0203,인천,연수구,paid
2026-08-19T21:05:00.000Z,네이버,AIR-24-NVY-F,10,1861200,65000,148896,46530,3500,0,0,ONLINE,온라인몰,Volume Dress,DRESS,BETA-04-4-3,1,KR,KRW,CUST-0208,대구,수성구,paid
2026-08-19T10:12:00.000Z,W컨셉,AIR-24-NVY-F,10,1702800,65000,255420,59598,3500,0,0,ONLINE,온라인몰,Volume Dress,DRESS,BETA-04-4-4,1,KR,KRW,CUST-0213,서울,성동구,paid
2026-08-19T11:19:00.000Z,매장 POS,AIR-24-NVY-F,10,1940400,65000,38808,19404,0,0,0,STORE-SEONGSU,성수 플래그십,Volume Dress,DRESS,BETA-04-4-5,1,KR,KRW,CUST-0218,서울,강남구,paid
2026-08-19T19:55:00.000Z,자사몰,FRAME-31-DNM-F,11,2432760,78000,97310,85147,3500,0,0,ONLINE,온라인몰,Denim Dress,DRESS,BETA-04-5-0,1,KR,KRW,CUST-0204,부산,해운대구,paid
2026-08-19T20:02:00.000Z,무신사,FRAME-31-DNM-F,11,2207040,78000,264845,99317,3500,0,0,ONLINE,온라인몰,Denim Dress,DRESS,BETA-04-5-1,1,KR,KRW,CUST-0209,인천,연수구,paid
2026-08-19T21:09:00.000Z,29CM,FRAME-31-DNM-F,11,2257200,78000,316008,90288,3500,0,0,ONLINE,온라인몰,Denim Dress,DRESS,BETA-04-5-2,1,KR,KRW,CUST-0214,대구,수성구,paid
2026-08-19T10:16:00.000Z,네이버,FRAME-31-DNM-F,11,2357520,78000,188602,58938,3500,0,0,ONLINE,온라인몰,Denim Dress,DRESS,BETA-04-5-3,1,KR,KRW,CUST-0219,서울,성동구,paid
2026-08-19T11:23:00.000Z,W컨셉,FRAME-31-DNM-F,11,2156880,78000,323532,75491,3500,0,0,ONLINE,온라인몰,Denim Dress,DRESS,BETA-04-5-4,1,KR,KRW,CUST-0224,서울,강남구,paid
2026-08-19T12:30:00.000Z,매장 POS,FRAME-31-DNM-F,11,2457840,78000,49157,24578,0,0,0,STORE-GANGNAM,강남점,Denim Dress,DRESS,BETA-04-5-5,1,KR,KRW,CUST-0229,경기,성남시,paid
2026-08-19T20:06:00.000Z,자사몰,SHEER-15-WHT-F,12,1152360,31000,46094,40333,3500,0,0,ONLINE,온라인몰,Sheer Layer Top,TOP,BETA-04-6-0,1,KR,KRW,CUST-0215,인천,연수구,paid
2026-08-19T21:13:00.000Z,무신사,SHEER-15-WHT-F,11,958320,31000,114998,43124,3500,0,0,ONLINE,온라인몰,Sheer Layer Top,TOP,BETA-04-6-1,1,KR,KRW,CUST-0220,대구,수성구,paid
2026-08-19T10:20:00.000Z,29CM,SHEER-15-WHT-F,11,980100,31000,137214,39204,3500,0,0,ONLINE,온라인몰,Sheer Layer Top,TOP,BETA-04-6-2,1,KR,KRW,CUST-0225,서울,성동구,paid
2026-08-19T11:27:00.000Z,네이버,SHEER-15-WHT-F,11,1023660,31000,81893,25592,3500,0,0,ONLINE,온라인몰,Sheer Layer Top,TOP,BETA-04-6-3,1,KR,KRW,CUST-0230,서울,강남구,paid
2026-08-19T12:34:00.000Z,W컨셉,SHEER-15-WHT-F,11,936540,31000,140481,32779,3500,0,0,ONLINE,온라인몰,Sheer Layer Top,TOP,BETA-04-6-4,1,KR,KRW,CUST-0235,경기,성남시,paid
2026-08-19T13:41:00.000Z,매장 POS,SHEER-15-WHT-F,12,1164240,31000,23285,11642,0,0,0,STORE-HANNAM,한남점,Sheer Layer Top,TOP,BETA-04-6-5,1,KR,KRW,CUST-0240,부산,해운대구,paid
2026-08-19T21:17:00.000Z,자사몰,FORM-12-BLK-F,12,3119520,91000,124781,109183,3500,0,0,ONLINE,온라인몰,Relaxed Blazer,OUTER,BETA-04-7-0,1,KR,KRW,CUST-0226,대구,수성구,paid
2026-08-19T10:24:00.000Z,무신사,FORM-12-BLK-F,12,2830080,91000,339610,127354,3500,0,0,ONLINE,온라인몰,Relaxed Blazer,OUTER,BETA-04-7-1,1,KR,KRW,CUST-0231,서울,성동구,paid
2026-08-19T11:31:00.000Z,29CM,FORM-12-BLK-F,11,2653200,91000,371448,106128,3500,0,0,ONLINE,온라인몰,Relaxed Blazer,OUTER,BETA-04-7-2,1,KR,KRW,CUST-0236,서울,강남구,paid
2026-08-19T12:38:00.000Z,네이버,FORM-12-BLK-F,12,3023040,91000,241843,75576,3500,0,0,ONLINE,온라인몰,Relaxed Blazer,OUTER,BETA-04-7-3,1,KR,KRW,CUST-0241,경기,성남시,paid
2026-08-19T13:45:00.000Z,W컨셉,FORM-12-BLK-F,12,2765760,91000,414864,96802,3500,0,0,ONLINE,온라인몰,Relaxed Blazer,OUTER,BETA-04-7-4,1,KR,KRW,CUST-0246,부산,해운대구,paid
2026-08-19T14:52:00.000Z,매장 POS,FORM-12-BLK-F,14,3676960,91000,73539,36770,0,0,0,STORE-BUSAN,부산 센텀,Relaxed Blazer,OUTER,BETA-04-7-5,1,KR,KRW,CUST-0251,인천,연수구,paid
2026-08-18T15:00:00.000Z,자사몰,ARC-07-BLK-F,5,1202800,82000,48112,42098,3500,0,0,ONLINE,온라인몰,Utility Jacket,OUTER,BETA-05-0-0,1,KR,KRW,CUST-0186,대구,수성구,paid
2026-08-18T16:07:00.000Z,무신사,ARC-07-BLK-F,6,1309440,82000,157133,58925,3500,0,0,ONLINE,온라인몰,Utility Jacket,OUTER,BETA-05-0-1,1,KR,KRW,CUST-0191,서울,성동구,paid
2026-08-18T17:14:00.000Z,29CM,ARC-07-BLK-F,7,1562400,82000,218736,62496,3500,0,0,ONLINE,온라인몰,Utility Jacket,OUTER,BETA-05-0-2,1,KR,KRW,CUST-0196,서울,강남구,paid
2026-08-18T18:21:00.000Z,네이버,ARC-07-BLK-F,7,1631840,82000,130547,40796,3500,0,0,ONLINE,온라인몰,Utility Jacket,OUTER,BETA-05-0-3,1,KR,KRW,CUST-0201,경기,성남시,paid
2026-08-18T19:28:00.000Z,W컨셉,ARC-07-BLK-F,7,1492960,82000,223944,52254,3500,0,0,ONLINE,온라인몰,Utility Jacket,OUTER,BETA-05-0-4,1,KR,KRW,CUST-0206,부산,해운대구,paid
2026-08-18T20:35:00.000Z,매장 POS,ARC-07-BLK-F,8,1944320,82000,38886,19443,0,0,0,STORE-SHANGHAI,상하이 IFC,Utility Jacket,OUTER,BETA-05-0-5,1,KR,KRW,CUST-0211,인천,연수구,paid
2026-08-18T16:11:00.000Z,자사몰,FLOW-22-BLK-F,7,1072820,51000,42913,37549,3500,0,0,ONLINE,온라인몰,Drape Pants,BOTTOM,BETA-05-1-0,1,KR,KRW,CUST-0197,서울,성동구,paid
2026-08-18T17:18:00.000Z,무신사,FLOW-22-BLK-F,7,973280,51000,116794,43798,3500,0,0,ONLINE,온라인몰,Drape Pants,BOTTOM,BETA-05-1-1,1,KR,KRW,CUST-0202,서울,강남구,paid
2026-08-18T18:25:00.000Z,29CM,FLOW-22-BLK-F,8,1137600,51000,159264,45504,3500,0,0,ONLINE,온라인몰,Drape Pants,BOTTOM,BETA-05-1-2,1,KR,KRW,CUST-0207,경기,성남시,paid
2026-08-18T19:32:00.000Z,네이버,FLOW-22-BLK-F,8,1188160,51000,95053,29704,3500,0,0,ONLINE,온라인몰,Drape Pants,BOTTOM,BETA-05-1-3,1,KR,KRW,CUST-0212,부산,해운대구,paid
2026-08-18T20:39:00.000Z,W컨셉,FLOW-22-BLK-F,8,1087040,51000,163056,38046,3500,0,0,ONLINE,온라인몰,Drape Pants,BOTTOM,BETA-05-1-4,1,KR,KRW,CUST-0217,인천,연수구,paid
2026-08-18T21:46:00.000Z,매장 POS,FLOW-22-BLK-F,8,1238720,51000,24774,12387,0,0,0,DC-ONLINE,온라인 DC,Drape Pants,BOTTOM,BETA-05-1-5,1,KR,KRW,CUST-0222,대구,수성구,paid
2026-08-18T17:22:00.000Z,자사몰,EASE-19-IVY-F,8,0,27000,0,0,3500,0,0,ONLINE,온라인몰,Layer Top,TOP,BETA-05-2-0,1,KR,KRW,CUST-0208,서울,강남구,cancelled
2026-08-18T18:29:00.000Z,무신사,EASE-19-IVY-F,9,704880,27000,84586,31720,3500,0,0,ONLINE,온라인몰,Layer Top,TOP,BETA-05-2-1,1,KR,KRW,CUST-0213,경기,성남시,paid
2026-08-18T19:36:00.000Z,29CM,EASE-19-IVY-F,9,720900,27000,100926,28836,3500,0,0,ONLINE,온라인몰,Layer Top,TOP,BETA-05-2-2,1,KR,KRW,CUST-0218,부산,해운대구,paid
2026-08-18T20:43:00.000Z,네이버,EASE-19-IVY-F,9,752940,27000,60235,18824,3500,0,0,ONLINE,온라인몰,Layer Top,TOP,BETA-05-2-3,1,KR,KRW,CUST-0223,인천,연수구,paid
2026-08-18T21:50:00.000Z,W컨셉,EASE-19-IVY-F,9,688860,27000,103329,24110,3500,0,0,ONLINE,온라인몰,Layer Top,TOP,BETA-05-2-4,1,KR,KRW,CUST-0228,대구,수성구,paid
2026-08-18T10:57:00.000Z,매장 POS,EASE-19-IVY-F,9,784980,27000,15700,7850,0,0,0,ONLINE,온라인몰,Layer Top,TOP,BETA-05-2-5,1,KR,KRW,CUST-0233,서울,성동구,paid
2026-08-18T18:33:00.000Z,자사몰,CORE-08-GRY-F,9,1038870,39000,41555,36360,3500,0,0,ONLINE,온라인몰,Core Knit,TOP,BETA-05-3-0,1,KR,KRW,CUST-0219,경기,성남시,paid
2026-08-18T19:40:00.000Z,무신사,CORE-08-GRY-F,9,942480,39000,113098,42412,3500,0,0,ONLINE,온라인몰,Core Knit,TOP,BETA-05-3-1,1,KR,KRW,CUST-0224,부산,해운대구,paid
2026-08-18T20:47:00.000Z,29CM,CORE-08-GRY-F,9,963900,39000,134946,38556,3500,0,0,ONLINE,온라인몰,Core Knit,TOP,BETA-05-3-2,1,KR,KRW,CUST-0229,인천,연수구,paid
2026-08-18T21:54:00.000Z,네이버,CORE-08-GRY-F,9,1006740,39000,80539,25169,3500,0,0,ONLINE,온라인몰,Core Knit,TOP,BETA-05-3-3,1,KR,KRW,CUST-0234,대구,수성구,paid
2026-08-18T10:01:00.000Z,W컨셉,CORE-08-GRY-F,9,921060,39000,138159,32237,3500,0,0,ONLINE,온라인몰,Core Knit,TOP,BETA-05-3-4,1,KR,KRW,CUST-0239,서울,성동구,paid
2026-08-18T11:08:00.000Z,매장 POS,CORE-08-GRY-F,9,1049580,39000,20992,10496,0,0,0,STORE-SEONGSU,성수 플래그십,Core Knit,TOP,BETA-05-3-5,1,KR,KRW,CUST-0244,서울,강남구,paid
2026-08-18T19:44:00.000Z,자사몰,AIR-24-NVY-F,10,1920600,65000,76824,67221,3500,0,0,ONLINE,온라인몰,Volume Dress,DRESS,BETA-05-4-0,1,KR,KRW,CUST-0230,부산,해운대구,paid
2026-08-18T20:51:00.000Z,무신사,AIR-24-NVY-F,10,1742400,65000,209088,78408,3500,0,0,ONLINE,온라인몰,Volume Dress,DRESS,BETA-05-4-1,1,KR,KRW,CUST-0235,인천,연수구,paid
2026-08-18T21:58:00.000Z,29CM,AIR-24-NVY-F,10,1782000,65000,249480,71280,3500,0,0,ONLINE,온라인몰,Volume Dress,DRESS,BETA-05-4-2,1,KR,KRW,CUST-0240,대구,수성구,paid
2026-08-18T10:05:00.000Z,네이버,AIR-24-NVY-F,9,1675080,65000,134006,41877,3500,0,0,ONLINE,온라인몰,Volume Dress,DRESS,BETA-05-4-3,1,KR,KRW,CUST-0245,서울,성동구,paid
2026-08-18T11:12:00.000Z,W컨셉,AIR-24-NVY-F,9,1532520,65000,229878,53638,3500,0,0,ONLINE,온라인몰,Volume Dress,DRESS,BETA-05-4-4,1,KR,KRW,CUST-0250,서울,강남구,paid
2026-08-18T12:19:00.000Z,매장 POS,AIR-24-NVY-F,10,1940400,65000,38808,19404,0,0,0,STORE-GANGNAM,강남점,Volume Dress,DRESS,BETA-05-4-5,1,KR,KRW,CUST-0255,경기,성남시,paid
2026-08-18T20:55:00.000Z,자사몰,FRAME-31-DNM-F,10,2211600,78000,88464,77406,3500,0,0,ONLINE,온라인몰,Denim Dress,DRESS,BETA-05-5-0,1,KR,KRW,CUST-0241,인천,연수구,paid
2026-08-18T21:02:00.000Z,무신사,FRAME-31-DNM-F,10,2006400,78000,240768,90288,3500,0,0,ONLINE,온라인몰,Denim Dress,DRESS,BETA-05-5-1,1,KR,KRW,CUST-0246,대구,수성구,paid
2026-08-18T10:09:00.000Z,29CM,FRAME-31-DNM-F,10,2052000,78000,287280,82080,3500,0,0,ONLINE,온라인몰,Denim Dress,DRESS,BETA-05-5-2,1,KR,KRW,CUST-0251,서울,성동구,paid
2026-08-18T11:16:00.000Z,네이버,FRAME-31-DNM-F,10,2143200,78000,171456,53580,3500,0,0,ONLINE,온라인몰,Denim Dress,DRESS,BETA-05-5-3,1,KR,KRW,CUST-0256,서울,강남구,paid
2026-08-18T12:23:00.000Z,W컨셉,FRAME-31-DNM-F,10,1960800,78000,294120,68628,3500,0,0,ONLINE,온라인몰,Denim Dress,DRESS,BETA-05-5-4,1,KR,KRW,CUST-0261,경기,성남시,paid
2026-08-18T13:30:00.000Z,매장 POS,FRAME-31-DNM-F,11,2457840,78000,49157,24578,0,0,0,STORE-HANNAM,한남점,Denim Dress,DRESS,BETA-05-5-5,1,KR,KRW,CUST-0266,부산,해운대구,paid
2026-08-18T21:06:00.000Z,자사몰,SHEER-15-WHT-F,11,1056330,31000,42253,36972,3500,0,0,ONLINE,온라인몰,Sheer Layer Top,TOP,BETA-05-6-0,1,KR,KRW,CUST-0252,대구,수성구,paid
2026-08-18T10:13:00.000Z,무신사,SHEER-15-WHT-F,10,871200,31000,104544,39204,3500,0,0,ONLINE,온라인몰,Sheer Layer Top,TOP,BETA-05-6-1,1,KR,KRW,CUST-0257,서울,성동구,paid
2026-08-18T11:20:00.000Z,29CM,SHEER-15-WHT-F,10,891000,31000,124740,35640,3500,0,0,ONLINE,온라인몰,Sheer Layer Top,TOP,BETA-05-6-2,1,KR,KRW,CUST-0262,서울,강남구,paid
2026-08-18T12:27:00.000Z,네이버,SHEER-15-WHT-F,11,1023660,31000,81893,25592,3500,0,0,ONLINE,온라인몰,Sheer Layer Top,TOP,BETA-05-6-3,1,KR,KRW,CUST-0267,경기,성남시,paid
2026-08-18T13:34:00.000Z,W컨셉,SHEER-15-WHT-F,11,936540,31000,140481,32779,3500,0,0,ONLINE,온라인몰,Sheer Layer Top,TOP,BETA-05-6-4,1,KR,KRW,CUST-0272,부산,해운대구,paid
2026-08-18T14:41:00.000Z,매장 POS,SHEER-15-WHT-F,13,1261260,31000,25225,12613,0,0,0,STORE-BUSAN,부산 센텀,Sheer Layer Top,TOP,BETA-05-6-5,1,KR,KRW,CUST-0277,인천,연수구,paid
2026-08-18T10:17:00.000Z,자사몰,FORM-12-BLK-F,11,2859560,91000,114382,100085,3500,0,0,ONLINE,온라인몰,Relaxed Blazer,OUTER,BETA-05-7-0,1,KR,KRW,CUST-0263,서울,성동구,paid
2026-08-18T11:24:00.000Z,무신사,FORM-12-BLK-F,11,2594240,91000,311309,116741,3500,0,0,ONLINE,온라인몰,Relaxed Blazer,OUTER,BETA-05-7-1,1,KR,KRW,CUST-0268,서울,강남구,paid
2026-08-18T12:31:00.000Z,29CM,FORM-12-BLK-F,11,2653200,91000,371448,106128,3500,0,0,ONLINE,온라인몰,Relaxed Blazer,OUTER,BETA-05-7-2,1,KR,KRW,CUST-0273,경기,성남시,paid
2026-08-18T13:38:00.000Z,네이버,FORM-12-BLK-F,12,3023040,91000,241843,75576,3500,0,0,ONLINE,온라인몰,Relaxed Blazer,OUTER,BETA-05-7-3,1,KR,KRW,CUST-0278,부산,해운대구,paid
2026-08-18T14:45:00.000Z,W컨셉,FORM-12-BLK-F,13,2996240,91000,449436,104868,3500,0,0,ONLINE,온라인몰,Relaxed Blazer,OUTER,BETA-05-7-4,1,KR,KRW,CUST-0283,인천,연수구,paid
2026-08-18T15:52:00.000Z,매장 POS,FORM-12-BLK-F,15,3939600,91000,78792,39396,0,31517,3,STORE-SHANGHAI,상하이 IFC,Relaxed Blazer,OUTER,BETA-05-7-5,1,KR,KRW,CUST-0288,대구,수성구,paid
2026-08-17T16:00:00.000Z,자사몰,ARC-07-BLK-F,5,1202800,82000,48112,42098,3500,0,0,ONLINE,온라인몰,Utility Jacket,OUTER,BETA-06-0-0,1,KR,KRW,CUST-0223,서울,성동구,paid
2026-08-17T17:07:00.000Z,무신사,ARC-07-BLK-F,6,0,82000,0,0,3500,0,0,ONLINE,온라인몰,Utility Jacket,OUTER,BETA-06-0-1,1,KR,KRW,CUST-0228,서울,강남구,cancelled
2026-08-17T18:14:00.000Z,29CM,ARC-07-BLK-F,6,1339200,82000,187488,53568,3500,0,0,ONLINE,온라인몰,Utility Jacket,OUTER,BETA-06-0-2,1,KR,KRW,CUST-0233,경기,성남시,paid
2026-08-17T19:21:00.000Z,네이버,ARC-07-BLK-F,7,1631840,82000,130547,40796,3500,0,0,ONLINE,온라인몰,Utility Jacket,OUTER,BETA-06-0-3,1,KR,KRW,CUST-0238,부산,해운대구,paid
2026-08-17T20:28:00.000Z,W컨셉,ARC-07-BLK-F,7,1492960,82000,223944,52254,3500,0,0,ONLINE,온라인몰,Utility Jacket,OUTER,BETA-06-0-4,1,KR,KRW,CUST-0243,인천,연수구,paid
2026-08-17T21:35:00.000Z,매장 POS,ARC-07-BLK-F,7,1701280,82000,34026,17013,0,0,0,DC-ONLINE,온라인 DC,Utility Jacket,OUTER,BETA-06-0-5,1,KR,KRW,CUST-0248,대구,수성구,paid
2026-08-17T17:11:00.000Z,자사몰,FLOW-22-BLK-F,6,919560,51000,36782,32185,3500,0,0,ONLINE,온라인몰,Drape Pants,BOTTOM,BETA-06-1-0,1,KR,KRW,CUST-0234,서울,강남구,paid
2026-08-17T18:18:00.000Z,무신사,FLOW-22-BLK-F,7,973280,51000,116794,43798,3500,0,0,ONLINE,온라인몰,Drape Pants,BOTTOM,BETA-06-1-1,1,KR,KRW,CUST-0239,경기,성남시,paid
2026-08-17T19:25:00.000Z,29CM,FLOW-22-BLK-F,7,995400,51000,139356,39816,3500,0,0,ONLINE,온라인몰,Drape Pants,BOTTOM,BETA-06-1-2,1,KR,KRW,CUST-0244,부산,해운대구,paid
2026-08-17T20:32:00.000Z,네이버,FLOW-22-BLK-F,7,1039640,51000,83171,25991,3500,0,0,ONLINE,온라인몰,Drape Pants,BOTTOM,BETA-06-1-3,1,KR,KRW,CUST-0249,인천,연수구,paid
2026-08-17T21:39:00.000Z,W컨셉,FLOW-22-BLK-F,7,951160,51000,142674,33291,3500,0,0,ONLINE,온라인몰,Drape Pants,BOTTOM,BETA-06-1-4,1,KR,KRW,CUST-0254,대구,수성구,paid
2026-08-17T10:46:00.000Z,매장 POS,FLOW-22-BLK-F,7,1083880,51000,21678,10839,0,0,0,ONLINE,온라인몰,Drape Pants,BOTTOM,BETA-06-1-5,1,KR,KRW,CUST-0259,서울,성동구,paid
2026-08-17T18:22:00.000Z,자사몰,EASE-19-IVY-F,8,690640,27000,27626,24172,3500,0,0,ONLINE,온라인몰,Layer Top,TOP,BETA-06-2-0,1,KR,KRW,CUST-0245,경기,성남시,paid
2026-08-17T19:29:00.000Z,무신사,EASE-19-IVY-F,8,626560,27000,75187,28195,3500,0,0,ONLINE,온라인몰,Layer Top,TOP,BETA-06-2-1,1,KR,KRW,CUST-0250,부산,해운대구,paid
2026-08-17T20:36:00.000Z,29CM,EASE-19-IVY-F,8,640800,27000,89712,25632,3500,0,0,ONLINE,온라인몰,Layer Top,TOP,BETA-06-2-2,1,KR,KRW,CUST-0255,인천,연수구,paid
2026-08-17T21:43:00.000Z,네이버,EASE-19-IVY-F,8,669280,27000,53542,16732,3500,0,0,ONLINE,온라인몰,Layer Top,TOP,BETA-06-2-3,1,KR,KRW,CUST-0260,대구,수성구,paid
2026-08-17T10:50:00.000Z,W컨셉,EASE-19-IVY-F,8,612320,27000,91848,21431,3500,0,0,ONLINE,온라인몰,Layer Top,TOP,BETA-06-2-4,1,KR,KRW,CUST-0265,서울,성동구,paid
2026-08-17T11:57:00.000Z,매장 POS,EASE-19-IVY-F,8,697760,27000,13955,6978,0,0,0,STORE-SEONGSU,성수 플래그십,Layer Top,TOP,BETA-06-2-5,1,KR,KRW,CUST-0270,서울,강남구,paid
2026-08-17T19:33:00.000Z,자사몰,CORE-08-GRY-F,9,1038870,39000,41555,36360,3500,0,0,ONLINE,온라인몰,Core Knit,TOP,BETA-06-3-0,1,KR,KRW,CUST-0256,부산,해운대구,paid
2026-08-17T20:40:00.000Z,무신사,CORE-08-GRY-F,9,942480,39000,113098,42412,3500,0,0,ONLINE,온라인몰,Core Knit,TOP,BETA-06-3-1,1,KR,KRW,CUST-0261,인천,연수구,paid
2026-08-17T21:47:00.000Z,29CM,CORE-08-GRY-F,8,856800,39000,119952,34272,3500,0,0,ONLINE,온라인몰,Core Knit,TOP,BETA-06-3-2,1,KR,KRW,CUST-0266,대구,수성구,paid
2026-08-17T10:54:00.000Z,네이버,CORE-08-GRY-F,8,894880,39000,71590,22372,3500,0,0,ONLINE,온라인몰,Core Knit,TOP,BETA-06-3-3,1,KR,KRW,CUST-0271,서울,성동구,paid
2026-08-17T11:01:00.000Z,W컨셉,CORE-08-GRY-F,8,818720,39000,122808,28655,3500,0,0,ONLINE,온라인몰,Core Knit,TOP,BETA-06-3-4,1,KR,KRW,CUST-0276,서울,강남구,paid
2026-08-17T12:08:00.000Z,매장 POS,CORE-08-GRY-F,9,1049580,39000,20992,10496,0,0,0,STORE-GANGNAM,강남점,Core Knit,TOP,BETA-06-3-5,1,KR,KRW,CUST-0281,경기,성남시,paid
2026-08-17T20:44:00.000Z,자사몰,AIR-24-NVY-F,9,1728540,65000,69142,60499,3500,0,0,ONLINE,온라인몰,Volume Dress,DRESS,BETA-06-4-0,1,KR,KRW,CUST-0267,인천,연수구,paid
2026-08-17T21:51:00.000Z,무신사,AIR-24-NVY-F,9,1568160,65000,188179,70567,3500,0,0,ONLINE,온라인몰,Volume Dress,DRESS,BETA-06-4-1,1,KR,KRW,CUST-0272,대구,수성구,paid
2026-08-17T10:58:00.000Z,29CM,AIR-24-NVY-F,9,1603800,65000,224532,64152,3500,0,0,ONLINE,온라인몰,Volume Dress,DRESS,BETA-06-4-2,1,KR,KRW,CUST-0277,서울,성동구,paid
2026-08-17T11:05:00.000Z,네이버,AIR-24-NVY-F,9,1675080,65000,134006,41877,3500,0,0,ONLINE,온라인몰,Volume Dress,DRESS,BETA-06-4-3,1,KR,KRW,CUST-0282,서울,강남구,paid
2026-08-17T12:12:00.000Z,W컨셉,AIR-24-NVY-F,9,1532520,65000,229878,53638,3500,0,0,ONLINE,온라인몰,Volume Dress,DRESS,BETA-06-4-4,1,KR,KRW,CUST-0287,경기,성남시,paid
2026-08-17T13:19:00.000Z,매장 POS,AIR-24-NVY-F,10,1940400,65000,38808,19404,0,0,0,STORE-HANNAM,한남점,Volume Dress,DRESS,BETA-06-4-5,1,KR,KRW,CUST-0292,부산,해운대구,paid
2026-08-17T21:55:00.000Z,자사몰,FRAME-31-DNM-F,9,1990440,78000,79618,69665,3500,0,0,ONLINE,온라인몰,Denim Dress,DRESS,BETA-06-5-0,1,KR,KRW,CUST-0278,대구,수성구,paid
2026-08-17T10:02:00.000Z,무신사,FRAME-31-DNM-F,9,1805760,78000,216691,81259,3500,0,0,ONLINE,온라인몰,Denim Dress,DRESS,BETA-06-5-1,1,KR,KRW,CUST-0283,서울,성동구,paid
2026-08-17T11:09:00.000Z,29CM,FRAME-31-DNM-F,9,1846800,78000,258552,73872,3500,0,0,ONLINE,온라인몰,Denim Dress,DRESS,BETA-06-5-2,1,KR,KRW,CUST-0288,서울,강남구,paid
2026-08-17T12:16:00.000Z,네이버,FRAME-31-DNM-F,10,2143200,78000,171456,53580,3500,0,0,ONLINE,온라인몰,Denim Dress,DRESS,BETA-06-5-3,1,KR,KRW,CUST-0293,경기,성남시,paid
2026-08-17T13:23:00.000Z,W컨셉,FRAME-31-DNM-F,10,1960800,78000,294120,68628,3500,0,0,ONLINE,온라인몰,Denim Dress,DRESS,BETA-06-5-4,1,KR,KRW,CUST-0298,부산,해운대구,paid
2026-08-17T14:30:00.000Z,매장 POS,FRAME-31-DNM-F,12,2681280,78000,53626,26813,0,0,0,STORE-BUSAN,부산 센텀,Denim Dress,DRESS,BETA-06-5-5,1,KR,KRW,CUST-0303,인천,연수구,paid
2026-08-17T10:06:00.000Z,자사몰,SHEER-15-WHT-F,10,960300,31000,38412,33611,3500,0,0,ONLINE,온라인몰,Sheer Layer Top,TOP,BETA-06-6-0,1,KR,KRW,CUST-0289,서울,성동구,paid
2026-08-17T11:13:00.000Z,무신사,SHEER-15-WHT-F,10,871200,31000,104544,39204,3500,0,0,ONLINE,온라인몰,Sheer Layer Top,TOP,BETA-06-6-1,1,KR,KRW,CUST-0294,서울,강남구,paid
2026-08-17T12:20:00.000Z,29CM,SHEER-15-WHT-F,10,891000,31000,124740,35640,3500,0,0,ONLINE,온라인몰,Sheer Layer Top,TOP,BETA-06-6-2,1,KR,KRW,CUST-0299,경기,성남시,paid
2026-08-17T13:27:00.000Z,네이버,SHEER-15-WHT-F,11,1023660,31000,81893,25592,3500,0,0,ONLINE,온라인몰,Sheer Layer Top,TOP,BETA-06-6-3,1,KR,KRW,CUST-0304,부산,해운대구,paid
2026-08-17T14:34:00.000Z,W컨셉,SHEER-15-WHT-F,12,1021680,31000,153252,35759,3500,0,0,ONLINE,온라인몰,Sheer Layer Top,TOP,BETA-06-6-4,1,KR,KRW,CUST-0309,인천,연수구,paid
2026-08-17T15:41:00.000Z,매장 POS,SHEER-15-WHT-F,14,1358280,31000,27166,13583,0,11642,3,STORE-SHANGHAI,상하이 IFC,Sheer Layer Top,TOP,BETA-06-6-5,1,KR,KRW,CUST-0314,대구,수성구,paid
2026-08-17T11:17:00.000Z,자사몰,FORM-12-BLK-F,10,2599600,91000,103984,90986,3500,0,0,ONLINE,온라인몰,Relaxed Blazer,OUTER,BETA-06-7-0,1,KR,KRW,CUST-0300,서울,강남구,paid
2026-08-17T12:24:00.000Z,무신사,FORM-12-BLK-F,11,2594240,91000,311309,116741,3500,0,0,ONLINE,온라인몰,Relaxed Blazer,OUTER,BETA-06-7-1,1,KR,KRW,CUST-0305,경기,성남시,paid
2026-08-17T13:31:00.000Z,29CM,FORM-12-BLK-F,11,2653200,91000,371448,106128,3500,0,0,ONLINE,온라인몰,Relaxed Blazer,OUTER,BETA-06-7-2,1,KR,KRW,CUST-0310,부산,해운대구,paid
2026-08-17T14:38:00.000Z,네이버,FORM-12-BLK-F,13,3274960,91000,261997,81874,3500,0,0,ONLINE,온라인몰,Relaxed Blazer,OUTER,BETA-06-7-3,1,KR,KRW,CUST-0315,인천,연수구,paid
2026-08-17T15:45:00.000Z,W컨셉,FORM-12-BLK-F,14,3226720,91000,484008,112935,3500,27658,3,ONLINE,온라인몰,Relaxed Blazer,OUTER,BETA-06-7-4,1,KR,KRW,CUST-0320,대구,수성구,paid
2026-08-17T16:52:00.000Z,매장 POS,FORM-12-BLK-F,16,4202240,91000,84045,42022,0,0,0,DC-ONLINE,온라인 DC,Relaxed Blazer,OUTER,BETA-06-7-5,1,KR,KRW,CUST-0325,서울,성동구,paid
2026-08-16T17:00:00.000Z,자사몰,ARC-07-BLK-F,5,1202800,82000,48112,42098,3500,0,0,ONLINE,온라인몰,Utility Jacket,OUTER,BETA-07-0-0,1,KR,KRW,CUST-0260,서울,강남구,paid
2026-08-16T18:07:00.000Z,무신사,ARC-07-BLK-F,5,1091200,82000,130944,49104,3500,0,0,ONLINE,온라인몰,Utility Jacket,OUTER,BETA-07-0-1,1,KR,KRW,CUST-0265,경기,성남시,paid
2026-08-16T19:14:00.000Z,29CM,ARC-07-BLK-F,6,1339200,82000,187488,53568,3500,0,0,ONLINE,온라인몰,Utility Jacket,OUTER,BETA-07-0-2,1,KR,KRW,CUST-0270,부산,해운대구,paid
2026-08-16T20:21:00.000Z,네이버,ARC-07-BLK-F,6,1398720,82000,111898,34968,3500,0,0,ONLINE,온라인몰,Utility Jacket,OUTER,BETA-07-0-3,1,KR,KRW,CUST-0275,인천,연수구,paid
2026-08-16T21:28:00.000Z,W컨셉,ARC-07-BLK-F,6,1279680,82000,191952,44789,3500,0,0,ONLINE,온라인몰,Utility Jacket,OUTER,BETA-07-0-4,1,KR,KRW,CUST-0280,대구,수성구,paid
2026-08-16T10:35:00.000Z,매장 POS,ARC-07-BLK-F,6,1458240,82000,29165,14582,0,0,0,ONLINE,온라인몰,Utility Jacket,OUTER,BETA-07-0-5,1,KR,KRW,CUST-0285,서울,성동구,paid
2026-08-16T18:11:00.000Z,자사몰,FLOW-22-BLK-F,6,919560,51000,36782,32185,3500,0,0,ONLINE,온라인몰,Drape Pants,BOTTOM,BETA-07-1-0,1,KR,KRW,CUST-0271,경기,성남시,paid
2026-08-16T19:18:00.000Z,무신사,FLOW-22-BLK-F,6,834240,51000,100109,37541,3500,0,0,ONLINE,온라인몰,Drape Pants,BOTTOM,BETA-07-1-1,1,KR,KRW,CUST-0276,부산,해운대구,paid
2026-08-16T20:25:00.000Z,29CM,FLOW-22-BLK-F,7,995400,51000,139356,39816,3500,0,0,ONLINE,온라인몰,Drape Pants,BOTTOM,BETA-07-1-2,1,KR,KRW,CUST-0281,인천,연수구,paid
2026-08-16T21:32:00.000Z,네이버,FLOW-22-BLK-F,7,1039640,51000,83171,25991,3500,0,0,ONLINE,온라인몰,Drape Pants,BOTTOM,BETA-07-1-3,1,KR,KRW,CUST-0286,대구,수성구,paid
2026-08-16T10:39:00.000Z,W컨셉,FLOW-22-BLK-F,7,951160,51000,142674,33291,3500,0,0,ONLINE,온라인몰,Drape Pants,BOTTOM,BETA-07-1-4,1,KR,KRW,CUST-0291,서울,성동구,paid
2026-08-16T11:46:00.000Z,매장 POS,FLOW-22-BLK-F,7,1083880,51000,21678,10839,0,0,0,STORE-SEONGSU,성수 플래그십,Drape Pants,BOTTOM,BETA-07-1-5,1,KR,KRW,CUST-0296,서울,강남구,paid
2026-08-16T19:22:00.000Z,자사몰,EASE-19-IVY-F,7,604310,27000,24172,21151,3500,0,0,ONLINE,온라인몰,Layer Top,TOP,BETA-07-2-0,1,KR,KRW,CUST-0282,부산,해운대구,paid
2026-08-16T20:29:00.000Z,무신사,EASE-19-IVY-F,7,548240,27000,65789,24671,3500,0,0,ONLINE,온라인몰,Layer Top,TOP,BETA-07-2-1,1,KR,KRW,CUST-0287,인천,연수구,paid
2026-08-16T21:36:00.000Z,29CM,EASE-19-IVY-F,7,560700,27000,78498,22428,3500,0,0,ONLINE,온라인몰,Layer Top,TOP,BETA-07-2-2,1,KR,KRW,CUST-0292,대구,수성구,paid
2026-08-16T10:43:00.000Z,네이버,EASE-19-IVY-F,7,585620,27000,46850,14641,3500,0,0,ONLINE,온라인몰,Layer Top,TOP,BETA-07-2-3,1,KR,KRW,CUST-0297,서울,성동구,paid
2026-08-16T11:50:00.000Z,W컨셉,EASE-19-IVY-F,7,535780,27000,80367,18752,3500,0,0,ONLINE,온라인몰,Layer Top,TOP,BETA-07-2-4,1,KR,KRW,CUST-0302,서울,강남구,paid
2026-08-16T12:57:00.000Z,매장 POS,EASE-19-IVY-F,8,697760,27000,13955,6978,0,0,0,STORE-GANGNAM,강남점,Layer Top,TOP,BETA-07-2-5,1,KR,KRW,CUST-0307,경기,성남시,paid
2026-08-16T20:33:00.000Z,자사몰,CORE-08-GRY-F,8,923440,39000,36938,32320,3500,0,0,ONLINE,온라인몰,Core Knit,TOP,BETA-07-3-0,1,KR,KRW,CUST-0293,인천,연수구,paid
2026-08-16T21:40:00.000Z,무신사,CORE-08-GRY-F,8,837760,39000,100531,37699,3500,0,0,ONLINE,온라인몰,Core Knit,TOP,BETA-07-3-1,1,KR,KRW,CUST-0298,대구,수성구,paid
2026-08-16T10:47:00.000Z,29CM,CORE-08-GRY-F,8,856800,39000,119952,34272,3500,0,0,ONLINE,온라인몰,Core Knit,TOP,BETA-07-3-2,1,KR,KRW,CUST-0303,서울,성동구,paid
2026-08-16T11:54:00.000Z,네이버,CORE-08-GRY-F,8,894880,39000,71590,22372,3500,0,0,ONLINE,온라인몰,Core Knit,TOP,BETA-07-3-3,1,KR,KRW,CUST-0308,서울,강남구,paid
2026-08-16T12:01:00.000Z,W컨셉,CORE-08-GRY-F,8,818720,39000,122808,28655,3500,0,0,ONLINE,온라인몰,Core Knit,TOP,BETA-07-3-4,1,KR,KRW,CUST-0313,경기,성남시,paid
2026-08-16T13:08:00.000Z,매장 POS,CORE-08-GRY-F,9,1049580,39000,20992,10496,0,0,0,STORE-HANNAM,한남점,Core Knit,TOP,BETA-07-3-5,1,KR,KRW,CUST-0318,부산,해운대구,paid
2026-08-16T21:44:00.000Z,자사몰,AIR-24-NVY-F,8,1536480,65000,61459,53777,3500,0,0,ONLINE,온라인몰,Volume Dress,DRESS,BETA-07-4-0,1,KR,KRW,CUST-0304,대구,수성구,paid
2026-08-16T10:51:00.000Z,무신사,AIR-24-NVY-F,8,1393920,65000,167270,62726,3500,0,0,ONLINE,온라인몰,Volume Dress,DRESS,BETA-07-4-1,1,KR,KRW,CUST-0309,서울,성동구,paid
2026-08-16T11:58:00.000Z,29CM,AIR-24-NVY-F,8,1425600,65000,199584,57024,3500,0,0,ONLINE,온라인몰,Volume Dress,DRESS,BETA-07-4-2,1,KR,KRW,CUST-0314,서울,강남구,paid
2026-08-16T12:05:00.000Z,네이버,AIR-24-NVY-F,9,1675080,65000,134006,41877,3500,0,0,ONLINE,온라인몰,Volume Dress,DRESS,BETA-07-4-3,1,KR,KRW,CUST-0319,경기,성남시,paid
2026-08-16T13:12:00.000Z,W컨셉,AIR-24-NVY-F,9,1532520,65000,229878,53638,3500,0,0,ONLINE,온라인몰,Volume Dress,DRESS,BETA-07-4-4,1,KR,KRW,CUST-0324,부산,해운대구,paid
2026-08-16T14:19:00.000Z,매장 POS,AIR-24-NVY-F,11,2134440,65000,42689,21344,0,0,0,STORE-BUSAN,부산 센텀,Volume Dress,DRESS,BETA-07-4-5,1,KR,KRW,CUST-0329,인천,연수구,paid
2026-08-16T10:55:00.000Z,자사몰,FRAME-31-DNM-F,9,1990440,78000,79618,69665,3500,0,0,ONLINE,온라인몰,Denim Dress,DRESS,BETA-07-5-0,1,KR,KRW,CUST-0315,서울,성동구,paid
2026-08-16T11:02:00.000Z,무신사,FRAME-31-DNM-F,9,1805760,78000,216691,81259,3500,0,0,ONLINE,온라인몰,Denim Dress,DRESS,BETA-07-5-1,1,KR,KRW,CUST-0320,서울,강남구,paid
2026-08-16T12:09:00.000Z,29CM,FRAME-31-DNM-F,9,1846800,78000,258552,73872,3500,0,0,ONLINE,온라인몰,Denim Dress,DRESS,BETA-07-5-2,1,KR,KRW,CUST-0325,경기,성남시,paid
2026-08-16T13:16:00.000Z,네이버,FRAME-31-DNM-F,10,2143200,78000,171456,53580,3500,0,0,ONLINE,온라인몰,Denim Dress,DRESS,BETA-07-5-3,1,KR,KRW,CUST-0330,부산,해운대구,paid
2026-08-16T14:23:00.000Z,W컨셉,FRAME-31-DNM-F,11,2156880,78000,323532,75491,3500,0,0,ONLINE,온라인몰,Denim Dress,DRESS,BETA-07-5-4,1,KR,KRW,CUST-0335,인천,연수구,paid
2026-08-16T15:30:00.000Z,매장 POS,FRAME-31-DNM-F,13,2904720,78000,58094,29047,0,26813,3,STORE-SHANGHAI,상하이 IFC,Denim Dress,DRESS,BETA-07-5-5,1,KR,KRW,CUST-0340,대구,수성구,paid
2026-08-16T11:06:00.000Z,자사몰,SHEER-15-WHT-F,9,864270,31000,34571,30249,3500,0,0,ONLINE,온라인몰,Sheer Layer Top,TOP,BETA-07-6-0,1,KR,KRW,CUST-0326,서울,강남구,paid
2026-08-16T12:13:00.000Z,무신사,SHEER-15-WHT-F,10,871200,31000,104544,39204,3500,0,0,ONLINE,온라인몰,Sheer Layer Top,TOP,BETA-07-6-1,1,KR,KRW,CUST-0331,경기,성남시,paid
2026-08-16T13:20:00.000Z,29CM,SHEER-15-WHT-F,10,891000,31000,124740,35640,3500,0,0,ONLINE,온라인몰,Sheer Layer Top,TOP,BETA-07-6-2,1,KR,KRW,CUST-0336,부산,해운대구,paid
2026-08-16T14:27:00.000Z,네이버,SHEER-15-WHT-F,11,1023660,31000,81893,25592,3500,0,0,ONLINE,온라인몰,Sheer Layer Top,TOP,BETA-07-6-3,1,KR,KRW,CUST-0341,인천,연수구,paid
2026-08-16T15:34:00.000Z,W컨셉,SHEER-15-WHT-F,13,1106820,31000,166023,38739,3500,10217,3,ONLINE,온라인몰,Sheer Layer Top,TOP,BETA-07-6-4,1,KR,KRW,CUST-0346,대구,수성구,paid
2026-08-16T16:41:00.000Z,매장 POS,SHEER-15-WHT-F,15,1455300,31000,29106,14553,0,0,0,DC-ONLINE,온라인 DC,Sheer Layer Top,TOP,BETA-07-6-5,1,KR,KRW,CUST-0351,서울,성동구,paid
2026-08-16T12:17:00.000Z,자사몰,FORM-12-BLK-F,10,2599600,91000,103984,90986,3500,0,0,ONLINE,온라인몰,Relaxed Blazer,OUTER,BETA-07-7-0,1,KR,KRW,CUST-0337,경기,성남시,paid
2026-08-16T13:24:00.000Z,무신사,FORM-12-BLK-F,11,2594240,91000,311309,116741,3500,0,0,ONLINE,온라인몰,Relaxed Blazer,OUTER,BETA-07-7-1,1,KR,KRW,CUST-0342,부산,해운대구,paid
2026-08-16T14:31:00.000Z,29CM,FORM-12-BLK-F,12,2894400,91000,405216,115776,3500,0,0,ONLINE,온라인몰,Relaxed Blazer,OUTER,BETA-07-7-2,1,KR,KRW,CUST-0347,인천,연수구,paid
2026-08-16T15:38:00.000Z,네이버,FORM-12-BLK-F,14,3526880,91000,282150,88172,3500,30230,3,ONLINE,온라인몰,Relaxed Blazer,OUTER,BETA-07-7-3,1,KR,KRW,CUST-0352,대구,수성구,paid
2026-08-16T16:45:00.000Z,W컨셉,FORM-12-BLK-F,16,3687680,91000,553152,129069,3500,0,0,ONLINE,온라인몰,Relaxed Blazer,OUTER,BETA-07-7-4,1,KR,KRW,CUST-0357,서울,성동구,paid
2026-08-16T17:52:00.000Z,매장 POS,FORM-12-BLK-F,18,4727520,91000,94550,47275,0,0,0,ONLINE,온라인몰,Relaxed Blazer,OUTER,BETA-07-7-5,1,KR,KRW,CUST-0362,서울,강남구,paid
2026-08-15T18:00:00.000Z,자사몰,ARC-07-BLK-F,5,1202800,82000,48112,42098,3500,0,0,ONLINE,온라인몰,Utility Jacket,OUTER,BETA-08-0-0,1,KR,KRW,CUST-0297,경기,성남시,paid
2026-08-15T19:07:00.000Z,무신사,ARC-07-BLK-F,5,1091200,82000,130944,49104,3500,0,0,ONLINE,온라인몰,Utility Jacket,OUTER,BETA-08-0-1,1,KR,KRW,CUST-0302,부산,해운대구,paid
2026-08-15T20:14:00.000Z,29CM,ARC-07-BLK-F,5,1116000,82000,156240,44640,3500,0,0,ONLINE,온라인몰,Utility Jacket,OUTER,BETA-08-0-2,1,KR,KRW,CUST-0307,인천,연수구,paid
2026-08-15T21:21:00.000Z,네이버,ARC-07-BLK-F,6,1398720,82000,111898,34968,3500,0,0,ONLINE,온라인몰,Utility Jacket,OUTER,BETA-08-0-3,1,KR,KRW,CUST-0312,대구,수성구,paid
2026-08-15T10:28:00.000Z,W컨셉,ARC-07-BLK-F,6,1279680,82000,191952,44789,3500,0,0,ONLINE,온라인몰,Utility Jacket,OUTER,BETA-08-0-4,1,KR,KRW,CUST-0317,서울,성동구,paid
2026-08-15T11:35:00.000Z,매장 POS,ARC-07-BLK-F,6,1458240,82000,29165,14582,0,0,0,STORE-SEONGSU,성수 플래그십,Utility Jacket,OUTER,BETA-08-0-5,1,KR,KRW,CUST-0322,서울,강남구,paid
2026-08-15T19:11:00.000Z,자사몰,FLOW-22-BLK-F,6,919560,51000,36782,32185,3500,0,0,ONLINE,온라인몰,Drape Pants,BOTTOM,BETA-08-1-0,1,KR,KRW,CUST-0308,부산,해운대구,paid
2026-08-15T20:18:00.000Z,무신사,FLOW-22-BLK-F,6,834240,51000,100109,37541,3500,0,0,ONLINE,온라인몰,Drape Pants,BOTTOM,BETA-08-1-1,1,KR,KRW,CUST-0313,인천,연수구,paid
2026-08-15T21:25:00.000Z,29CM,FLOW-22-BLK-F,6,853200,51000,119448,34128,3500,0,0,ONLINE,온라인몰,Drape Pants,BOTTOM,BETA-08-1-2,1,KR,KRW,CUST-0318,대구,수성구,paid
2026-08-15T10:32:00.000Z,네이버,FLOW-22-BLK-F,6,891120,51000,71290,22278,3500,0,0,ONLINE,온라인몰,Drape Pants,BOTTOM,BETA-08-1-3,1,KR,KRW,CUST-0323,서울,성동구,paid
2026-08-15T11:39:00.000Z,W컨셉,FLOW-22-BLK-F,6,815280,51000,122292,28535,3500,0,0,ONLINE,온라인몰,Drape Pants,BOTTOM,BETA-08-1-4,1,KR,KRW,CUST-0328,서울,강남구,paid
2026-08-15T12:46:00.000Z,매장 POS,FLOW-22-BLK-F,7,1083880,51000,21678,10839,0,0,0,STORE-GANGNAM,강남점,Drape Pants,BOTTOM,BETA-08-1-5,1,KR,KRW,CUST-0333,경기,성남시,paid
2026-08-15T20:22:00.000Z,자사몰,EASE-19-IVY-F,6,517980,27000,20719,18129,3500,0,0,ONLINE,온라인몰,Layer Top,TOP,BETA-08-2-0,1,KR,KRW,CUST-0319,인천,연수구,paid
2026-08-15T21:29:00.000Z,무신사,EASE-19-IVY-F,7,548240,27000,65789,24671,3500,0,0,ONLINE,온라인몰,Layer Top,TOP,BETA-08-2-1,1,KR,KRW,CUST-0324,대구,수성구,paid
2026-08-15T10:36:00.000Z,29CM,EASE-19-IVY-F,7,560700,27000,78498,22428,3500,0,0,ONLINE,온라인몰,Layer Top,TOP,BETA-08-2-2,1,KR,KRW,CUST-0329,서울,성동구,paid
2026-08-15T11:43:00.000Z,네이버,EASE-19-IVY-F,7,585620,27000,46850,14641,3500,0,0,ONLINE,온라인몰,Layer Top,TOP,BETA-08-2-3,1,KR,KRW,CUST-0334,서울,강남구,paid
2026-08-15T12:50:00.000Z,W컨셉,EASE-19-IVY-F,7,535780,27000,80367,18752,3500,0,0,ONLINE,온라인몰,Layer Top,TOP,BETA-08-2-4,1,KR,KRW,CUST-0339,경기,성남시,paid
2026-08-15T13:57:00.000Z,매장 POS,EASE-19-IVY-F,8,697760,27000,13955,6978,0,0,0,STORE-HANNAM,한남점,Layer Top,TOP,BETA-08-2-5,1,KR,KRW,CUST-0344,부산,해운대구,paid
2026-08-15T21:33:00.000Z,자사몰,CORE-08-GRY-F,7,808010,39000,32320,28280,3500,0,0,ONLINE,온라인몰,Core Knit,TOP,BETA-08-3-0,1,KR,KRW,CUST-0330,대구,수성구,paid
2026-08-15T10:40:00.000Z,무신사,CORE-08-GRY-F,7,733040,39000,87965,32987,3500,0,0,ONLINE,온라인몰,Core Knit,TOP,BETA-08-3-1,1,KR,KRW,CUST-0335,서울,성동구,paid
2026-08-15T11:47:00.000Z,29CM,CORE-08-GRY-F,7,749700,39000,104958,29988,3500,0,0,ONLINE,온라인몰,Core Knit,TOP,BETA-08-3-2,1,KR,KRW,CUST-0340,서울,강남구,paid
2026-08-15T12:54:00.000Z,네이버,CORE-08-GRY-F,8,894880,39000,71590,22372,3500,0,0,ONLINE,온라인몰,Core Knit,TOP,BETA-08-3-3,1,KR,KRW,CUST-0345,경기,성남시,paid
2026-08-15T13:01:00.000Z,W컨셉,CORE-08-GRY-F,8,818720,39000,122808,28655,3500,0,0,ONLINE,온라인몰,Core Knit,TOP,BETA-08-3-4,1,KR,KRW,CUST-0350,부산,해운대구,paid
2026-08-15T14:08:00.000Z,매장 POS,CORE-08-GRY-F,9,1049580,39000,20992,10496,0,0,0,STORE-BUSAN,부산 센텀,Core Knit,TOP,BETA-08-3-5,1,KR,KRW,CUST-0355,인천,연수구,paid
2026-08-15T10:44:00.000Z,자사몰,AIR-24-NVY-F,8,1536480,65000,61459,53777,3500,0,0,ONLINE,온라인몰,Volume Dress,DRESS,BETA-08-4-0,1,KR,KRW,CUST-0341,서울,성동구,paid
2026-08-15T11:51:00.000Z,무신사,AIR-24-NVY-F,8,1393920,65000,167270,62726,3500,0,0,ONLINE,온라인몰,Volume Dress,DRESS,BETA-08-4-1,1,KR,KRW,CUST-0346,서울,강남구,paid
2026-08-15T12:58:00.000Z,29CM,AIR-24-NVY-F,8,1425600,65000,199584,57024,3500,0,0,ONLINE,온라인몰,Volume Dress,DRESS,BETA-08-4-2,1,KR,KRW,CUST-0351,경기,성남시,paid
2026-08-15T13:05:00.000Z,네이버,AIR-24-NVY-F,9,1675080,65000,134006,41877,3500,0,0,ONLINE,온라인몰,Volume Dress,DRESS,BETA-08-4-3,1,KR,KRW,CUST-0356,부산,해운대구,paid
2026-08-15T14:12:00.000Z,W컨셉,AIR-24-NVY-F,10,1702800,65000,255420,59598,3500,0,0,ONLINE,온라인몰,Volume Dress,DRESS,BETA-08-4-4,1,KR,KRW,CUST-0361,인천,연수구,paid
2026-08-15T15:19:00.000Z,매장 POS,AIR-24-NVY-F,11,2134440,65000,42689,21344,0,15523,2,STORE-SHANGHAI,상하이 IFC,Volume Dress,DRESS,BETA-08-4-5,1,KR,KRW,CUST-0366,대구,수성구,paid
2026-08-15T11:55:00.000Z,자사몰,FRAME-31-DNM-F,8,1769280,78000,70771,61925,3500,0,0,ONLINE,온라인몰,Denim Dress,DRESS,BETA-08-5-0,1,KR,KRW,CUST-0352,서울,강남구,paid
2026-08-15T12:02:00.000Z,무신사,FRAME-31-DNM-F,8,1605120,78000,192614,72230,3500,0,0,ONLINE,온라인몰,Denim Dress,DRESS,BETA-08-5-1,1,KR,KRW,CUST-0357,경기,성남시,paid
2026-08-15T13:09:00.000Z,29CM,FRAME-31-DNM-F,9,1846800,78000,258552,73872,3500,0,0,ONLINE,온라인몰,Denim Dress,DRESS,BETA-08-5-2,1,KR,KRW,CUST-0362,부산,해운대구,paid
2026-08-15T14:16:00.000Z,네이버,FRAME-31-DNM-F,10,2143200,78000,171456,53580,3500,0,0,ONLINE,온라인몰,Denim Dress,DRESS,BETA-08-5-3,1,KR,KRW,CUST-0367,인천,연수구,paid
2026-08-15T15:23:00.000Z,W컨셉,FRAME-31-DNM-F,12,2352960,78000,352944,82354,3500,15686,2,ONLINE,온라인몰,Denim Dress,DRESS,BETA-08-5-4,1,KR,KRW,CUST-0372,대구,수성구,paid
2026-08-15T16:30:00.000Z,매장 POS,FRAME-31-DNM-F,14,3128160,78000,62563,31282,0,0,0,DC-ONLINE,온라인 DC,Denim Dress,DRESS,BETA-08-5-5,1,KR,KRW,CUST-0377,서울,성동구,paid
2026-08-15T12:06:00.000Z,자사몰,SHEER-15-WHT-F,9,864270,31000,34571,30249,3500,0,0,ONLINE,온라인몰,Sheer Layer Top,TOP,BETA-08-6-0,1,KR,KRW,CUST-0363,경기,성남시,paid
2026-08-15T13:13:00.000Z,무신사,SHEER-15-WHT-F,10,871200,31000,104544,39204,3500,0,0,ONLINE,온라인몰,Sheer Layer Top,TOP,BETA-08-6-1,1,KR,KRW,CUST-0368,부산,해운대구,paid
2026-08-15T14:20:00.000Z,29CM,SHEER-15-WHT-F,11,980100,31000,137214,39204,3500,0,0,ONLINE,온라인몰,Sheer Layer Top,TOP,BETA-08-6-2,1,KR,KRW,CUST-0373,인천,연수구,paid
2026-08-15T15:27:00.000Z,네이버,SHEER-15-WHT-F,12,1116720,31000,89338,27918,3500,7445,2,ONLINE,온라인몰,Sheer Layer Top,TOP,BETA-08-6-3,1,KR,KRW,CUST-0378,대구,수성구,paid
2026-08-15T16:34:00.000Z,W컨셉,SHEER-15-WHT-F,14,1191960,31000,178794,41719,3500,0,0,ONLINE,온라인몰,Sheer Layer Top,TOP,BETA-08-6-4,1,KR,KRW,CUST-0383,서울,성동구,paid
2026-08-15T17:41:00.000Z,매장 POS,SHEER-15-WHT-F,17,1649340,31000,32987,16493,0,0,0,ONLINE,온라인몰,Sheer Layer Top,TOP,BETA-08-6-5,1,KR,KRW,CUST-0388,서울,강남구,paid
2026-08-15T13:17:00.000Z,자사몰,FORM-12-BLK-F,10,2599600,91000,103984,90986,3500,0,0,ONLINE,온라인몰,Relaxed Blazer,OUTER,BETA-08-7-0,1,KR,KRW,CUST-0374,부산,해운대구,paid
2026-08-15T14:24:00.000Z,무신사,FORM-12-BLK-F,11,2594240,91000,311309,116741,3500,0,0,ONLINE,온라인몰,Relaxed Blazer,OUTER,BETA-08-7-1,1,KR,KRW,CUST-0379,인천,연수구,paid
2026-08-15T15:31:00.000Z,29CM,FORM-12-BLK-F,13,3135600,91000,438984,125424,3500,28944,3,ONLINE,온라인몰,Relaxed Blazer,OUTER,BETA-08-7-2,1,KR,KRW,CUST-0384,대구,수성구,paid
2026-08-15T16:38:00.000Z,네이버,FORM-12-BLK-F,15,3778800,91000,302304,94470,3500,0,0,ONLINE,온라인몰,Relaxed Blazer,OUTER,BETA-08-7-3,1,KR,KRW,CUST-0389,서울,성동구,paid
2026-08-15T17:45:00.000Z,W컨셉,FORM-12-BLK-F,17,3918160,91000,587724,137136,3500,0,0,ONLINE,온라인몰,Relaxed Blazer,OUTER,BETA-08-7-4,1,KR,KRW,CUST-0394,서울,강남구,paid
2026-08-15T18:52:00.000Z,매장 POS,FORM-12-BLK-F,20,0,91000,0,0,0,0,0,STORE-SEONGSU,성수 플래그십,Relaxed Blazer,OUTER,BETA-08-7-5,1,KR,KRW,CUST-0399,경기,성남시,cancelled
2026-08-14T19:00:00.000Z,자사몰,ARC-07-BLK-F,4,962240,82000,38490,33678,3500,0,0,ONLINE,온라인몰,Utility Jacket,OUTER,BETA-09-0-0,1,KR,KRW,CUST-0334,부산,해운대구,paid
2026-08-14T20:07:00.000Z,무신사,ARC-07-BLK-F,5,1091200,82000,130944,49104,3500,0,0,ONLINE,온라인몰,Utility Jacket,OUTER,BETA-09-0-1,1,KR,KRW,CUST-0339,인천,연수구,paid
2026-08-14T21:14:00.000Z,29CM,ARC-07-BLK-F,5,1116000,82000,156240,44640,3500,0,0,ONLINE,온라인몰,Utility Jacket,OUTER,BETA-09-0-2,1,KR,KRW,CUST-0344,대구,수성구,paid
2026-08-14T10:21:00.000Z,네이버,ARC-07-BLK-F,5,1165600,82000,93248,29140,3500,0,0,ONLINE,온라인몰,Utility Jacket,OUTER,BETA-09-0-3,1,KR,KRW,CUST-0349,서울,성동구,paid
2026-08-14T11:28:00.000Z,W컨셉,ARC-07-BLK-F,5,1066400,82000,159960,37324,3500,0,0,ONLINE,온라인몰,Utility Jacket,OUTER,BETA-09-0-4,1,KR,KRW,CUST-0354,서울,강남구,paid
2026-08-14T12:35:00.000Z,매장 POS,ARC-07-BLK-F,6,1458240,82000,29165,14582,0,0,0,STORE-GANGNAM,강남점,Utility Jacket,OUTER,BETA-09-0-5,1,KR,KRW,CUST-0359,경기,성남시,paid
2026-08-14T20:11:00.000Z,자사몰,FLOW-22-BLK-F,5,766300,51000,30652,26821,3500,0,0,ONLINE,온라인몰,Drape Pants,BOTTOM,BETA-09-1-0,1,KR,KRW,CUST-0345,인천,연수구,paid
2026-08-14T21:18:00.000Z,무신사,FLOW-22-BLK-F,5,695200,51000,83424,31284,3500,0,0,ONLINE,온라인몰,Drape Pants,BOTTOM,BETA-09-1-1,1,KR,KRW,CUST-0350,대구,수성구,paid
2026-08-14T10:25:00.000Z,29CM,FLOW-22-BLK-F,6,853200,51000,119448,34128,3500,0,0,ONLINE,온라인몰,Drape Pants,BOTTOM,BETA-09-1-2,1,KR,KRW,CUST-0355,서울,성동구,paid
2026-08-14T11:32:00.000Z,네이버,FLOW-22-BLK-F,6,891120,51000,71290,22278,3500,0,0,ONLINE,온라인몰,Drape Pants,BOTTOM,BETA-09-1-3,1,KR,KRW,CUST-0360,서울,강남구,paid
2026-08-14T12:39:00.000Z,W컨셉,FLOW-22-BLK-F,6,815280,51000,122292,28535,3500,0,0,ONLINE,온라인몰,Drape Pants,BOTTOM,BETA-09-1-4,1,KR,KRW,CUST-0365,경기,성남시,paid
2026-08-14T13:46:00.000Z,매장 POS,FLOW-22-BLK-F,7,1083880,51000,21678,10839,0,0,0,STORE-HANNAM,한남점,Drape Pants,BOTTOM,BETA-09-1-5,1,KR,KRW,CUST-0370,부산,해운대구,paid
2026-08-14T21:22:00.000Z,자사몰,EASE-19-IVY-F,6,517980,27000,20719,18129,3500,0,0,ONLINE,온라인몰,Layer Top,TOP,BETA-09-2-0,1,KR,KRW,CUST-0356,대구,수성구,paid
2026-08-14T10:29:00.000Z,무신사,EASE-19-IVY-F,6,469920,27000,56390,21146,3500,0,0,ONLINE,온라인몰,Layer Top,TOP,BETA-09-2-1,1,KR,KRW,CUST-0361,서울,성동구,paid
2026-08-14T11:36:00.000Z,29CM,EASE-19-IVY-F,6,480600,27000,67284,19224,3500,0,0,ONLINE,온라인몰,Layer Top,TOP,BETA-09-2-2,1,KR,KRW,CUST-0366,서울,강남구,paid
2026-08-14T12:43:00.000Z,네이버,EASE-19-IVY-F,7,585620,27000,46850,14641,3500,0,0,ONLINE,온라인몰,Layer Top,TOP,BETA-09-2-3,1,KR,KRW,CUST-0371,경기,성남시,paid
2026-08-14T13:50:00.000Z,W컨셉,EASE-19-IVY-F,7,535780,27000,80367,18752,3500,0,0,ONLINE,온라인몰,Layer Top,TOP,BETA-09-2-4,1,KR,KRW,CUST-0376,부산,해운대구,paid
2026-08-14T14:57:00.000Z,매장 POS,EASE-19-IVY-F,8,697760,27000,13955,6978,0,0,0,STORE-BUSAN,부산 센텀,Layer Top,TOP,BETA-09-2-5,1,KR,KRW,CUST-0381,인천,연수구,paid
2026-08-14T10:33:00.000Z,자사몰,CORE-08-GRY-F,6,692580,39000,27703,24240,3500,0,0,ONLINE,온라인몰,Core Knit,TOP,BETA-09-3-0,1,KR,KRW,CUST-0367,서울,성동구,paid
2026-08-14T11:40:00.000Z,무신사,CORE-08-GRY-F,7,733040,39000,87965,32987,3500,0,0,ONLINE,온라인몰,Core Knit,TOP,BETA-09-3-1,1,KR,KRW,CUST-0372,서울,강남구,paid
2026-08-14T12:47:00.000Z,29CM,CORE-08-GRY-F,7,749700,39000,104958,29988,3500,0,0,ONLINE,온라인몰,Core Knit,TOP,BETA-09-3-2,1,KR,KRW,CUST-0377,경기,성남시,paid
2026-08-14T13:54:00.000Z,네이버,CORE-08-GRY-F,8,894880,39000,71590,22372,3500,0,0,ONLINE,온라인몰,Core Knit,TOP,BETA-09-3-3,1,KR,KRW,CUST-0382,부산,해운대구,paid
2026-08-14T14:01:00.000Z,W컨셉,CORE-08-GRY-F,9,921060,39000,138159,32237,3500,0,0,ONLINE,온라인몰,Core Knit,TOP,BETA-09-3-4,1,KR,KRW,CUST-0387,인천,연수구,paid
2026-08-14T15:08:00.000Z,매장 POS,CORE-08-GRY-F,10,1166200,39000,23324,11662,0,9330,2,STORE-SHANGHAI,상하이 IFC,Core Knit,TOP,BETA-09-3-5,1,KR,KRW,CUST-0392,대구,수성구,paid
2026-08-14T11:44:00.000Z,자사몰,AIR-24-NVY-F,7,1344420,65000,53777,47055,3500,0,0,ONLINE,온라인몰,Volume Dress,DRESS,BETA-09-4-0,1,KR,KRW,CUST-0378,서울,강남구,paid
2026-08-14T12:51:00.000Z,무신사,AIR-24-NVY-F,7,1219680,65000,146362,54886,3500,0,0,ONLINE,온라인몰,Volume Dress,DRESS,BETA-09-4-1,1,KR,KRW,CUST-0383,경기,성남시,paid
2026-08-14T13:58:00.000Z,29CM,AIR-24-NVY-F,8,1425600,65000,199584,57024,3500,0,0,ONLINE,온라인몰,Volume Dress,DRESS,BETA-09-4-2,1,KR,KRW,CUST-0388,부산,해운대구,paid
2026-08-14T14:05:00.000Z,네이버,AIR-24-NVY-F,9,1675080,65000,134006,41877,3500,0,0,ONLINE,온라인몰,Volume Dress,DRESS,BETA-09-4-3,1,KR,KRW,CUST-0393,인천,연수구,paid
2026-08-14T15:12:00.000Z,W컨셉,AIR-24-NVY-F,11,1873080,65000,280962,65558,3500,13622,2,ONLINE,온라인몰,Volume Dress,DRESS,BETA-09-4-4,1,KR,KRW,CUST-0398,대구,수성구,paid
2026-08-14T16:19:00.000Z,매장 POS,AIR-24-NVY-F,13,2522520,65000,50450,25225,0,0,0,DC-ONLINE,온라인 DC,Volume Dress,DRESS,BETA-09-4-5,1,KR,KRW,CUST-0403,서울,성동구,paid
2026-08-14T12:55:00.000Z,자사몰,FRAME-31-DNM-F,8,1769280,78000,70771,61925,3500,0,0,ONLINE,온라인몰,Denim Dress,DRESS,BETA-09-5-0,1,KR,KRW,CUST-0389,경기,성남시,paid
2026-08-14T13:02:00.000Z,무신사,FRAME-31-DNM-F,9,1805760,78000,216691,81259,3500,0,0,ONLINE,온라인몰,Denim Dress,DRESS,BETA-09-5-1,1,KR,KRW,CUST-0394,부산,해운대구,paid
2026-08-14T14:09:00.000Z,29CM,FRAME-31-DNM-F,10,2052000,78000,287280,82080,3500,0,0,ONLINE,온라인몰,Denim Dress,DRESS,BETA-09-5-2,1,KR,KRW,CUST-0399,인천,연수구,paid
2026-08-14T15:16:00.000Z,네이버,FRAME-31-DNM-F,11,2357520,78000,188602,58938,3500,17146,2,ONLINE,온라인몰,Denim Dress,DRESS,BETA-09-5-3,1,KR,KRW,CUST-0404,대구,수성구,paid
2026-08-14T16:23:00.000Z,W컨셉,FRAME-31-DNM-F,13,2549040,78000,382356,89216,3500,0,0,ONLINE,온라인몰,Denim Dress,DRESS,BETA-09-5-4,1,KR,KRW,CUST-0409,서울,성동구,paid
2026-08-14T17:30:00.000Z,매장 POS,FRAME-31-DNM-F,15,3351600,78000,67032,33516,0,0,0,ONLINE,온라인몰,Denim Dress,DRESS,BETA-09-5-5,1,KR,KRW,CUST-0414,서울,강남구,paid
2026-08-14T13:06:00.000Z,자사몰,SHEER-15-WHT-F,9,864270,31000,34571,30249,3500,0,0,ONLINE,온라인몰,Sheer Layer Top,TOP,BETA-09-6-0,1,KR,KRW,CUST-0400,부산,해운대구,paid
2026-08-14T14:13:00.000Z,무신사,SHEER-15-WHT-F,10,871200,31000,104544,39204,3500,0,0,ONLINE,온라인몰,Sheer Layer Top,TOP,BETA-09-6-1,1,KR,KRW,CUST-0405,인천,연수구,paid
2026-08-14T15:20:00.000Z,29CM,SHEER-15-WHT-F,12,1069200,31000,149688,42768,3500,7128,2,ONLINE,온라인몰,Sheer Layer Top,TOP,BETA-09-6-2,1,KR,KRW,CUST-0410,대구,수성구,paid
2026-08-14T16:27:00.000Z,네이버,SHEER-15-WHT-F,14,1302840,31000,104227,32571,3500,0,0,ONLINE,온라인몰,Sheer Layer Top,TOP,BETA-09-6-3,1,KR,KRW,CUST-0415,서울,성동구,paid
2026-08-14T17:34:00.000Z,W컨셉,SHEER-15-WHT-F,16,1362240,31000,204336,47678,3500,0,0,ONLINE,온라인몰,Sheer Layer Top,TOP,BETA-09-6-4,1,KR,KRW,CUST-0420,서울,강남구,paid
2026-08-14T18:41:00.000Z,매장 POS,SHEER-15-WHT-F,18,1746360,31000,34927,17464,0,0,0,STORE-SEONGSU,성수 플래그십,Sheer Layer Top,TOP,BETA-09-6-5,1,KR,KRW,CUST-0005,경기,성남시,paid
2026-08-14T14:17:00.000Z,자사몰,FORM-12-BLK-F,11,2859560,91000,114382,100085,3500,0,0,ONLINE,온라인몰,Relaxed Blazer,OUTER,BETA-09-7-0,1,KR,KRW,CUST-0411,인천,연수구,paid
2026-08-14T15:24:00.000Z,무신사,FORM-12-BLK-F,12,2830080,91000,339610,127354,3500,18867,2,ONLINE,온라인몰,Relaxed Blazer,OUTER,BETA-09-7-1,1,KR,KRW,CUST-0416,대구,수성구,paid
2026-08-14T16:31:00.000Z,29CM,FORM-12-BLK-F,14,3376800,91000,472752,135072,3500,0,0,ONLINE,온라인몰,Relaxed Blazer,OUTER,BETA-09-7-2,1,KR,KRW,CUST-0001,서울,성동구,paid
2026-08-14T17:38:00.000Z,네이버,FORM-12-BLK-F,16,4030720,91000,322458,100768,3500,0,0,ONLINE,온라인몰,Relaxed Blazer,OUTER,BETA-09-7-3,1,KR,KRW,CUST-0006,서울,강남구,paid
2026-08-14T18:45:00.000Z,W컨셉,FORM-12-BLK-F,19,4379120,91000,656868,153269,3500,0,0,ONLINE,온라인몰,Relaxed Blazer,OUTER,BETA-09-7-4,1,KR,KRW,CUST-0011,경기,성남시,paid
2026-08-14T19:52:00.000Z,매장 POS,FORM-12-BLK-F,21,5515440,91000,110309,55154,0,0,0,STORE-GANGNAM,강남점,Relaxed Blazer,OUTER,BETA-09-7-5,1,KR,KRW,CUST-0016,부산,해운대구,paid
2026-08-13T20:00:00.000Z,자사몰,ARC-07-BLK-F,4,962240,82000,38490,33678,3500,0,0,ONLINE,온라인몰,Utility Jacket,OUTER,BETA-10-0-0,1,KR,KRW,CUST-0371,인천,연수구,paid
2026-08-13T21:07:00.000Z,무신사,ARC-07-BLK-F,4,872960,82000,104755,39283,3500,0,0,ONLINE,온라인몰,Utility Jacket,OUTER,BETA-10-0-1,1,KR,KRW,CUST-0376,대구,수성구,paid
2026-08-13T10:14:00.000Z,29CM,ARC-07-BLK-F,4,892800,82000,124992,35712,3500,0,0,ONLINE,온라인몰,Utility Jacket,OUTER,BETA-10-0-2,1,KR,KRW,CUST-0381,서울,성동구,paid
2026-08-13T11:21:00.000Z,네이버,ARC-07-BLK-F,5,1165600,82000,93248,29140,3500,0,0,ONLINE,온라인몰,Utility Jacket,OUTER,BETA-10-0-3,1,KR,KRW,CUST-0386,서울,강남구,paid
2026-08-13T12:28:00.000Z,W컨셉,ARC-07-BLK-F,5,1066400,82000,159960,37324,3500,0,0,ONLINE,온라인몰,Utility Jacket,OUTER,BETA-10-0-4,1,KR,KRW,CUST-0391,경기,성남시,paid
2026-08-13T13:35:00.000Z,매장 POS,ARC-07-BLK-F,6,1458240,82000,29165,14582,0,0,0,STORE-HANNAM,한남점,Utility Jacket,OUTER,BETA-10-0-5,1,KR,KRW,CUST-0396,부산,해운대구,paid
2026-08-13T21:11:00.000Z,자사몰,FLOW-22-BLK-F,5,766300,51000,30652,26821,3500,0,0,ONLINE,온라인몰,Drape Pants,BOTTOM,BETA-10-1-0,1,KR,KRW,CUST-0382,대구,수성구,paid
2026-08-13T10:18:00.000Z,무신사,FLOW-22-BLK-F,5,695200,51000,83424,31284,3500,0,0,ONLINE,온라인몰,Drape Pants,BOTTOM,BETA-10-1-1,1,KR,KRW,CUST-0387,서울,성동구,paid
2026-08-13T11:25:00.000Z,29CM,FLOW-22-BLK-F,5,711000,51000,99540,28440,3500,0,0,ONLINE,온라인몰,Drape Pants,BOTTOM,BETA-10-1-2,1,KR,KRW,CUST-0392,서울,강남구,paid
2026-08-13T12:32:00.000Z,네이버,FLOW-22-BLK-F,6,891120,51000,71290,22278,3500,0,0,ONLINE,온라인몰,Drape Pants,BOTTOM,BETA-10-1-3,1,KR,KRW,CUST-0397,경기,성남시,paid
2026-08-13T13:39:00.000Z,W컨셉,FLOW-22-BLK-F,6,815280,51000,122292,28535,3500,0,0,ONLINE,온라인몰,Drape Pants,BOTTOM,BETA-10-1-4,1,KR,KRW,CUST-0402,부산,해운대구,paid
2026-08-13T14:46:00.000Z,매장 POS,FLOW-22-BLK-F,7,1083880,51000,21678,10839,0,0,0,STORE-BUSAN,부산 센텀,Drape Pants,BOTTOM,BETA-10-1-5,1,KR,KRW,CUST-0407,인천,연수구,paid
2026-08-13T10:22:00.000Z,자사몰,EASE-19-IVY-F,5,431650,27000,17266,15108,3500,0,0,ONLINE,온라인몰,Layer Top,TOP,BETA-10-2-0,1,KR,KRW,CUST-0393,서울,성동구,paid
2026-08-13T11:29:00.000Z,무신사,EASE-19-IVY-F,6,469920,27000,56390,21146,3500,0,0,ONLINE,온라인몰,Layer Top,TOP,BETA-10-2-1,1,KR,KRW,CUST-0398,서울,강남구,paid
2026-08-13T12:36:00.000Z,29CM,EASE-19-IVY-F,6,480600,27000,67284,19224,3500,0,0,ONLINE,온라인몰,Layer Top,TOP,BETA-10-2-2,1,KR,KRW,CUST-0403,경기,성남시,paid
2026-08-13T13:43:00.000Z,네이버,EASE-19-IVY-F,7,585620,27000,46850,14641,3500,0,0,ONLINE,온라인몰,Layer Top,TOP,BETA-10-2-3,1,KR,KRW,CUST-0408,부산,해운대구,paid
2026-08-13T14:50:00.000Z,W컨셉,EASE-19-IVY-F,8,612320,27000,91848,21431,3500,0,0,ONLINE,온라인몰,Layer Top,TOP,BETA-10-2-4,1,KR,KRW,CUST-0413,인천,연수구,paid
2026-08-13T15:57:00.000Z,매장 POS,EASE-19-IVY-F,9,784980,27000,15700,7850,0,6978,2,STORE-SHANGHAI,상하이 IFC,Layer Top,TOP,BETA-10-2-5,1,KR,KRW,CUST-0418,대구,수성구,paid
2026-08-13T11:33:00.000Z,자사몰,CORE-08-GRY-F,6,692580,39000,27703,24240,3500,0,0,ONLINE,온라인몰,Core Knit,TOP,BETA-10-3-0,1,KR,KRW,CUST-0404,서울,강남구,paid
2026-08-13T12:40:00.000Z,무신사,CORE-08-GRY-F,6,628320,39000,75398,28274,3500,0,0,ONLINE,온라인몰,Core Knit,TOP,BETA-10-3-1,1,KR,KRW,CUST-0409,경기,성남시,paid
2026-08-13T13:47:00.000Z,29CM,CORE-08-GRY-F,7,749700,39000,104958,29988,3500,0,0,ONLINE,온라인몰,Core Knit,TOP,BETA-10-3-2,1,KR,KRW,CUST-0414,부산,해운대구,paid
2026-08-13T14:54:00.000Z,네이버,CORE-08-GRY-F,8,894880,39000,71590,22372,3500,0,0,ONLINE,온라인몰,Core Knit,TOP,BETA-10-3-3,1,KR,KRW,CUST-0419,인천,연수구,paid
2026-08-13T15:01:00.000Z,W컨셉,CORE-08-GRY-F,10,1023400,39000,153510,35819,3500,8187,2,ONLINE,온라인몰,Core Knit,TOP,BETA-10-3-4,1,KR,KRW,CUST-0004,대구,수성구,paid
2026-08-13T16:08:00.000Z,매장 POS,CORE-08-GRY-F,11,1282820,39000,25656,12828,0,0,0,DC-ONLINE,온라인 DC,Core Knit,TOP,BETA-10-3-5,1,KR,KRW,CUST-0009,서울,성동구,paid
2026-08-13T12:44:00.000Z,자사몰,AIR-24-NVY-F,7,0,65000,0,0,3500,0,0,ONLINE,온라인몰,Volume Dress,DRESS,BETA-10-4-0,1,KR,KRW,CUST-0415,경기,성남시,cancelled
2026-08-13T13:51:00.000Z,무신사,AIR-24-NVY-F,8,1393920,65000,167270,62726,3500,0,0,ONLINE,온라인몰,Volume Dress,DRESS,BETA-10-4-1,1,KR,KRW,CUST-0420,부산,해운대구,paid
2026-08-13T14:58:00.000Z,29CM,AIR-24-NVY-F,9,1603800,65000,224532,64152,3500,0,0,ONLINE,온라인몰,Volume Dress,DRESS,BETA-10-4-2,1,KR,KRW,CUST-0005,인천,연수구,paid
2026-08-13T15:05:00.000Z,네이버,AIR-24-NVY-F,10,1861200,65000,148896,46530,3500,14890,2,ONLINE,온라인몰,Volume Dress,DRESS,BETA-10-4-3,1,KR,KRW,CUST-0010,대구,수성구,paid
2026-08-13T16:12:00.000Z,W컨셉,AIR-24-NVY-F,12,2043360,65000,306504,71518,3500,0,0,ONLINE,온라인몰,Volume Dress,DRESS,BETA-10-4-4,1,KR,KRW,CUST-0015,서울,성동구,paid
2026-08-13T17:19:00.000Z,매장 POS,AIR-24-NVY-F,14,2716560,65000,54331,27166,0,0,0,ONLINE,온라인몰,Volume Dress,DRESS,BETA-10-4-5,1,KR,KRW,CUST-0020,서울,강남구,paid
2026-08-13T13:55:00.000Z,자사몰,FRAME-31-DNM-F,8,1769280,78000,70771,61925,3500,0,0,ONLINE,온라인몰,Denim Dress,DRESS,BETA-10-5-0,1,KR,KRW,CUST-0006,부산,해운대구,paid
2026-08-13T14:02:00.000Z,무신사,FRAME-31-DNM-F,9,1805760,78000,216691,81259,3500,0,0,ONLINE,온라인몰,Denim Dress,DRESS,BETA-10-5-1,1,KR,KRW,CUST-0011,인천,연수구,paid
2026-08-13T15:09:00.000Z,29CM,FRAME-31-DNM-F,11,2257200,78000,316008,90288,3500,16416,2,ONLINE,온라인몰,Denim Dress,DRESS,BETA-10-5-2,1,KR,KRW,CUST-0016,대구,수성구,paid
2026-08-13T16:16:00.000Z,네이버,FRAME-31-DNM-F,12,2571840,78000,205747,64296,3500,0,0,ONLINE,온라인몰,Denim Dress,DRESS,BETA-10-5-3,1,KR,KRW,CUST-0021,서울,성동구,paid
2026-08-13T17:23:00.000Z,W컨셉,FRAME-31-DNM-F,14,2745120,78000,411768,96079,3500,0,0,ONLINE,온라인몰,Denim Dress,DRESS,BETA-10-5-4,1,KR,KRW,CUST-0026,서울,강남구,paid
2026-08-13T18:30:00.000Z,매장 POS,FRAME-31-DNM-F,17,3798480,78000,75970,37985,0,0,0,STORE-SEONGSU,성수 플래그십,Denim Dress,DRESS,BETA-10-5-5,1,KR,KRW,CUST-0031,경기,성남시,paid
2026-08-13T14:06:00.000Z,자사몰,SHEER-15-WHT-F,10,960300,31000,38412,33611,3500,0,0,ONLINE,온라인몰,Sheer Layer Top,TOP,BETA-10-6-0,1,KR,KRW,CUST-0017,인천,연수구,paid
2026-08-13T15:13:00.000Z,무신사,SHEER-15-WHT-F,11,958320,31000,114998,43124,3500,6970,2,ONLINE,온라인몰,Sheer Layer Top,TOP,BETA-10-6-1,1,KR,KRW,CUST-0022,대구,수성구,paid
2026-08-13T16:20:00.000Z,29CM,SHEER-15-WHT-F,13,1158300,31000,162162,46332,3500,0,0,ONLINE,온라인몰,Sheer Layer Top,TOP,BETA-10-6-2,1,KR,KRW,CUST-0027,서울,성동구,paid
2026-08-13T17:27:00.000Z,네이버,SHEER-15-WHT-F,15,1395900,31000,111672,34898,3500,0,0,ONLINE,온라인몰,Sheer Layer Top,TOP,BETA-10-6-3,1,KR,KRW,CUST-0032,서울,강남구,paid
2026-08-13T18:34:00.000Z,W컨셉,SHEER-15-WHT-F,17,1447380,31000,217107,50658,3500,0,0,ONLINE,온라인몰,Sheer Layer Top,TOP,BETA-10-6-4,1,KR,KRW,CUST-0037,경기,성남시,paid
2026-08-13T19:41:00.000Z,매장 POS,SHEER-15-WHT-F,19,1843380,31000,36868,18434,0,0,0,STORE-GANGNAM,강남점,Sheer Layer Top,TOP,BETA-10-6-5,1,KR,KRW,CUST-0042,부산,해운대구,paid
2026-08-13T15:17:00.000Z,자사몰,FORM-12-BLK-F,12,3119520,91000,124781,109183,3500,20797,2,ONLINE,온라인몰,Relaxed Blazer,OUTER,BETA-10-7-0,1,KR,KRW,CUST-0028,대구,수성구,paid
2026-08-13T16:24:00.000Z,무신사,FORM-12-BLK-F,13,3065920,91000,367910,137966,3500,0,0,ONLINE,온라인몰,Relaxed Blazer,OUTER,BETA-10-7-1,1,KR,KRW,CUST-0033,서울,성동구,paid
2026-08-13T17:31:00.000Z,29CM,FORM-12-BLK-F,16,3859200,91000,540288,154368,3500,0,0,ONLINE,온라인몰,Relaxed Blazer,OUTER,BETA-10-7-2,1,KR,KRW,CUST-0038,서울,강남구,paid
2026-08-13T18:38:00.000Z,네이버,FORM-12-BLK-F,18,4534560,91000,362765,113364,3500,0,0,ONLINE,온라인몰,Relaxed Blazer,OUTER,BETA-10-7-3,1,KR,KRW,CUST-0043,경기,성남시,paid
2026-08-13T19:45:00.000Z,W컨셉,FORM-12-BLK-F,20,4609600,91000,691440,161336,3500,0,0,ONLINE,온라인몰,Relaxed Blazer,OUTER,BETA-10-7-4,1,KR,KRW,CUST-0048,부산,해운대구,paid
2026-08-13T20:52:00.000Z,매장 POS,FORM-12-BLK-F,22,5778080,91000,115562,57781,0,0,0,STORE-HANNAM,한남점,Relaxed Blazer,OUTER,BETA-10-7-5,1,KR,KRW,CUST-0053,인천,연수구,paid
2026-08-12T21:00:00.000Z,자사몰,ARC-07-BLK-F,3,721680,82000,28867,25259,3500,0,0,ONLINE,온라인몰,Utility Jacket,OUTER,BETA-11-0-0,1,KR,KRW,CUST-0408,대구,수성구,paid
2026-08-12T10:07:00.000Z,무신사,ARC-07-BLK-F,4,872960,82000,104755,39283,3500,0,0,ONLINE,온라인몰,Utility Jacket,OUTER,BETA-11-0-1,1,KR,KRW,CUST-0413,서울,성동구,paid
2026-08-12T11:14:00.000Z,29CM,ARC-07-BLK-F,4,892800,82000,124992,35712,3500,0,0,ONLINE,온라인몰,Utility Jacket,OUTER,BETA-11-0-2,1,KR,KRW,CUST-0418,서울,강남구,paid
2026-08-12T12:21:00.000Z,네이버,ARC-07-BLK-F,5,1165600,82000,93248,29140,3500,0,0,ONLINE,온라인몰,Utility Jacket,OUTER,BETA-11-0-3,1,KR,KRW,CUST-0003,경기,성남시,paid
2026-08-12T13:28:00.000Z,W컨셉,ARC-07-BLK-F,5,1066400,82000,159960,37324,3500,0,0,ONLINE,온라인몰,Utility Jacket,OUTER,BETA-11-0-4,1,KR,KRW,CUST-0008,부산,해운대구,paid
2026-08-12T14:35:00.000Z,매장 POS,ARC-07-BLK-F,6,1458240,82000,29165,14582,0,0,0,STORE-BUSAN,부산 센텀,Utility Jacket,OUTER,BETA-11-0-5,1,CN,KRW,CUST-0013,인천,연수구,paid
2026-08-12T10:11:00.000Z,자사몰,FLOW-22-BLK-F,4,613040,51000,24522,21456,3500,0,0,ONLINE,온라인몰,Drape Pants,BOTTOM,BETA-11-1-0,1,KR,KRW,CUST-0419,서울,성동구,paid
2026-08-12T11:18:00.000Z,무신사,FLOW-22-BLK-F,5,695200,51000,83424,31284,3500,0,0,ONLINE,온라인몰,Drape Pants,BOTTOM,BETA-11-1-1,1,KR,KRW,CUST-0004,서울,강남구,paid
2026-08-12T12:25:00.000Z,29CM,FLOW-22-BLK-F,5,711000,51000,99540,28440,3500,0,0,ONLINE,온라인몰,Drape Pants,BOTTOM,BETA-11-1-2,1,KR,KRW,CUST-0009,경기,성남시,paid
2026-08-12T13:32:00.000Z,네이버,FLOW-22-BLK-F,6,891120,51000,71290,22278,3500,0,0,ONLINE,온라인몰,Drape Pants,BOTTOM,BETA-11-1-3,1,KR,KRW,CUST-0014,부산,해운대구,paid
2026-08-12T14:39:00.000Z,W컨셉,FLOW-22-BLK-F,7,951160,51000,142674,33291,3500,0,0,ONLINE,온라인몰,Drape Pants,BOTTOM,BETA-11-1-4,1,KR,KRW,CUST-0019,인천,연수구,paid
2026-08-12T15:46:00.000Z,매장 POS,FLOW-22-BLK-F,8,1238720,51000,24774,12387,0,12387,2,STORE-SHANGHAI,상하이 IFC,Drape Pants,BOTTOM,BETA-11-1-5,1,CN,KRW,CUST-0024,대구,수성구,paid
2026-08-12T11:22:00.000Z,자사몰,EASE-19-IVY-F,5,431650,27000,17266,15108,3500,0,0,ONLINE,온라인몰,Layer Top,TOP,BETA-11-2-0,1,KR,KRW,CUST-0010,서울,강남구,paid
2026-08-12T12:29:00.000Z,무신사,EASE-19-IVY-F,5,0,27000,0,0,3500,0,0,ONLINE,온라인몰,Layer Top,TOP,BETA-11-2-1,1,KR,KRW,CUST-0015,경기,성남시,cancelled
2026-08-12T13:36:00.000Z,29CM,EASE-19-IVY-F,6,480600,27000,67284,19224,3500,0,0,ONLINE,온라인몰,Layer Top,TOP,BETA-11-2-2,1,KR,KRW,CUST-0020,부산,해운대구,paid
2026-08-12T14:43:00.000Z,네이버,EASE-19-IVY-F,7,585620,27000,46850,14641,3500,0,0,ONLINE,온라인몰,Layer Top,TOP,BETA-11-2-3,1,KR,KRW,CUST-0025,인천,연수구,paid
2026-08-12T15:50:00.000Z,W컨셉,EASE-19-IVY-F,8,612320,27000,91848,21431,3500,6123,2,ONLINE,온라인몰,Layer Top,TOP,BETA-11-2-4,1,KR,KRW,CUST-0030,대구,수성구,paid
2026-08-12T16:57:00.000Z,매장 POS,EASE-19-IVY-F,10,872200,27000,17444,8722,0,0,0,DC-ONLINE,온라인 DC,Layer Top,TOP,BETA-11-2-5,1,CN,KRW,CUST-0035,서울,성동구,paid
2026-08-12T12:33:00.000Z,자사몰,CORE-08-GRY-F,6,692580,39000,27703,24240,3500,0,0,ONLINE,온라인몰,Core Knit,TOP,BETA-11-3-0,1,KR,KRW,CUST-0021,경기,성남시,paid
2026-08-12T13:40:00.000Z,무신사,CORE-08-GRY-F,7,733040,39000,87965,32987,3500,0,0,ONLINE,온라인몰,Core Knit,TOP,BETA-11-3-1,1,KR,KRW,CUST-0026,부산,해운대구,paid
2026-08-12T14:47:00.000Z,29CM,CORE-08-GRY-F,8,856800,39000,119952,34272,3500,0,0,ONLINE,온라인몰,Core Knit,TOP,BETA-11-3-2,1,KR,KRW,CUST-0031,인천,연수구,paid
2026-08-12T15:54:00.000Z,네이버,CORE-08-GRY-F,9,1006740,39000,80539,25169,3500,8949,2,ONLINE,온라인몰,Core Knit,TOP,BETA-11-3-3,1,KR,KRW,CUST-0036,대구,수성구,paid
2026-08-12T16:01:00.000Z,W컨셉,CORE-08-GRY-F,11,1125740,39000,168861,39401,3500,0,0,ONLINE,온라인몰,Core Knit,TOP,BETA-11-3-4,1,KR,KRW,CUST-0041,서울,성동구,paid
2026-08-12T17:08:00.000Z,매장 POS,CORE-08-GRY-F,12,1399440,39000,27989,13994,0,0,0,ONLINE,온라인몰,Core Knit,TOP,BETA-11-3-5,1,CN,KRW,CUST-0046,서울,강남구,paid
2026-08-12T13:44:00.000Z,자사몰,AIR-24-NVY-F,7,1344420,65000,53777,47055,3500,0,0,ONLINE,온라인몰,Volume Dress,DRESS,BETA-11-4-0,1,KR,KRW,CUST-0032,부산,해운대구,paid
2026-08-12T14:51:00.000Z,무신사,AIR-24-NVY-F,8,1393920,65000,167270,62726,3500,0,0,ONLINE,온라인몰,Volume Dress,DRESS,BETA-11-4-1,1,KR,KRW,CUST-0037,인천,연수구,paid
2026-08-12T15:58:00.000Z,29CM,AIR-24-NVY-F,9,1603800,65000,224532,64152,3500,14256,2,ONLINE,온라인몰,Volume Dress,DRESS,BETA-11-4-2,1,KR,KRW,CUST-0042,대구,수성구,paid
2026-08-12T16:05:00.000Z,네이버,AIR-24-NVY-F,11,2047320,65000,163786,51183,3500,0,0,ONLINE,온라인몰,Volume Dress,DRESS,BETA-11-4-3,1,KR,KRW,CUST-0047,서울,성동구,paid
2026-08-12T17:12:00.000Z,W컨셉,AIR-24-NVY-F,13,2213640,65000,332046,77477,3500,0,0,ONLINE,온라인몰,Volume Dress,DRESS,BETA-11-4-4,1,KR,KRW,CUST-0052,서울,강남구,paid
2026-08-12T18:19:00.000Z,매장 POS,AIR-24-NVY-F,15,2910600,65000,58212,29106,0,0,0,STORE-SEONGSU,성수 플래그십,Volume Dress,DRESS,BETA-11-4-5,1,CN,KRW,CUST-0057,경기,성남시,paid
2026-08-12T14:55:00.000Z,자사몰,FRAME-31-DNM-F,8,1769280,78000,70771,61925,3500,0,0,ONLINE,온라인몰,Denim Dress,DRESS,BETA-11-5-0,1,KR,KRW,CUST-0043,인천,연수구,paid
2026-08-12T15:02:00.000Z,무신사,FRAME-31-DNM-F,10,2006400,78000,240768,90288,3500,16051,2,ONLINE,온라인몰,Denim Dress,DRESS,BETA-11-5-1,1,KR,KRW,CUST-0048,대구,수성구,paid
2026-08-12T16:09:00.000Z,29CM,FRAME-31-DNM-F,12,2462400,78000,344736,98496,3500,0,0,ONLINE,온라인몰,Denim Dress,DRESS,BETA-11-5-2,1,KR,KRW,CUST-0053,서울,성동구,paid
2026-08-12T17:16:00.000Z,네이버,FRAME-31-DNM-F,14,3000480,78000,240038,75012,3500,0,0,ONLINE,온라인몰,Denim Dress,DRESS,BETA-11-5-3,1,KR,KRW,CUST-0058,서울,강남구,paid
2026-08-12T18:23:00.000Z,W컨셉,FRAME-31-DNM-F,16,3137280,78000,470592,109805,3500,0,0,ONLINE,온라인몰,Denim Dress,DRESS,BETA-11-5-4,1,KR,KRW,CUST-0063,경기,성남시,paid
2026-08-12T19:30:00.000Z,매장 POS,FRAME-31-DNM-F,18,4021920,78000,80438,40219,0,0,0,STORE-GANGNAM,강남점,Denim Dress,DRESS,BETA-11-5-5,1,CN,KRW,CUST-0068,부산,해운대구,paid
2026-08-12T15:06:00.000Z,자사몰,SHEER-15-WHT-F,10,960300,31000,38412,33611,3500,7682,2,ONLINE,온라인몰,Sheer Layer Top,TOP,BETA-11-6-0,1,KR,KRW,CUST-0054,대구,수성구,paid
2026-08-12T16:13:00.000Z,무신사,SHEER-15-WHT-F,12,1045440,31000,125453,47045,3500,0,0,ONLINE,온라인몰,Sheer Layer Top,TOP,BETA-11-6-1,1,KR,KRW,CUST-0059,서울,성동구,paid
2026-08-12T17:20:00.000Z,29CM,SHEER-15-WHT-F,14,1247400,31000,174636,49896,3500,0,0,ONLINE,온라인몰,Sheer Layer Top,TOP,BETA-11-6-2,1,KR,KRW,CUST-0064,서울,강남구,paid
2026-08-12T18:27:00.000Z,네이버,SHEER-15-WHT-F,16,1488960,31000,119117,37224,3500,0,0,ONLINE,온라인몰,Sheer Layer Top,TOP,BETA-11-6-3,1,KR,KRW,CUST-0069,경기,성남시,paid
2026-08-12T19:34:00.000Z,W컨셉,SHEER-15-WHT-F,18,1532520,31000,229878,53638,3500,0,0,ONLINE,온라인몰,Sheer Layer Top,TOP,BETA-11-6-4,1,KR,KRW,CUST-0074,부산,해운대구,paid
2026-08-12T20:41:00.000Z,매장 POS,SHEER-15-WHT-F,20,1940400,31000,38808,19404,0,0,0,STORE-HANNAM,한남점,Sheer Layer Top,TOP,BETA-11-6-5,1,CN,KRW,CUST-0079,인천,연수구,paid
2026-08-12T16:17:00.000Z,자사몰,FORM-12-BLK-F,13,3379480,91000,135179,118282,3500,0,0,ONLINE,온라인몰,Relaxed Blazer,OUTER,BETA-11-7-0,1,KR,KRW,CUST-0065,서울,성동구,paid
2026-08-12T17:24:00.000Z,무신사,FORM-12-BLK-F,15,3537600,91000,424512,159192,3500,0,0,ONLINE,온라인몰,Relaxed Blazer,OUTER,BETA-11-7-1,1,KR,KRW,CUST-0070,서울,강남구,paid
2026-08-12T18:31:00.000Z,29CM,FORM-12-BLK-F,17,4100400,91000,574056,164016,3500,0,0,ONLINE,온라인몰,Relaxed Blazer,OUTER,BETA-11-7-2,1,KR,KRW,CUST-0075,경기,성남시,paid
2026-08-12T19:38:00.000Z,네이버,FORM-12-BLK-F,19,4786480,91000,382918,119662,3500,0,0,ONLINE,온라인몰,Relaxed Blazer,OUTER,BETA-11-7-3,1,KR,KRW,CUST-0080,부산,해운대구,paid
2026-08-12T20:45:00.000Z,W컨셉,FORM-12-BLK-F,21,4840080,91000,726012,169403,3500,0,0,ONLINE,온라인몰,Relaxed Blazer,OUTER,BETA-11-7-4,1,KR,KRW,CUST-0085,인천,연수구,paid
2026-08-12T21:52:00.000Z,매장 POS,FORM-12-BLK-F,23,6040720,91000,120814,60407,0,0,0,STORE-BUSAN,부산 센텀,Relaxed Blazer,OUTER,BETA-11-7-5,1,CN,KRW,CUST-0090,대구,수성구,paid
2026-08-11T10:00:00.000Z,자사몰,ARC-07-BLK-F,3,721680,82000,28867,25259,3500,0,0,ONLINE,온라인몰,Utility Jacket,OUTER,BETA-12-0-0,1,KR,KRW,CUST-0025,서울,성동구,paid
2026-08-11T11:07:00.000Z,무신사,ARC-07-BLK-F,4,872960,82000,104755,39283,3500,0,0,ONLINE,온라인몰,Utility Jacket,OUTER,BETA-12-0-1,1,KR,KRW,CUST-0030,서울,강남구,paid
2026-08-11T12:14:00.000Z,29CM,ARC-07-BLK-F,4,0,82000,0,0,3500,0,0,ONLINE,온라인몰,Utility Jacket,OUTER,BETA-12-0-2,1,KR,KRW,CUST-0035,경기,성남시,cancelled
2026-08-11T13:21:00.000Z,네이버,ARC-07-BLK-F,5,1165600,82000,93248,29140,3500,0,0,ONLINE,온라인몰,Utility Jacket,OUTER,BETA-12-0-3,1,KR,KRW,CUST-0040,부산,해운대구,paid
2026-08-11T14:28:00.000Z,W컨셉,ARC-07-BLK-F,6,1279680,82000,191952,44789,3500,0,0,ONLINE,온라인몰,Utility Jacket,OUTER,BETA-12-0-4,1,KR,KRW,CUST-0045,인천,연수구,paid
2026-08-11T15:35:00.000Z,매장 POS,ARC-07-BLK-F,7,1701280,82000,34026,17013,0,9722,1,STORE-SHANGHAI,상하이 IFC,Utility Jacket,OUTER,BETA-12-0-5,1,KR,KRW,CUST-0050,대구,수성구,paid
2026-08-11T11:11:00.000Z,자사몰,FLOW-22-BLK-F,4,613040,51000,24522,21456,3500,0,0,ONLINE,온라인몰,Drape Pants,BOTTOM,BETA-12-1-0,1,KR,KRW,CUST-0036,서울,강남구,paid
2026-08-11T12:18:00.000Z,무신사,FLOW-22-BLK-F,4,556160,51000,66739,25027,3500,0,0,ONLINE,온라인몰,Drape Pants,BOTTOM,BETA-12-1-1,1,KR,KRW,CUST-0041,경기,성남시,paid
2026-08-11T13:25:00.000Z,29CM,FLOW-22-BLK-F,5,711000,51000,99540,28440,3500,0,0,ONLINE,온라인몰,Drape Pants,BOTTOM,BETA-12-1-2,1,KR,KRW,CUST-0046,부산,해운대구,paid
2026-08-11T14:32:00.000Z,네이버,FLOW-22-BLK-F,6,891120,51000,71290,22278,3500,0,0,ONLINE,온라인몰,Drape Pants,BOTTOM,BETA-12-1-3,1,KR,KRW,CUST-0051,인천,연수구,paid
2026-08-11T15:39:00.000Z,W컨셉,FLOW-22-BLK-F,7,951160,51000,142674,33291,3500,5435,1,ONLINE,온라인몰,Drape Pants,BOTTOM,BETA-12-1-4,1,KR,KRW,CUST-0056,대구,수성구,paid
2026-08-11T16:46:00.000Z,매장 POS,FLOW-22-BLK-F,9,1393560,51000,27871,13936,0,0,0,DC-ONLINE,온라인 DC,Drape Pants,BOTTOM,BETA-12-1-5,1,KR,KRW,CUST-0061,서울,성동구,paid
2026-08-11T12:22:00.000Z,자사몰,EASE-19-IVY-F,5,431650,27000,17266,15108,3500,0,0,ONLINE,온라인몰,Layer Top,TOP,BETA-12-2-0,1,KR,KRW,CUST-0047,경기,성남시,paid
2026-08-11T13:29:00.000Z,무신사,EASE-19-IVY-F,6,469920,27000,56390,21146,3500,0,0,ONLINE,온라인몰,Layer Top,TOP,BETA-12-2-1,1,KR,KRW,CUST-0052,부산,해운대구,paid
2026-08-11T14:36:00.000Z,29CM,EASE-19-IVY-F,6,480600,27000,67284,19224,3500,0,0,ONLINE,온라인몰,Layer Top,TOP,BETA-12-2-2,1,KR,KRW,CUST-0057,인천,연수구,paid
2026-08-11T15:43:00.000Z,네이버,EASE-19-IVY-F,8,669280,27000,53542,16732,3500,6693,2,ONLINE,온라인몰,Layer Top,TOP,BETA-12-2-3,1,KR,KRW,CUST-0062,대구,수성구,paid
2026-08-11T16:50:00.000Z,W컨셉,EASE-19-IVY-F,9,688860,27000,103329,24110,3500,0,0,ONLINE,온라인몰,Layer Top,TOP,BETA-12-2-4,1,KR,KRW,CUST-0067,서울,성동구,paid
2026-08-11T17:57:00.000Z,매장 POS,EASE-19-IVY-F,11,959420,27000,19188,9594,0,0,0,ONLINE,온라인몰,Layer Top,TOP,BETA-12-2-5,1,KR,KRW,CUST-0072,서울,강남구,paid
2026-08-11T13:33:00.000Z,자사몰,CORE-08-GRY-F,6,692580,39000,27703,24240,3500,0,0,ONLINE,온라인몰,Core Knit,TOP,BETA-12-3-0,1,KR,KRW,CUST-0058,부산,해운대구,paid
2026-08-11T14:40:00.000Z,무신사,CORE-08-GRY-F,7,733040,39000,87965,32987,3500,0,0,ONLINE,온라인몰,Core Knit,TOP,BETA-12-3-1,1,KR,KRW,CUST-0063,인천,연수구,paid
2026-08-11T15:47:00.000Z,29CM,CORE-08-GRY-F,8,856800,39000,119952,34272,3500,8568,2,ONLINE,온라인몰,Core Knit,TOP,BETA-12-3-2,1,KR,KRW,CUST-0068,대구,수성구,paid
2026-08-11T16:54:00.000Z,네이버,CORE-08-GRY-F,10,1118600,39000,89488,27965,3500,0,0,ONLINE,온라인몰,Core Knit,TOP,BETA-12-3-3,1,KR,KRW,CUST-0073,서울,성동구,paid
2026-08-11T17:01:00.000Z,W컨셉,CORE-08-GRY-F,12,1228080,39000,184212,42983,3500,0,0,ONLINE,온라인몰,Core Knit,TOP,BETA-12-3-4,1,KR,KRW,CUST-0078,서울,강남구,paid
2026-08-11T18:08:00.000Z,매장 POS,CORE-08-GRY-F,13,1516060,39000,30321,15161,0,0,0,STORE-SEONGSU,성수 플래그십,Core Knit,TOP,BETA-12-3-5,1,KR,KRW,CUST-0083,경기,성남시,paid
2026-08-11T14:44:00.000Z,자사몰,AIR-24-NVY-F,7,1344420,65000,53777,47055,3500,0,0,ONLINE,온라인몰,Volume Dress,DRESS,BETA-12-4-0,1,KR,KRW,CUST-0069,인천,연수구,paid
2026-08-11T15:51:00.000Z,무신사,AIR-24-NVY-F,9,1568160,65000,188179,70567,3500,13939,2,ONLINE,온라인몰,Volume Dress,DRESS,BETA-12-4-1,1,KR,KRW,CUST-0074,대구,수성구,paid
2026-08-11T16:58:00.000Z,29CM,AIR-24-NVY-F,10,1782000,65000,249480,71280,3500,0,0,ONLINE,온라인몰,Volume Dress,DRESS,BETA-12-4-2,1,KR,KRW,CUST-0079,서울,성동구,paid
2026-08-11T17:05:00.000Z,네이버,AIR-24-NVY-F,12,2233440,65000,178675,55836,3500,0,0,ONLINE,온라인몰,Volume Dress,DRESS,BETA-12-4-3,1,KR,KRW,CUST-0084,서울,강남구,paid
2026-08-11T18:12:00.000Z,W컨셉,AIR-24-NVY-F,14,2383920,65000,357588,83437,3500,0,0,ONLINE,온라인몰,Volume Dress,DRESS,BETA-12-4-4,1,KR,KRW,CUST-0089,경기,성남시,paid
2026-08-11T19:19:00.000Z,매장 POS,AIR-24-NVY-F,16,3104640,65000,62093,31046,0,0,0,STORE-GANGNAM,강남점,Volume Dress,DRESS,BETA-12-4-5,1,KR,KRW,CUST-0094,부산,해운대구,paid
2026-08-11T15:55:00.000Z,자사몰,FRAME-31-DNM-F,9,1990440,78000,79618,69665,3500,17693,2,ONLINE,온라인몰,Denim Dress,DRESS,BETA-12-5-0,1,KR,KRW,CUST-0080,대구,수성구,paid
2026-08-11T16:02:00.000Z,무신사,FRAME-31-DNM-F,11,2207040,78000,264845,99317,3500,0,0,ONLINE,온라인몰,Denim Dress,DRESS,BETA-12-5-1,1,KR,KRW,CUST-0085,서울,성동구,paid
2026-08-11T17:09:00.000Z,29CM,FRAME-31-DNM-F,13,2667600,78000,373464,106704,3500,0,0,ONLINE,온라인몰,Denim Dress,DRESS,BETA-12-5-2,1,KR,KRW,CUST-0090,서울,강남구,paid
2026-08-11T18:16:00.000Z,네이버,FRAME-31-DNM-F,15,3214800,78000,257184,80370,3500,0,0,ONLINE,온라인몰,Denim Dress,DRESS,BETA-12-5-3,1,KR,KRW,CUST-0095,경기,성남시,paid
2026-08-11T19:23:00.000Z,W컨셉,FRAME-31-DNM-F,17,3333360,78000,500004,116668,3500,0,0,ONLINE,온라인몰,Denim Dress,DRESS,BETA-12-5-4,1,KR,KRW,CUST-0100,부산,해운대구,paid
2026-08-11T20:30:00.000Z,매장 POS,FRAME-31-DNM-F,19,4245360,78000,84907,42454,0,0,0,STORE-HANNAM,한남점,Denim Dress,DRESS,BETA-12-5-5,1,KR,KRW,CUST-0105,인천,연수구,paid
2026-08-11T16:06:00.000Z,자사몰,SHEER-15-WHT-F,11,1056330,31000,42253,36972,3500,0,0,ONLINE,온라인몰,Sheer Layer Top,TOP,BETA-12-6-0,1,KR,KRW,CUST-0091,서울,성동구,paid
2026-08-11T17:13:00.000Z,무신사,SHEER-15-WHT-F,13,1132560,31000,135907,50965,3500,0,0,ONLINE,온라인몰,Sheer Layer Top,TOP,BETA-12-6-1,1,KR,KRW,CUST-0096,서울,강남구,paid
2026-08-11T18:20:00.000Z,29CM,SHEER-15-WHT-F,15,1336500,31000,187110,53460,3500,0,0,ONLINE,온라인몰,Sheer Layer Top,TOP,BETA-12-6-2,1,KR,KRW,CUST-0101,경기,성남시,paid
2026-08-11T19:27:00.000Z,네이버,SHEER-15-WHT-F,18,1675080,31000,134006,41877,3500,0,0,ONLINE,온라인몰,Sheer Layer Top,TOP,BETA-12-6-3,1,KR,KRW,CUST-0106,부산,해운대구,paid
2026-08-11T20:34:00.000Z,W컨셉,SHEER-15-WHT-F,19,1617660,31000,242649,56618,3500,0,0,ONLINE,온라인몰,Sheer Layer Top,TOP,BETA-12-6-4,1,KR,KRW,CUST-0111,인천,연수구,paid
2026-08-11T21:41:00.000Z,매장 POS,SHEER-15-WHT-F,21,2037420,31000,40748,20374,0,0,0,STORE-BUSAN,부산 센텀,Sheer Layer Top,TOP,BETA-12-6-5,1,KR,KRW,CUST-0116,대구,수성구,paid
2026-08-11T17:17:00.000Z,자사몰,FORM-12-BLK-F,14,3639440,91000,145578,127380,3500,0,0,ONLINE,온라인몰,Relaxed Blazer,OUTER,BETA-12-7-0,1,KR,KRW,CUST-0102,서울,강남구,paid
2026-08-11T18:24:00.000Z,무신사,FORM-12-BLK-F,16,3773440,91000,452813,169805,3500,0,0,ONLINE,온라인몰,Relaxed Blazer,OUTER,BETA-12-7-1,1,KR,KRW,CUST-0107,경기,성남시,paid
2026-08-11T19:31:00.000Z,29CM,FORM-12-BLK-F,18,4341600,91000,607824,173664,3500,0,0,ONLINE,온라인몰,Relaxed Blazer,OUTER,BETA-12-7-2,1,KR,KRW,CUST-0112,부산,해운대구,paid
2026-08-11T20:38:00.000Z,네이버,FORM-12-BLK-F,20,5038400,91000,403072,125960,3500,0,0,ONLINE,온라인몰,Relaxed Blazer,OUTER,BETA-12-7-3,1,KR,KRW,CUST-0117,인천,연수구,paid
2026-08-11T21:45:00.000Z,W컨셉,FORM-12-BLK-F,22,5070560,91000,760584,177470,3500,0,0,ONLINE,온라인몰,Relaxed Blazer,OUTER,BETA-12-7-4,1,KR,KRW,CUST-0122,대구,수성구,paid
2026-08-11T10:52:00.000Z,매장 POS,FORM-12-BLK-F,23,6040720,91000,120814,60407,0,0,0,STORE-SHANGHAI,상하이 IFC,Relaxed Blazer,OUTER,BETA-12-7-5,1,KR,KRW,CUST-0127,서울,성동구,paid
2026-08-10T11:00:00.000Z,자사몰,ARC-07-BLK-F,3,721680,82000,28867,25259,3500,0,0,ONLINE,온라인몰,Utility Jacket,OUTER,BETA-13-0-0,1,KR,KRW,CUST-0062,서울,강남구,paid
2026-08-10T12:07:00.000Z,무신사,ARC-07-BLK-F,3,654720,82000,78566,29462,3500,0,0,ONLINE,온라인몰,Utility Jacket,OUTER,BETA-13-0-1,1,KR,KRW,CUST-0067,경기,성남시,paid
2026-08-10T13:14:00.000Z,29CM,ARC-07-BLK-F,4,892800,82000,124992,35712,3500,0,0,ONLINE,온라인몰,Utility Jacket,OUTER,BETA-13-0-2,1,KR,KRW,CUST-0072,부산,해운대구,paid
2026-08-10T14:21:00.000Z,네이버,ARC-07-BLK-F,5,1165600,82000,93248,29140,3500,0,0,ONLINE,온라인몰,Utility Jacket,OUTER,BETA-13-0-3,1,KR,KRW,CUST-0077,인천,연수구,paid
2026-08-10T15:28:00.000Z,W컨셉,ARC-07-BLK-F,6,1279680,82000,191952,44789,3500,8531,1,ONLINE,온라인몰,Utility Jacket,OUTER,BETA-13-0-4,1,KR,KRW,CUST-0082,대구,수성구,paid
2026-08-10T16:35:00.000Z,매장 POS,ARC-07-BLK-F,7,1701280,82000,34026,17013,0,0,0,DC-ONLINE,온라인 DC,Utility Jacket,OUTER,BETA-13-0-5,1,KR,KRW,CUST-0087,서울,성동구,paid
2026-08-10T12:11:00.000Z,자사몰,FLOW-22-BLK-F,4,613040,51000,24522,21456,3500,0,0,ONLINE,온라인몰,Drape Pants,BOTTOM,BETA-13-1-0,1,KR,KRW,CUST-0073,경기,성남시,paid
2026-08-10T13:18:00.000Z,무신사,FLOW-22-BLK-F,5,695200,51000,83424,31284,3500,0,0,ONLINE,온라인몰,Drape Pants,BOTTOM,BETA-13-1-1,1,KR,KRW,CUST-0078,부산,해운대구,paid
2026-08-10T14:25:00.000Z,29CM,FLOW-22-BLK-F,5,711000,51000,99540,28440,3500,0,0,ONLINE,온라인몰,Drape Pants,BOTTOM,BETA-13-1-2,1,KR,KRW,CUST-0083,인천,연수구,paid
2026-08-10T15:32:00.000Z,네이버,FLOW-22-BLK-F,7,1039640,51000,83171,25991,3500,5941,1,ONLINE,온라인몰,Drape Pants,BOTTOM,BETA-13-1-3,1,KR,KRW,CUST-0088,대구,수성구,paid
2026-08-10T16:39:00.000Z,W컨셉,FLOW-22-BLK-F,8,1087040,51000,163056,38046,3500,0,0,ONLINE,온라인몰,Drape Pants,BOTTOM,BETA-13-1-4,1,KR,KRW,CUST-0093,서울,성동구,paid
2026-08-10T17:46:00.000Z,매장 POS,FLOW-22-BLK-F,10,1548400,51000,30968,15484,0,0,0,ONLINE,온라인몰,Drape Pants,BOTTOM,BETA-13-1-5,1,KR,KRW,CUST-0098,서울,강남구,paid
2026-08-10T13:22:00.000Z,자사몰,EASE-19-IVY-F,5,431650,27000,17266,15108,3500,0,0,ONLINE,온라인몰,Layer Top,TOP,BETA-13-2-0,1,KR,KRW,CUST-0084,부산,해운대구,paid
2026-08-10T14:29:00.000Z,무신사,EASE-19-IVY-F,6,469920,27000,56390,21146,3500,0,0,ONLINE,온라인몰,Layer Top,TOP,BETA-13-2-1,1,KR,KRW,CUST-0089,인천,연수구,paid
2026-08-10T15:36:00.000Z,29CM,EASE-19-IVY-F,7,560700,27000,78498,22428,3500,3204,1,ONLINE,온라인몰,Layer Top,TOP,BETA-13-2-2,1,KR,KRW,CUST-0094,대구,수성구,paid
2026-08-10T16:43:00.000Z,네이버,EASE-19-IVY-F,8,669280,27000,53542,16732,3500,0,0,ONLINE,온라인몰,Layer Top,TOP,BETA-13-2-3,1,KR,KRW,CUST-0099,서울,성동구,paid
2026-08-10T17:50:00.000Z,W컨셉,EASE-19-IVY-F,10,765400,27000,114810,26789,3500,0,0,ONLINE,온라인몰,Layer Top,TOP,BETA-13-2-4,1,KR,KRW,CUST-0104,서울,강남구,paid
2026-08-10T18:57:00.000Z,매장 POS,EASE-19-IVY-F,12,1046640,27000,20933,10466,0,0,0,STORE-SEONGSU,성수 플래그십,Layer Top,TOP,BETA-13-2-5,1,KR,KRW,CUST-0109,경기,성남시,paid
2026-08-10T14:33:00.000Z,자사몰,CORE-08-GRY-F,6,692580,39000,27703,24240,3500,0,0,ONLINE,온라인몰,Core Knit,TOP,BETA-13-3-0,1,KR,KRW,CUST-0095,인천,연수구,paid
2026-08-10T15:40:00.000Z,무신사,CORE-08-GRY-F,8,837760,39000,100531,37699,3500,8378,2,ONLINE,온라인몰,Core Knit,TOP,BETA-13-3-1,1,KR,KRW,CUST-0100,대구,수성구,paid
2026-08-10T16:47:00.000Z,29CM,CORE-08-GRY-F,9,963900,39000,134946,38556,3500,0,0,ONLINE,온라인몰,Core Knit,TOP,BETA-13-3-2,1,KR,KRW,CUST-0105,서울,성동구,paid
2026-08-10T17:54:00.000Z,네이버,CORE-08-GRY-F,11,1230460,39000,98437,30762,3500,0,0,ONLINE,온라인몰,Core Knit,TOP,BETA-13-3-3,1,KR,KRW,CUST-0110,서울,강남구,paid
2026-08-10T18:01:00.000Z,W컨셉,CORE-08-GRY-F,13,1330420,39000,199563,46565,3500,0,0,ONLINE,온라인몰,Core Knit,TOP,BETA-13-3-4,1,KR,KRW,CUST-0115,경기,성남시,paid
2026-08-10T19:08:00.000Z,매장 POS,CORE-08-GRY-F,14,1632680,39000,32654,16327,0,0,0,STORE-GANGNAM,강남점,Core Knit,TOP,BETA-13-3-5,1,KR,KRW,CUST-0120,부산,해운대구,paid
2026-08-10T15:44:00.000Z,자사몰,AIR-24-NVY-F,8,1536480,65000,61459,53777,3500,15365,2,ONLINE,온라인몰,Volume Dress,DRESS,BETA-13-4-0,1,KR,KRW,CUST-0106,대구,수성구,paid
2026-08-10T16:51:00.000Z,무신사,AIR-24-NVY-F,10,1742400,65000,209088,78408,3500,0,0,ONLINE,온라인몰,Volume Dress,DRESS,BETA-13-4-1,1,KR,KRW,CUST-0111,서울,성동구,paid
2026-08-10T17:58:00.000Z,29CM,AIR-24-NVY-F,11,1960200,65000,274428,78408,3500,0,0,ONLINE,온라인몰,Volume Dress,DRESS,BETA-13-4-2,1,KR,KRW,CUST-0116,서울,강남구,paid
2026-08-10T18:05:00.000Z,네이버,AIR-24-NVY-F,13,2419560,65000,193565,60489,3500,0,0,ONLINE,온라인몰,Volume Dress,DRESS,BETA-13-4-3,1,KR,KRW,CUST-0121,경기,성남시,paid
2026-08-10T19:12:00.000Z,W컨셉,AIR-24-NVY-F,15,2554200,65000,383130,89397,3500,0,0,ONLINE,온라인몰,Volume Dress,DRESS,BETA-13-4-4,1,KR,KRW,CUST-0126,부산,해운대구,paid
2026-08-10T20:19:00.000Z,매장 POS,AIR-24-NVY-F,17,3298680,65000,65974,32987,0,0,0,STORE-HANNAM,한남점,Volume Dress,DRESS,BETA-13-4-5,1,KR,KRW,CUST-0131,인천,연수구,paid
2026-08-10T16:55:00.000Z,자사몰,FRAME-31-DNM-F,10,2211600,78000,88464,77406,3500,0,0,ONLINE,온라인몰,Denim Dress,DRESS,BETA-13-5-0,1,KR,KRW,CUST-0117,서울,성동구,paid
2026-08-10T17:02:00.000Z,무신사,FRAME-31-DNM-F,12,2407680,78000,288922,108346,3500,0,0,ONLINE,온라인몰,Denim Dress,DRESS,BETA-13-5-1,1,KR,KRW,CUST-0122,서울,강남구,paid
2026-08-10T18:09:00.000Z,29CM,FRAME-31-DNM-F,14,2872800,78000,402192,114912,3500,0,0,ONLINE,온라인몰,Denim Dress,DRESS,BETA-13-5-2,1,KR,KRW,CUST-0127,경기,성남시,paid
2026-08-10T19:16:00.000Z,네이버,FRAME-31-DNM-F,16,3429120,78000,274330,85728,3500,0,0,ONLINE,온라인몰,Denim Dress,DRESS,BETA-13-5-3,1,KR,KRW,CUST-0132,부산,해운대구,paid
2026-08-10T20:23:00.000Z,W컨셉,FRAME-31-DNM-F,18,3529440,78000,529416,123530,3500,0,0,ONLINE,온라인몰,Denim Dress,DRESS,BETA-13-5-4,1,KR,KRW,CUST-0137,인천,연수구,paid
2026-08-10T21:30:00.000Z,매장 POS,FRAME-31-DNM-F,19,4245360,78000,84907,42454,0,0,0,STORE-BUSAN,부산 센텀,Denim Dress,DRESS,BETA-13-5-5,1,KR,KRW,CUST-0142,대구,수성구,paid
2026-08-10T17:06:00.000Z,자사몰,SHEER-15-WHT-F,13,1248390,31000,49936,43694,3500,0,0,ONLINE,온라인몰,Sheer Layer Top,TOP,BETA-13-6-0,1,KR,KRW,CUST-0128,서울,강남구,paid
2026-08-10T18:13:00.000Z,무신사,SHEER-15-WHT-F,15,1306800,31000,156816,58806,3500,0,0,ONLINE,온라인몰,Sheer Layer Top,TOP,BETA-13-6-1,1,KR,KRW,CUST-0133,경기,성남시,paid
2026-08-10T19:20:00.000Z,29CM,SHEER-15-WHT-F,17,1514700,31000,212058,60588,3500,0,0,ONLINE,온라인몰,Sheer Layer Top,TOP,BETA-13-6-2,1,KR,KRW,CUST-0138,부산,해운대구,paid
2026-08-10T20:27:00.000Z,네이버,SHEER-15-WHT-F,18,1675080,31000,134006,41877,3500,0,0,ONLINE,온라인몰,Sheer Layer Top,TOP,BETA-13-6-3,1,KR,KRW,CUST-0143,인천,연수구,paid
2026-08-10T21:34:00.000Z,W컨셉,SHEER-15-WHT-F,20,1702800,31000,255420,59598,3500,0,0,ONLINE,온라인몰,Sheer Layer Top,TOP,BETA-13-6-4,1,KR,KRW,CUST-0148,대구,수성구,paid
2026-08-10T10:41:00.000Z,매장 POS,SHEER-15-WHT-F,21,2037420,31000,40748,20374,0,0,0,STORE-SHANGHAI,상하이 IFC,Sheer Layer Top,TOP,BETA-13-6-5,1,KR,KRW,CUST-0153,서울,성동구,paid
2026-08-10T18:17:00.000Z,자사몰,FORM-12-BLK-F,15,3899400,91000,155976,136479,3500,0,0,ONLINE,온라인몰,Relaxed Blazer,OUTER,BETA-13-7-0,1,KR,KRW,CUST-0139,경기,성남시,paid
2026-08-10T19:24:00.000Z,무신사,FORM-12-BLK-F,17,4009280,91000,481114,180418,3500,0,0,ONLINE,온라인몰,Relaxed Blazer,OUTER,BETA-13-7-1,1,KR,KRW,CUST-0144,부산,해운대구,paid
2026-08-10T20:31:00.000Z,29CM,FORM-12-BLK-F,19,4582800,91000,641592,183312,3500,0,0,ONLINE,온라인몰,Relaxed Blazer,OUTER,BETA-13-7-2,1,KR,KRW,CUST-0149,인천,연수구,paid
2026-08-10T21:38:00.000Z,네이버,FORM-12-BLK-F,21,5290320,91000,423226,132258,3500,0,0,ONLINE,온라인몰,Relaxed Blazer,OUTER,BETA-13-7-3,1,KR,KRW,CUST-0154,대구,수성구,paid
2026-08-10T10:45:00.000Z,W컨셉,FORM-12-BLK-F,22,5070560,91000,760584,177470,3500,0,0,ONLINE,온라인몰,Relaxed Blazer,OUTER,BETA-13-7-4,1,KR,KRW,CUST-0159,서울,성동구,paid
2026-08-10T11:52:00.000Z,매장 POS,FORM-12-BLK-F,22,5778080,91000,115562,57781,0,0,0,DC-ONLINE,온라인 DC,Relaxed Blazer,OUTER,BETA-13-7-5,1,KR,KRW,CUST-0164,서울,강남구,paid
2026-08-09T12:00:00.000Z,자사몰,ARC-07-BLK-F,3,721680,82000,28867,25259,3500,0,0,ONLINE,온라인몰,Utility Jacket,OUTER,BETA-14-0-0,1,KR,KRW,CUST-0099,경기,성남시,paid
2026-08-09T13:07:00.000Z,무신사,ARC-07-BLK-F,4,872960,82000,104755,39283,3500,0,0,ONLINE,온라인몰,Utility Jacket,OUTER,BETA-14-0-1,1,KR,KRW,CUST-0104,부산,해운대구,paid
2026-08-09T14:14:00.000Z,29CM,ARC-07-BLK-F,4,892800,82000,124992,35712,3500,0,0,ONLINE,온라인몰,Utility Jacket,OUTER,BETA-14-0-2,1,KR,KRW,CUST-0109,인천,연수구,paid
2026-08-09T15:21:00.000Z,네이버,ARC-07-BLK-F,5,1165600,82000,93248,29140,3500,9325,1,ONLINE,온라인몰,Utility Jacket,OUTER,BETA-14-0-3,1,KR,KRW,CUST-0114,대구,수성구,paid
2026-08-09T16:28:00.000Z,W컨셉,ARC-07-BLK-F,7,1492960,82000,223944,52254,3500,0,0,ONLINE,온라인몰,Utility Jacket,OUTER,BETA-14-0-4,1,KR,KRW,CUST-0119,서울,성동구,paid
2026-08-09T17:35:00.000Z,매장 POS,ARC-07-BLK-F,8,1944320,82000,38886,19443,0,0,0,ONLINE,온라인몰,Utility Jacket,OUTER,BETA-14-0-5,1,KR,KRW,CUST-0124,서울,강남구,paid
2026-08-09T13:11:00.000Z,자사몰,FLOW-22-BLK-F,4,613040,51000,24522,21456,3500,0,0,ONLINE,온라인몰,Drape Pants,BOTTOM,BETA-14-1-0,1,KR,KRW,CUST-0110,부산,해운대구,paid
2026-08-09T14:18:00.000Z,무신사,FLOW-22-BLK-F,5,695200,51000,83424,31284,3500,0,0,ONLINE,온라인몰,Drape Pants,BOTTOM,BETA-14-1-1,1,KR,KRW,CUST-0115,인천,연수구,paid
2026-08-09T15:25:00.000Z,29CM,FLOW-22-BLK-F,6,853200,51000,119448,34128,3500,5688,1,ONLINE,온라인몰,Drape Pants,BOTTOM,BETA-14-1-2,1,KR,KRW,CUST-0120,대구,수성구,paid
2026-08-09T16:32:00.000Z,네이버,FLOW-22-BLK-F,7,1039640,51000,83171,25991,3500,0,0,ONLINE,온라인몰,Drape Pants,BOTTOM,BETA-14-1-3,1,KR,KRW,CUST-0125,서울,성동구,paid
2026-08-09T17:39:00.000Z,W컨셉,FLOW-22-BLK-F,9,1222920,51000,183438,42802,3500,0,0,ONLINE,온라인몰,Drape Pants,BOTTOM,BETA-14-1-4,1,KR,KRW,CUST-0130,서울,강남구,paid
2026-08-09T18:46:00.000Z,매장 POS,FLOW-22-BLK-F,10,1548400,51000,30968,15484,0,0,0,STORE-SEONGSU,성수 플래그십,Drape Pants,BOTTOM,BETA-14-1-5,1,KR,KRW,CUST-0135,경기,성남시,paid
2026-08-09T14:22:00.000Z,자사몰,EASE-19-IVY-F,5,431650,27000,17266,15108,3500,0,0,ONLINE,온라인몰,Layer Top,TOP,BETA-14-2-0,1,KR,KRW,CUST-0121,인천,연수구,paid
2026-08-09T15:29:00.000Z,무신사,EASE-19-IVY-F,6,469920,27000,56390,21146,3500,3133,1,ONLINE,온라인몰,Layer Top,TOP,BETA-14-2-1,1,KR,KRW,CUST-0126,대구,수성구,paid
2026-08-09T16:36:00.000Z,29CM,EASE-19-IVY-F,8,640800,27000,89712,25632,3500,0,0,ONLINE,온라인몰,Layer Top,TOP,BETA-14-2-2,1,KR,KRW,CUST-0131,서울,성동구,paid
2026-08-09T17:43:00.000Z,네이버,EASE-19-IVY-F,9,752940,27000,60235,18824,3500,0,0,ONLINE,온라인몰,Layer Top,TOP,BETA-14-2-3,1,KR,KRW,CUST-0136,서울,강남구,paid
2026-08-09T18:50:00.000Z,W컨셉,EASE-19-IVY-F,11,841940,27000,126291,29468,3500,0,0,ONLINE,온라인몰,Layer Top,TOP,BETA-14-2-4,1,KR,KRW,CUST-0141,경기,성남시,paid
2026-08-09T19:57:00.000Z,매장 POS,EASE-19-IVY-F,13,1133860,27000,22677,11339,0,0,0,STORE-GANGNAM,강남점,Layer Top,TOP,BETA-14-2-5,1,KR,KRW,CUST-0146,부산,해운대구,paid
2026-08-09T15:33:00.000Z,자사몰,CORE-08-GRY-F,7,808010,39000,32320,28280,3500,4617,1,ONLINE,온라인몰,Core Knit,TOP,BETA-14-3-0,1,KR,KRW,CUST-0132,대구,수성구,paid
2026-08-09T16:40:00.000Z,무신사,CORE-08-GRY-F,8,837760,39000,100531,37699,3500,0,0,ONLINE,온라인몰,Core Knit,TOP,BETA-14-3-1,1,KR,KRW,CUST-0137,서울,성동구,paid
2026-08-09T17:47:00.000Z,29CM,CORE-08-GRY-F,10,1071000,39000,149940,42840,3500,0,0,ONLINE,온라인몰,Core Knit,TOP,BETA-14-3-2,1,KR,KRW,CUST-0142,서울,강남구,paid
2026-08-09T18:54:00.000Z,네이버,CORE-08-GRY-F,12,1342320,39000,107386,33558,3500,0,0,ONLINE,온라인몰,Core Knit,TOP,BETA-14-3-3,1,KR,KRW,CUST-0147,경기,성남시,paid
2026-08-09T19:01:00.000Z,W컨셉,CORE-08-GRY-F,13,1330420,39000,199563,46565,3500,0,0,ONLINE,온라인몰,Core Knit,TOP,BETA-14-3-4,1,KR,KRW,CUST-0152,부산,해운대구,paid
2026-08-09T20:08:00.000Z,매장 POS,CORE-08-GRY-F,15,1749300,39000,34986,17493,0,0,0,STORE-HANNAM,한남점,Core Knit,TOP,BETA-14-3-5,1,KR,KRW,CUST-0157,인천,연수구,paid
2026-08-09T16:44:00.000Z,자사몰,AIR-24-NVY-F,9,1728540,65000,69142,60499,3500,0,0,ONLINE,온라인몰,Volume Dress,DRESS,BETA-14-4-0,1,KR,KRW,CUST-0143,서울,성동구,paid
2026-08-09T17:51:00.000Z,무신사,AIR-24-NVY-F,11,1916640,65000,229997,86249,3500,0,0,ONLINE,온라인몰,Volume Dress,DRESS,BETA-14-4-1,1,KR,KRW,CUST-0148,서울,강남구,paid
2026-08-09T18:58:00.000Z,29CM,AIR-24-NVY-F,12,2138400,65000,299376,85536,3500,0,0,ONLINE,온라인몰,Volume Dress,DRESS,BETA-14-4-2,1,KR,KRW,CUST-0153,경기,성남시,paid
2026-08-09T19:05:00.000Z,네이버,AIR-24-NVY-F,14,2605680,65000,208454,65142,3500,0,0,ONLINE,온라인몰,Volume Dress,DRESS,BETA-14-4-3,1,KR,KRW,CUST-0158,부산,해운대구,paid
2026-08-09T20:12:00.000Z,W컨셉,AIR-24-NVY-F,16,2724480,65000,408672,95357,3500,0,0,ONLINE,온라인몰,Volume Dress,DRESS,BETA-14-4-4,1,KR,KRW,CUST-0163,인천,연수구,paid
2026-08-09T21:19:00.000Z,매장 POS,AIR-24-NVY-F,17,3298680,65000,65974,32987,0,0,0,STORE-BUSAN,부산 센텀,Volume Dress,DRESS,BETA-14-4-5,1,KR,KRW,CUST-0168,대구,수성구,paid
2026-08-09T17:55:00.000Z,자사몰,FRAME-31-DNM-F,11,2432760,78000,97310,85147,3500,0,0,ONLINE,온라인몰,Denim Dress,DRESS,BETA-14-5-0,1,KR,KRW,CUST-0154,서울,강남구,paid
2026-08-09T18:02:00.000Z,무신사,FRAME-31-DNM-F,13,2608320,78000,312998,117374,3500,0,0,ONLINE,온라인몰,Denim Dress,DRESS,BETA-14-5-1,1,KR,KRW,CUST-0159,경기,성남시,paid
2026-08-09T19:09:00.000Z,29CM,FRAME-31-DNM-F,15,3078000,78000,430920,123120,3500,0,0,ONLINE,온라인몰,Denim Dress,DRESS,BETA-14-5-2,1,KR,KRW,CUST-0164,부산,해운대구,paid
2026-08-09T20:16:00.000Z,네이버,FRAME-31-DNM-F,17,3643440,78000,291475,91086,3500,0,0,ONLINE,온라인몰,Denim Dress,DRESS,BETA-14-5-3,1,KR,KRW,CUST-0169,인천,연수구,paid
2026-08-09T21:23:00.000Z,W컨셉,FRAME-31-DNM-F,18,3529440,78000,529416,123530,3500,0,0,ONLINE,온라인몰,Denim Dress,DRESS,BETA-14-5-4,1,KR,KRW,CUST-0174,대구,수성구,paid
2026-08-09T10:30:00.000Z,매장 POS,FRAME-31-DNM-F,19,4245360,78000,84907,42454,0,0,0,STORE-SHANGHAI,상하이 IFC,Denim Dress,DRESS,BETA-14-5-5,1,KR,KRW,CUST-0179,서울,성동구,paid
2026-08-09T18:06:00.000Z,자사몰,SHEER-15-WHT-F,14,1344420,31000,53777,47055,3500,0,0,ONLINE,온라인몰,Sheer Layer Top,TOP,BETA-14-6-0,1,KR,KRW,CUST-0165,경기,성남시,paid
2026-08-09T19:13:00.000Z,무신사,SHEER-15-WHT-F,16,1393920,31000,167270,62726,3500,0,0,ONLINE,온라인몰,Sheer Layer Top,TOP,BETA-14-6-1,1,KR,KRW,CUST-0170,부산,해운대구,paid
2026-08-09T20:20:00.000Z,29CM,SHEER-15-WHT-F,17,1514700,31000,212058,60588,3500,0,0,ONLINE,온라인몰,Sheer Layer Top,TOP,BETA-14-6-2,1,KR,KRW,CUST-0175,인천,연수구,paid
2026-08-09T21:27:00.000Z,네이버,SHEER-15-WHT-F,19,1768140,31000,141451,44204,3500,0,0,ONLINE,온라인몰,Sheer Layer Top,TOP,BETA-14-6-3,1,KR,KRW,CUST-0180,대구,수성구,paid
2026-08-09T10:34:00.000Z,W컨셉,SHEER-15-WHT-F,20,1702800,31000,255420,59598,3500,0,0,ONLINE,온라인몰,Sheer Layer Top,TOP,BETA-14-6-4,1,KR,KRW,CUST-0185,서울,성동구,paid
2026-08-09T11:41:00.000Z,매장 POS,SHEER-15-WHT-F,20,1940400,31000,38808,19404,0,0,0,DC-ONLINE,온라인 DC,Sheer Layer Top,TOP,BETA-14-6-5,1,KR,KRW,CUST-0190,서울,강남구,paid
2026-08-09T19:17:00.000Z,자사몰,FORM-12-BLK-F,16,4159360,91000,166374,145578,3500,0,0,ONLINE,온라인몰,Relaxed Blazer,OUTER,BETA-14-7-0,1,KR,KRW,CUST-0176,부산,해운대구,paid
2026-08-09T20:24:00.000Z,무신사,FORM-12-BLK-F,18,4245120,91000,509414,191030,3500,0,0,ONLINE,온라인몰,Relaxed Blazer,OUTER,BETA-14-7-1,1,KR,KRW,CUST-0181,인천,연수구,paid
2026-08-09T21:31:00.000Z,29CM,FORM-12-BLK-F,20,4824000,91000,675360,192960,3500,0,0,ONLINE,온라인몰,Relaxed Blazer,OUTER,BETA-14-7-2,1,KR,KRW,CUST-0186,대구,수성구,paid
2026-08-09T10:38:00.000Z,네이버,FORM-12-BLK-F,21,5290320,91000,423226,132258,3500,0,0,ONLINE,온라인몰,Relaxed Blazer,OUTER,BETA-14-7-3,1,KR,KRW,CUST-0191,서울,성동구,paid
2026-08-09T11:45:00.000Z,W컨셉,FORM-12-BLK-F,21,4840080,91000,726012,169403,3500,0,0,ONLINE,온라인몰,Relaxed Blazer,OUTER,BETA-14-7-4,1,KR,KRW,CUST-0196,서울,강남구,paid
2026-08-09T12:52:00.000Z,매장 POS,FORM-12-BLK-F,21,5515440,91000,110309,55154,0,0,0,ONLINE,온라인몰,Relaxed Blazer,OUTER,BETA-14-7-5,1,KR,KRW,CUST-0201,경기,성남시,paid
2026-08-08T13:00:00.000Z,자사몰,ARC-07-BLK-F,3,721680,82000,28867,25259,3500,0,0,ONLINE,온라인몰,Utility Jacket,OUTER,BETA-15-0-0,1,KR,KRW,CUST-0136,부산,해운대구,paid
2026-08-08T14:07:00.000Z,무신사,ARC-07-BLK-F,4,872960,82000,104755,39283,3500,0,0,ONLINE,온라인몰,Utility Jacket,OUTER,BETA-15-0-1,1,KR,KRW,CUST-0141,인천,연수구,paid
2026-08-08T15:14:00.000Z,29CM,ARC-07-BLK-F,5,1116000,82000,156240,44640,3500,8928,1,ONLINE,온라인몰,Utility Jacket,OUTER,BETA-15-0-2,1,KR,KRW,CUST-0146,대구,수성구,paid
2026-08-08T16:21:00.000Z,네이버,ARC-07-BLK-F,6,1398720,82000,111898,34968,3500,0,0,ONLINE,온라인몰,Utility Jacket,OUTER,BETA-15-0-3,1,KR,KRW,CUST-0151,서울,성동구,paid
2026-08-08T17:28:00.000Z,W컨셉,ARC-07-BLK-F,7,1492960,82000,223944,52254,3500,0,0,ONLINE,온라인몰,Utility Jacket,OUTER,BETA-15-0-4,1,KR,KRW,CUST-0156,서울,강남구,paid
2026-08-08T18:35:00.000Z,매장 POS,ARC-07-BLK-F,9,2187360,82000,43747,21874,0,0,0,STORE-SEONGSU,성수 플래그십,Utility Jacket,OUTER,BETA-15-0-5,1,KR,KRW,CUST-0161,경기,성남시,paid
2026-08-08T14:11:00.000Z,자사몰,FLOW-22-BLK-F,4,613040,51000,24522,21456,3500,0,0,ONLINE,온라인몰,Drape Pants,BOTTOM,BETA-15-1-0,1,KR,KRW,CUST-0147,인천,연수구,paid
2026-08-08T15:18:00.000Z,무신사,FLOW-22-BLK-F,5,695200,51000,83424,31284,3500,5562,1,ONLINE,온라인몰,Drape Pants,BOTTOM,BETA-15-1-1,1,KR,KRW,CUST-0152,대구,수성구,paid
2026-08-08T16:25:00.000Z,29CM,FLOW-22-BLK-F,6,853200,51000,119448,34128,3500,0,0,ONLINE,온라인몰,Drape Pants,BOTTOM,BETA-15-1-2,1,KR,KRW,CUST-0157,서울,성동구,paid
2026-08-08T17:32:00.000Z,네이버,FLOW-22-BLK-F,8,1188160,51000,95053,29704,3500,0,0,ONLINE,온라인몰,Drape Pants,BOTTOM,BETA-15-1-3,1,KR,KRW,CUST-0162,서울,강남구,paid
2026-08-08T18:39:00.000Z,W컨셉,FLOW-22-BLK-F,10,1358800,51000,203820,47558,3500,0,0,ONLINE,온라인몰,Drape Pants,BOTTOM,BETA-15-1-4,1,KR,KRW,CUST-0167,경기,성남시,paid
2026-08-08T19:46:00.000Z,매장 POS,FLOW-22-BLK-F,11,1703240,51000,34065,17032,0,0,0,STORE-GANGNAM,강남점,Drape Pants,BOTTOM,BETA-15-1-5,1,KR,KRW,CUST-0172,부산,해운대구,paid
2026-08-08T15:22:00.000Z,자사몰,EASE-19-IVY-F,6,517980,27000,20719,18129,3500,3453,1,ONLINE,온라인몰,Layer Top,TOP,BETA-15-2-0,1,KR,KRW,CUST-0158,대구,수성구,paid
2026-08-08T16:29:00.000Z,무신사,EASE-19-IVY-F,7,548240,27000,65789,24671,3500,0,0,ONLINE,온라인몰,Layer Top,TOP,BETA-15-2-1,1,KR,KRW,CUST-0163,서울,성동구,paid
2026-08-08T17:36:00.000Z,29CM,EASE-19-IVY-F,9,720900,27000,100926,28836,3500,0,0,ONLINE,온라인몰,Layer Top,TOP,BETA-15-2-2,1,KR,KRW,CUST-0168,서울,강남구,paid
2026-08-08T18:43:00.000Z,네이버,EASE-19-IVY-F,10,836600,27000,66928,20915,3500,0,0,ONLINE,온라인몰,Layer Top,TOP,BETA-15-2-3,1,KR,KRW,CUST-0173,경기,성남시,paid
2026-08-08T19:50:00.000Z,W컨셉,EASE-19-IVY-F,12,918480,27000,137772,32147,3500,0,0,ONLINE,온라인몰,Layer Top,TOP,BETA-15-2-4,1,KR,KRW,CUST-0178,부산,해운대구,paid
2026-08-08T20:57:00.000Z,매장 POS,EASE-19-IVY-F,13,1133860,27000,22677,11339,0,0,0,STORE-HANNAM,한남점,Layer Top,TOP,BETA-15-2-5,1,KR,KRW,CUST-0183,인천,연수구,paid
2026-08-08T16:33:00.000Z,자사몰,CORE-08-GRY-F,8,923440,39000,36938,32320,3500,0,0,ONLINE,온라인몰,Core Knit,TOP,BETA-15-3-0,1,KR,KRW,CUST-0169,서울,성동구,paid
2026-08-08T17:40:00.000Z,무신사,CORE-08-GRY-F,9,942480,39000,113098,42412,3500,0,0,ONLINE,온라인몰,Core Knit,TOP,BETA-15-3-1,1,KR,KRW,CUST-0174,서울,강남구,paid
2026-08-08T18:47:00.000Z,29CM,CORE-08-GRY-F,11,1178100,39000,164934,47124,3500,0,0,ONLINE,온라인몰,Core Knit,TOP,BETA-15-3-2,1,KR,KRW,CUST-0179,경기,성남시,paid
2026-08-08T19:54:00.000Z,네이버,CORE-08-GRY-F,13,1454180,39000,116334,36355,3500,0,0,ONLINE,온라인몰,Core Knit,TOP,BETA-15-3-3,1,KR,KRW,CUST-0184,부산,해운대구,paid
2026-08-08T20:01:00.000Z,W컨셉,CORE-08-GRY-F,14,1432760,39000,214914,50147,3500,0,0,ONLINE,온라인몰,Core Knit,TOP,BETA-15-3-4,1,KR,KRW,CUST-0189,인천,연수구,paid
2026-08-08T21:08:00.000Z,매장 POS,CORE-08-GRY-F,16,1865920,39000,37318,18659,0,0,0,STORE-BUSAN,부산 센텀,Core Knit,TOP,BETA-15-3-5,1,KR,KRW,CUST-0194,대구,수성구,paid
2026-08-08T17:44:00.000Z,자사몰,AIR-24-NVY-F,10,1920600,65000,76824,67221,3500,0,0,ONLINE,온라인몰,Volume Dress,DRESS,BETA-15-4-0,1,KR,KRW,CUST-0180,서울,강남구,paid
2026-08-08T18:51:00.000Z,무신사,AIR-24-NVY-F,11,1916640,65000,229997,86249,3500,0,0,ONLINE,온라인몰,Volume Dress,DRESS,BETA-15-4-1,1,KR,KRW,CUST-0185,경기,성남시,paid
2026-08-08T19:58:00.000Z,29CM,AIR-24-NVY-F,13,2316600,65000,324324,92664,3500,0,0,ONLINE,온라인몰,Volume Dress,DRESS,BETA-15-4-2,1,KR,KRW,CUST-0190,부산,해운대구,paid
2026-08-08T20:05:00.000Z,네이버,AIR-24-NVY-F,15,2791800,65000,223344,69795,3500,0,0,ONLINE,온라인몰,Volume Dress,DRESS,BETA-15-4-3,1,KR,KRW,CUST-0195,인천,연수구,paid
2026-08-08T21:12:00.000Z,W컨셉,AIR-24-NVY-F,16,2724480,65000,408672,95357,3500,0,0,ONLINE,온라인몰,Volume Dress,DRESS,BETA-15-4-4,1,KR,KRW,CUST-0200,대구,수성구,paid
2026-08-08T10:19:00.000Z,매장 POS,AIR-24-NVY-F,17,3298680,65000,65974,32987,0,0,0,STORE-SHANGHAI,상하이 IFC,Volume Dress,DRESS,BETA-15-4-5,1,KR,KRW,CUST-0205,서울,성동구,paid
2026-08-08T18:55:00.000Z,자사몰,FRAME-31-DNM-F,12,2653920,78000,106157,92887,3500,0,0,ONLINE,온라인몰,Denim Dress,DRESS,BETA-15-5-0,1,KR,KRW,CUST-0191,경기,성남시,paid
2026-08-08T19:02:00.000Z,무신사,FRAME-31-DNM-F,14,2808960,78000,337075,126403,3500,0,0,ONLINE,온라인몰,Denim Dress,DRESS,BETA-15-5-1,1,KR,KRW,CUST-0196,부산,해운대구,paid
2026-08-08T20:09:00.000Z,29CM,FRAME-31-DNM-F,16,3283200,78000,459648,131328,3500,0,0,ONLINE,온라인몰,Denim Dress,DRESS,BETA-15-5-2,1,KR,KRW,CUST-0201,인천,연수구,paid
2026-08-08T21:16:00.000Z,네이버,FRAME-31-DNM-F,17,3643440,78000,291475,91086,3500,0,0,ONLINE,온라인몰,Denim Dress,DRESS,BETA-15-5-3,1,KR,KRW,CUST-0206,대구,수성구,paid
2026-08-08T10:23:00.000Z,W컨셉,FRAME-31-DNM-F,18,3529440,78000,529416,123530,3500,0,0,ONLINE,온라인몰,Denim Dress,DRESS,BETA-15-5-4,1,KR,KRW,CUST-0211,서울,성동구,paid
2026-08-08T11:30:00.000Z,매장 POS,FRAME-31-DNM-F,19,4245360,78000,84907,42454,0,0,0,DC-ONLINE,온라인 DC,Denim Dress,DRESS,BETA-15-5-5,1,KR,KRW,CUST-0216,서울,강남구,paid
2026-08-08T19:06:00.000Z,자사몰,SHEER-15-WHT-F,15,0,31000,0,0,3500,0,0,ONLINE,온라인몰,Sheer Layer Top,TOP,BETA-15-6-0,1,KR,KRW,CUST-0202,부산,해운대구,cancelled
2026-08-08T20:13:00.000Z,무신사,SHEER-15-WHT-F,16,1393920,31000,167270,62726,3500,0,0,ONLINE,온라인몰,Sheer Layer Top,TOP,BETA-15-6-1,1,KR,KRW,CUST-0207,인천,연수구,paid
2026-08-08T21:20:00.000Z,29CM,SHEER-15-WHT-F,18,1603800,31000,224532,64152,3500,0,0,ONLINE,온라인몰,Sheer Layer Top,TOP,BETA-15-6-2,1,KR,KRW,CUST-0212,대구,수성구,paid
2026-08-08T10:27:00.000Z,네이버,SHEER-15-WHT-F,19,1768140,31000,141451,44204,3500,0,0,ONLINE,온라인몰,Sheer Layer Top,TOP,BETA-15-6-3,1,KR,KRW,CUST-0217,서울,성동구,paid
2026-08-08T11:34:00.000Z,W컨셉,SHEER-15-WHT-F,19,1617660,31000,242649,56618,3500,0,0,ONLINE,온라인몰,Sheer Layer Top,TOP,BETA-15-6-4,1,KR,KRW,CUST-0222,서울,강남구,paid
2026-08-08T12:41:00.000Z,매장 POS,SHEER-15-WHT-F,20,1940400,31000,38808,19404,0,0,0,ONLINE,온라인몰,Sheer Layer Top,TOP,BETA-15-6-5,1,KR,KRW,CUST-0227,경기,성남시,paid
2026-08-08T20:17:00.000Z,자사몰,FORM-12-BLK-F,17,4419320,91000,176773,154676,3500,0,0,ONLINE,온라인몰,Relaxed Blazer,OUTER,BETA-15-7-0,1,KR,KRW,CUST-0213,인천,연수구,paid
2026-08-08T21:24:00.000Z,무신사,FORM-12-BLK-F,19,4480960,91000,537715,201643,3500,0,0,ONLINE,온라인몰,Relaxed Blazer,OUTER,BETA-15-7-1,1,KR,KRW,CUST-0218,대구,수성구,paid
2026-08-08T10:31:00.000Z,29CM,FORM-12-BLK-F,20,4824000,91000,675360,192960,3500,0,0,ONLINE,온라인몰,Relaxed Blazer,OUTER,BETA-15-7-2,1,KR,KRW,CUST-0223,서울,성동구,paid
2026-08-08T11:38:00.000Z,네이버,FORM-12-BLK-F,20,5038400,91000,403072,125960,3500,0,0,ONLINE,온라인몰,Relaxed Blazer,OUTER,BETA-15-7-3,1,KR,KRW,CUST-0228,서울,강남구,paid
2026-08-08T12:45:00.000Z,W컨셉,FORM-12-BLK-F,20,4609600,91000,691440,161336,3500,0,0,ONLINE,온라인몰,Relaxed Blazer,OUTER,BETA-15-7-4,1,KR,KRW,CUST-0233,경기,성남시,paid
2026-08-08T13:52:00.000Z,매장 POS,FORM-12-BLK-F,20,5252800,91000,105056,52528,0,0,0,STORE-SEONGSU,성수 플래그십,Relaxed Blazer,OUTER,BETA-15-7-5,1,KR,KRW,CUST-0238,부산,해운대구,paid
2026-08-07T14:00:00.000Z,자사몰,ARC-07-BLK-F,3,721680,82000,28867,25259,3500,0,0,ONLINE,온라인몰,Utility Jacket,OUTER,BETA-16-0-0,1,KR,KRW,CUST-0173,인천,연수구,paid
2026-08-07T15:07:00.000Z,무신사,ARC-07-BLK-F,4,872960,82000,104755,39283,3500,8730,1,ONLINE,온라인몰,Utility Jacket,OUTER,BETA-16-0-1,1,KR,KRW,CUST-0178,대구,수성구,paid
2026-08-07T16:14:00.000Z,29CM,ARC-07-BLK-F,5,1116000,82000,156240,44640,3500,0,0,ONLINE,온라인몰,Utility Jacket,OUTER,BETA-16-0-2,1,KR,KRW,CUST-0183,서울,성동구,paid
2026-08-07T17:21:00.000Z,네이버,ARC-07-BLK-F,6,1398720,82000,111898,34968,3500,0,0,ONLINE,온라인몰,Utility Jacket,OUTER,BETA-16-0-3,1,KR,KRW,CUST-0188,서울,강남구,paid
2026-08-07T18:28:00.000Z,W컨셉,ARC-07-BLK-F,8,1706240,82000,255936,59718,3500,0,0,ONLINE,온라인몰,Utility Jacket,OUTER,BETA-16-0-4,1,KR,KRW,CUST-0193,경기,성남시,paid
2026-08-07T19:35:00.000Z,매장 POS,ARC-07-BLK-F,9,2187360,82000,43747,21874,0,0,0,STORE-GANGNAM,강남점,Utility Jacket,OUTER,BETA-16-0-5,1,KR,KRW,CUST-0198,부산,해운대구,paid
2026-08-07T15:11:00.000Z,자사몰,FLOW-22-BLK-F,5,766300,51000,30652,26821,3500,6130,1,ONLINE,온라인몰,Drape Pants,BOTTOM,BETA-16-1-0,1,KR,KRW,CUST-0184,대구,수성구,paid
2026-08-07T16:18:00.000Z,무신사,FLOW-22-BLK-F,6,834240,51000,100109,37541,3500,0,0,ONLINE,온라인몰,Drape Pants,BOTTOM,BETA-16-1-1,1,KR,KRW,CUST-0189,서울,성동구,paid
2026-08-07T17:25:00.000Z,29CM,FLOW-22-BLK-F,7,995400,51000,139356,39816,3500,0,0,ONLINE,온라인몰,Drape Pants,BOTTOM,BETA-16-1-2,1,KR,KRW,CUST-0194,서울,강남구,paid
2026-08-07T18:32:00.000Z,네이버,FLOW-22-BLK-F,9,1336680,51000,106934,33417,3500,0,0,ONLINE,온라인몰,Drape Pants,BOTTOM,BETA-16-1-3,1,KR,KRW,CUST-0199,경기,성남시,paid
2026-08-07T19:39:00.000Z,W컨셉,FLOW-22-BLK-F,10,1358800,51000,203820,47558,3500,0,0,ONLINE,온라인몰,Drape Pants,BOTTOM,BETA-16-1-4,1,KR,KRW,CUST-0204,부산,해운대구,paid
2026-08-07T20:46:00.000Z,매장 POS,FLOW-22-BLK-F,12,1858080,51000,37162,18581,0,0,0,STORE-HANNAM,한남점,Drape Pants,BOTTOM,BETA-16-1-5,1,KR,KRW,CUST-0209,인천,연수구,paid
2026-08-07T16:22:00.000Z,자사몰,EASE-19-IVY-F,6,517980,27000,20719,18129,3500,0,0,ONLINE,온라인몰,Layer Top,TOP,BETA-16-2-0,1,KR,KRW,CUST-0195,서울,성동구,paid
2026-08-07T17:29:00.000Z,무신사,EASE-19-IVY-F,8,626560,27000,75187,28195,3500,0,0,ONLINE,온라인몰,Layer Top,TOP,BETA-16-2-1,1,KR,KRW,CUST-0200,서울,강남구,paid
2026-08-07T18:36:00.000Z,29CM,EASE-19-IVY-F,9,720900,27000,100926,28836,3500,0,0,ONLINE,온라인몰,Layer Top,TOP,BETA-16-2-2,1,KR,KRW,CUST-0205,경기,성남시,paid
2026-08-07T19:43:00.000Z,네이버,EASE-19-IVY-F,11,920260,27000,73621,23007,3500,0,0,ONLINE,온라인몰,Layer Top,TOP,BETA-16-2-3,1,KR,KRW,CUST-0210,부산,해운대구,paid
2026-08-07T20:50:00.000Z,W컨셉,EASE-19-IVY-F,12,918480,27000,137772,32147,3500,0,0,ONLINE,온라인몰,Layer Top,TOP,BETA-16-2-4,1,KR,KRW,CUST-0215,인천,연수구,paid
2026-08-07T21:57:00.000Z,매장 POS,EASE-19-IVY-F,14,1221080,27000,24422,12211,0,0,0,STORE-BUSAN,부산 센텀,Layer Top,TOP,BETA-16-2-5,1,KR,KRW,CUST-0220,대구,수성구,paid
2026-08-07T17:33:00.000Z,자사몰,CORE-08-GRY-F,8,923440,39000,36938,32320,3500,0,0,ONLINE,온라인몰,Core Knit,TOP,BETA-16-3-0,1,KR,KRW,CUST-0206,서울,강남구,paid
2026-08-07T18:40:00.000Z,무신사,CORE-08-GRY-F,10,1047200,39000,125664,47124,3500,0,0,ONLINE,온라인몰,Core Knit,TOP,BETA-16-3-1,1,KR,KRW,CUST-0211,경기,성남시,paid
2026-08-07T19:47:00.000Z,29CM,CORE-08-GRY-F,12,1285200,39000,179928,51408,3500,0,0,ONLINE,온라인몰,Core Knit,TOP,BETA-16-3-2,1,KR,KRW,CUST-0216,부산,해운대구,paid
2026-08-07T20:54:00.000Z,네이버,CORE-08-GRY-F,13,1454180,39000,116334,36355,3500,0,0,ONLINE,온라인몰,Core Knit,TOP,BETA-16-3-3,1,KR,KRW,CUST-0221,인천,연수구,paid
2026-08-07T21:01:00.000Z,W컨셉,CORE-08-GRY-F,15,1535100,39000,230265,53729,3500,0,0,ONLINE,온라인몰,Core Knit,TOP,BETA-16-3-4,1,KR,KRW,CUST-0226,대구,수성구,paid
2026-08-07T10:08:00.000Z,매장 POS,CORE-08-GRY-F,16,1865920,39000,37318,18659,0,0,0,STORE-SHANGHAI,상하이 IFC,Core Knit,TOP,BETA-16-3-5,1,KR,KRW,CUST-0231,서울,성동구,paid
2026-08-07T18:44:00.000Z,자사몰,AIR-24-NVY-F,11,2112660,65000,84506,73943,3500,0,0,ONLINE,온라인몰,Volume Dress,DRESS,BETA-16-4-0,1,KR,KRW,CUST-0217,경기,성남시,paid
2026-08-07T19:51:00.000Z,무신사,AIR-24-NVY-F,12,0,65000,0,0,3500,0,0,ONLINE,온라인몰,Volume Dress,DRESS,BETA-16-4-1,1,KR,KRW,CUST-0222,부산,해운대구,cancelled
2026-08-07T20:58:00.000Z,29CM,AIR-24-NVY-F,14,2494800,65000,349272,99792,3500,0,0,ONLINE,온라인몰,Volume Dress,DRESS,BETA-16-4-2,1,KR,KRW,CUST-0227,인천,연수구,paid
2026-08-07T21:05:00.000Z,네이버,AIR-24-NVY-F,15,2791800,65000,223344,69795,3500,0,0,ONLINE,온라인몰,Volume Dress,DRESS,BETA-16-4-3,1,KR,KRW,CUST-0232,대구,수성구,paid
2026-08-07T10:12:00.000Z,W컨셉,AIR-24-NVY-F,16,2724480,65000,408672,95357,3500,0,0,ONLINE,온라인몰,Volume Dress,DRESS,BETA-16-4-4,1,KR,KRW,CUST-0237,서울,성동구,paid
2026-08-07T11:19:00.000Z,매장 POS,AIR-24-NVY-F,17,3298680,65000,65974,32987,0,0,0,DC-ONLINE,온라인 DC,Volume Dress,DRESS,BETA-16-4-5,1,KR,KRW,CUST-0242,서울,강남구,paid
2026-08-07T19:55:00.000Z,자사몰,FRAME-31-DNM-F,13,2875080,78000,115003,100628,3500,0,0,ONLINE,온라인몰,Denim Dress,DRESS,BETA-16-5-0,1,KR,KRW,CUST-0228,부산,해운대구,paid
2026-08-07T20:02:00.000Z,무신사,FRAME-31-DNM-F,15,3009600,78000,361152,135432,3500,0,0,ONLINE,온라인몰,Denim Dress,DRESS,BETA-16-5-1,1,KR,KRW,CUST-0233,인천,연수구,paid
2026-08-07T21:09:00.000Z,29CM,FRAME-31-DNM-F,16,3283200,78000,459648,131328,3500,0,0,ONLINE,온라인몰,Denim Dress,DRESS,BETA-16-5-2,1,KR,KRW,CUST-0238,대구,수성구,paid
2026-08-07T10:16:00.000Z,네이버,FRAME-31-DNM-F,17,3643440,78000,291475,91086,3500,0,0,ONLINE,온라인몰,Denim Dress,DRESS,BETA-16-5-3,1,KR,KRW,CUST-0243,서울,성동구,paid
2026-08-07T11:23:00.000Z,W컨셉,FRAME-31-DNM-F,18,3529440,78000,529416,123530,3500,0,0,ONLINE,온라인몰,Denim Dress,DRESS,BETA-16-5-4,1,KR,KRW,CUST-0248,서울,강남구,paid
2026-08-07T12:30:00.000Z,매장 POS,FRAME-31-DNM-F,18,4021920,78000,80438,40219,0,0,0,ONLINE,온라인몰,Denim Dress,DRESS,BETA-16-5-5,1,KR,KRW,CUST-0253,경기,성남시,paid
2026-08-07T20:06:00.000Z,자사몰,SHEER-15-WHT-F,15,1440450,31000,57618,50416,3500,0,0,ONLINE,온라인몰,Sheer Layer Top,TOP,BETA-16-6-0,1,KR,KRW,CUST-0239,인천,연수구,paid
2026-08-07T21:13:00.000Z,무신사,SHEER-15-WHT-F,17,1481040,31000,177725,66647,3500,0,0,ONLINE,온라인몰,Sheer Layer Top,TOP,BETA-16-6-1,1,KR,KRW,CUST-0244,대구,수성구,paid
2026-08-07T10:20:00.000Z,29CM,SHEER-15-WHT-F,18,1603800,31000,224532,64152,3500,0,0,ONLINE,온라인몰,Sheer Layer Top,TOP,BETA-16-6-2,1,KR,KRW,CUST-0249,서울,성동구,paid
2026-08-07T11:27:00.000Z,네이버,SHEER-15-WHT-F,18,1675080,31000,134006,41877,3500,0,0,ONLINE,온라인몰,Sheer Layer Top,TOP,BETA-16-6-3,1,KR,KRW,CUST-0254,서울,강남구,paid
2026-08-07T12:34:00.000Z,W컨셉,SHEER-15-WHT-F,19,1617660,31000,242649,56618,3500,0,0,ONLINE,온라인몰,Sheer Layer Top,TOP,BETA-16-6-4,1,KR,KRW,CUST-0259,경기,성남시,paid
2026-08-07T13:41:00.000Z,매장 POS,SHEER-15-WHT-F,18,1746360,31000,34927,17464,0,0,0,STORE-SEONGSU,성수 플래그십,Sheer Layer Top,TOP,BETA-16-6-5,1,KR,KRW,CUST-0264,부산,해운대구,paid
2026-08-07T21:17:00.000Z,자사몰,FORM-12-BLK-F,18,4679280,91000,187171,163775,3500,0,0,ONLINE,온라인몰,Relaxed Blazer,OUTER,BETA-16-7-0,1,KR,KRW,CUST-0250,대구,수성구,paid
2026-08-07T10:24:00.000Z,무신사,FORM-12-BLK-F,19,4480960,91000,537715,201643,3500,0,0,ONLINE,온라인몰,Relaxed Blazer,OUTER,BETA-16-7-1,1,KR,KRW,CUST-0255,서울,성동구,paid
2026-08-07T11:31:00.000Z,29CM,FORM-12-BLK-F,19,4582800,91000,641592,183312,3500,0,0,ONLINE,온라인몰,Relaxed Blazer,OUTER,BETA-16-7-2,1,KR,KRW,CUST-0260,서울,강남구,paid
2026-08-07T12:38:00.000Z,네이버,FORM-12-BLK-F,19,4786480,91000,382918,119662,3500,0,0,ONLINE,온라인몰,Relaxed Blazer,OUTER,BETA-16-7-3,1,KR,KRW,CUST-0265,경기,성남시,paid
2026-08-07T13:45:00.000Z,W컨셉,FORM-12-BLK-F,19,4379120,91000,656868,153269,3500,0,0,ONLINE,온라인몰,Relaxed Blazer,OUTER,BETA-16-7-4,1,KR,KRW,CUST-0270,부산,해운대구,paid
2026-08-07T14:52:00.000Z,매장 POS,FORM-12-BLK-F,18,4727520,91000,94550,47275,0,0,0,STORE-GANGNAM,강남점,Relaxed Blazer,OUTER,BETA-16-7-5,1,KR,KRW,CUST-0275,인천,연수구,paid
2026-08-06T15:00:00.000Z,자사몰,ARC-07-BLK-F,3,721680,82000,28867,25259,3500,9622,1,ONLINE,온라인몰,Utility Jacket,OUTER,BETA-17-0-0,1,KR,KRW,CUST-0210,대구,수성구,paid
2026-08-06T16:07:00.000Z,무신사,ARC-07-BLK-F,4,872960,82000,104755,39283,3500,0,0,ONLINE,온라인몰,Utility Jacket,OUTER,BETA-17-0-1,1,KR,KRW,CUST-0215,서울,성동구,paid
2026-08-06T17:14:00.000Z,29CM,ARC-07-BLK-F,6,1339200,82000,187488,53568,3500,0,0,ONLINE,온라인몰,Utility Jacket,OUTER,BETA-17-0-2,1,KR,KRW,CUST-0220,서울,강남구,paid
2026-08-06T18:21:00.000Z,네이버,ARC-07-BLK-F,7,1631840,82000,130547,40796,3500,0,0,ONLINE,온라인몰,Utility Jacket,OUTER,BETA-17-0-3,1,KR,KRW,CUST-0225,경기,성남시,paid
2026-08-06T19:28:00.000Z,W컨셉,ARC-07-BLK-F,9,1919520,82000,287928,67183,3500,0,0,ONLINE,온라인몰,Utility Jacket,OUTER,BETA-17-0-4,1,KR,KRW,CUST-0230,부산,해운대구,paid
2026-08-06T20:35:00.000Z,매장 POS,ARC-07-BLK-F,10,2430400,82000,48608,24304,0,0,0,STORE-HANNAM,한남점,Utility Jacket,OUTER,BETA-17-0-5,1,KR,KRW,CUST-0235,인천,연수구,paid
2026-08-06T16:11:00.000Z,자사몰,FLOW-22-BLK-F,5,766300,51000,30652,26821,3500,0,0,ONLINE,온라인몰,Drape Pants,BOTTOM,BETA-17-1-0,1,KR,KRW,CUST-0221,서울,성동구,paid
2026-08-06T17:18:00.000Z,무신사,FLOW-22-BLK-F,6,834240,51000,100109,37541,3500,0,0,ONLINE,온라인몰,Drape Pants,BOTTOM,BETA-17-1-1,1,KR,KRW,CUST-0226,서울,강남구,paid
2026-08-06T18:25:00.000Z,29CM,FLOW-22-BLK-F,8,1137600,51000,159264,45504,3500,0,0,ONLINE,온라인몰,Drape Pants,BOTTOM,BETA-17-1-2,1,KR,KRW,CUST-0231,경기,성남시,paid
2026-08-06T19:32:00.000Z,네이버,FLOW-22-BLK-F,9,1336680,51000,106934,33417,3500,0,0,ONLINE,온라인몰,Drape Pants,BOTTOM,BETA-17-1-3,1,KR,KRW,CUST-0236,부산,해운대구,paid
2026-08-06T20:39:00.000Z,W컨셉,FLOW-22-BLK-F,11,1494680,51000,224202,52314,3500,0,0,ONLINE,온라인몰,Drape Pants,BOTTOM,BETA-17-1-4,1,KR,KRW,CUST-0241,인천,연수구,paid
2026-08-06T21:46:00.000Z,매장 POS,FLOW-22-BLK-F,12,1858080,51000,37162,18581,0,0,0,STORE-BUSAN,부산 센텀,Drape Pants,BOTTOM,BETA-17-1-5,1,KR,KRW,CUST-0246,대구,수성구,paid
2026-08-06T17:22:00.000Z,자사몰,EASE-19-IVY-F,7,604310,27000,24172,21151,3500,0,0,ONLINE,온라인몰,Layer Top,TOP,BETA-17-2-0,1,KR,KRW,CUST-0232,서울,강남구,paid
2026-08-06T18:29:00.000Z,무신사,EASE-19-IVY-F,8,626560,27000,75187,28195,3500,0,0,ONLINE,온라인몰,Layer Top,TOP,BETA-17-2-1,1,KR,KRW,CUST-0237,경기,성남시,paid
2026-08-06T19:36:00.000Z,29CM,EASE-19-IVY-F,10,0,27000,0,0,3500,0,0,ONLINE,온라인몰,Layer Top,TOP,BETA-17-2-2,1,KR,KRW,CUST-0242,부산,해운대구,cancelled
2026-08-06T20:43:00.000Z,네이버,EASE-19-IVY-F,11,920260,27000,73621,23007,3500,0,0,ONLINE,온라인몰,Layer Top,TOP,BETA-17-2-3,1,KR,KRW,CUST-0247,인천,연수구,paid
2026-08-06T21:50:00.000Z,W컨셉,EASE-19-IVY-F,13,995020,27000,149253,34826,3500,0,0,ONLINE,온라인몰,Layer Top,TOP,BETA-17-2-4,1,KR,KRW,CUST-0252,대구,수성구,paid
2026-08-06T10:57:00.000Z,매장 POS,EASE-19-IVY-F,14,1221080,27000,24422,12211,0,0,0,STORE-SHANGHAI,상하이 IFC,Layer Top,TOP,BETA-17-2-5,1,KR,KRW,CUST-0257,서울,성동구,paid
2026-08-06T18:33:00.000Z,자사몰,CORE-08-GRY-F,9,1038870,39000,41555,36360,3500,0,0,ONLINE,온라인몰,Core Knit,TOP,BETA-17-3-0,1,KR,KRW,CUST-0243,경기,성남시,paid
2026-08-06T19:40:00.000Z,무신사,CORE-08-GRY-F,11,1151920,39000,138230,51836,3500,0,0,ONLINE,온라인몰,Core Knit,TOP,BETA-17-3-1,1,KR,KRW,CUST-0248,부산,해운대구,paid
2026-08-06T20:47:00.000Z,29CM,CORE-08-GRY-F,12,1285200,39000,179928,51408,3500,0,0,ONLINE,온라인몰,Core Knit,TOP,BETA-17-3-2,1,KR,KRW,CUST-0253,인천,연수구,paid
2026-08-06T21:54:00.000Z,네이버,CORE-08-GRY-F,14,1566040,39000,125283,39151,3500,0,0,ONLINE,온라인몰,Core Knit,TOP,BETA-17-3-3,1,KR,KRW,CUST-0258,대구,수성구,paid
2026-08-06T10:01:00.000Z,W컨셉,CORE-08-GRY-F,15,1535100,39000,230265,53729,3500,0,0,ONLINE,온라인몰,Core Knit,TOP,BETA-17-3-4,1,KR,KRW,CUST-0263,서울,성동구,paid
2026-08-06T11:08:00.000Z,매장 POS,CORE-08-GRY-F,15,1749300,39000,34986,17493,0,0,0,DC-ONLINE,온라인 DC,Core Knit,TOP,BETA-17-3-5,1,KR,KRW,CUST-0268,서울,강남구,paid
2026-08-06T19:44:00.000Z,자사몰,AIR-24-NVY-F,11,2112660,65000,84506,73943,3500,0,0,ONLINE,온라인몰,Volume Dress,DRESS,BETA-17-4-0,1,KR,KRW,CUST-0254,부산,해운대구,paid
2026-08-06T20:51:00.000Z,무신사,AIR-24-NVY-F,13,2265120,65000,271814,101930,3500,0,0,ONLINE,온라인몰,Volume Dress,DRESS,BETA-17-4-1,1,KR,KRW,CUST-0259,인천,연수구,paid
2026-08-06T21:58:00.000Z,29CM,AIR-24-NVY-F,14,2494800,65000,349272,99792,3500,0,0,ONLINE,온라인몰,Volume Dress,DRESS,BETA-17-4-2,1,KR,KRW,CUST-0264,대구,수성구,paid
2026-08-06T10:05:00.000Z,네이버,AIR-24-NVY-F,15,2791800,65000,223344,69795,3500,0,0,ONLINE,온라인몰,Volume Dress,DRESS,BETA-17-4-3,1,KR,KRW,CUST-0269,서울,성동구,paid
2026-08-06T11:12:00.000Z,W컨셉,AIR-24-NVY-F,16,2724480,65000,408672,95357,3500,0,0,ONLINE,온라인몰,Volume Dress,DRESS,BETA-17-4-4,1,KR,KRW,CUST-0274,서울,강남구,paid
2026-08-06T12:19:00.000Z,매장 POS,AIR-24-NVY-F,16,3104640,65000,62093,31046,0,0,0,ONLINE,온라인몰,Volume Dress,DRESS,BETA-17-4-5,1,KR,KRW,CUST-0279,경기,성남시,paid
2026-08-06T20:55:00.000Z,자사몰,FRAME-31-DNM-F,14,3096240,78000,123850,108368,3500,0,0,ONLINE,온라인몰,Denim Dress,DRESS,BETA-17-5-0,1,KR,KRW,CUST-0265,인천,연수구,paid
2026-08-06T21:02:00.000Z,무신사,FRAME-31-DNM-F,15,3009600,78000,361152,135432,3500,0,0,ONLINE,온라인몰,Denim Dress,DRESS,BETA-17-5-1,1,KR,KRW,CUST-0270,대구,수성구,paid
2026-08-06T10:09:00.000Z,29CM,FRAME-31-DNM-F,16,3283200,78000,459648,131328,3500,0,0,ONLINE,온라인몰,Denim Dress,DRESS,BETA-17-5-2,1,KR,KRW,CUST-0275,서울,성동구,paid
2026-08-06T11:16:00.000Z,네이버,FRAME-31-DNM-F,17,3643440,78000,291475,91086,3500,0,0,ONLINE,온라인몰,Denim Dress,DRESS,BETA-17-5-3,1,KR,KRW,CUST-0280,서울,강남구,paid
2026-08-06T12:23:00.000Z,W컨셉,FRAME-31-DNM-F,17,3333360,78000,500004,116668,3500,0,0,ONLINE,온라인몰,Denim Dress,DRESS,BETA-17-5-4,1,KR,KRW,CUST-0285,경기,성남시,paid
2026-08-06T13:30:00.000Z,매장 POS,FRAME-31-DNM-F,17,3798480,78000,75970,37985,0,0,0,STORE-SEONGSU,성수 플래그십,Denim Dress,DRESS,BETA-17-5-5,1,KR,KRW,CUST-0290,부산,해운대구,paid
2026-08-06T21:06:00.000Z,자사몰,SHEER-15-WHT-F,16,1536480,31000,61459,53777,3500,0,0,ONLINE,온라인몰,Sheer Layer Top,TOP,BETA-17-6-0,1,KR,KRW,CUST-0276,대구,수성구,paid
2026-08-06T10:13:00.000Z,무신사,SHEER-15-WHT-F,17,1481040,31000,177725,66647,3500,0,0,ONLINE,온라인몰,Sheer Layer Top,TOP,BETA-17-6-1,1,KR,KRW,CUST-0281,서울,성동구,paid
2026-08-06T11:20:00.000Z,29CM,SHEER-15-WHT-F,17,1514700,31000,212058,60588,3500,0,0,ONLINE,온라인몰,Sheer Layer Top,TOP,BETA-17-6-2,1,KR,KRW,CUST-0286,서울,강남구,paid
2026-08-06T12:27:00.000Z,네이버,SHEER-15-WHT-F,18,1675080,31000,134006,41877,3500,0,0,ONLINE,온라인몰,Sheer Layer Top,TOP,BETA-17-6-3,1,KR,KRW,CUST-0291,경기,성남시,paid
2026-08-06T13:34:00.000Z,W컨셉,SHEER-15-WHT-F,17,1447380,31000,217107,50658,3500,0,0,ONLINE,온라인몰,Sheer Layer Top,TOP,BETA-17-6-4,1,KR,KRW,CUST-0296,부산,해운대구,paid
2026-08-06T14:41:00.000Z,매장 POS,SHEER-15-WHT-F,17,1649340,31000,32987,16493,0,0,0,STORE-GANGNAM,강남점,Sheer Layer Top,TOP,BETA-17-6-5,1,KR,KRW,CUST-0301,인천,연수구,paid
2026-08-06T10:17:00.000Z,자사몰,FORM-12-BLK-F,18,4679280,91000,187171,163775,3500,0,0,ONLINE,온라인몰,Relaxed Blazer,OUTER,BETA-17-7-0,1,KR,KRW,CUST-0287,서울,성동구,paid
2026-08-06T11:24:00.000Z,무신사,FORM-12-BLK-F,18,4245120,91000,509414,191030,3500,0,0,ONLINE,온라인몰,Relaxed Blazer,OUTER,BETA-17-7-1,1,KR,KRW,CUST-0292,서울,강남구,paid
2026-08-06T12:31:00.000Z,29CM,FORM-12-BLK-F,18,4341600,91000,607824,173664,3500,0,0,ONLINE,온라인몰,Relaxed Blazer,OUTER,BETA-17-7-2,1,KR,KRW,CUST-0297,경기,성남시,paid
2026-08-06T13:38:00.000Z,네이버,FORM-12-BLK-F,18,4534560,91000,362765,113364,3500,0,0,ONLINE,온라인몰,Relaxed Blazer,OUTER,BETA-17-7-3,1,KR,KRW,CUST-0302,부산,해운대구,paid
2026-08-06T14:45:00.000Z,W컨셉,FORM-12-BLK-F,17,3918160,91000,587724,137136,3500,0,0,ONLINE,온라인몰,Relaxed Blazer,OUTER,BETA-17-7-4,1,KR,KRW,CUST-0307,인천,연수구,paid
2026-08-06T15:52:00.000Z,매장 POS,FORM-12-BLK-F,17,4464880,91000,89298,44649,0,0,0,STORE-HANNAM,한남점,Relaxed Blazer,OUTER,BETA-17-7-5,1,KR,KRW,CUST-0312,대구,수성구,paid
2026-08-05T16:00:00.000Z,자사몰,ARC-07-BLK-F,4,962240,82000,38490,33678,3500,0,0,ONLINE,온라인몰,Utility Jacket,OUTER,BETA-18-0-0,1,KR,KRW,CUST-0247,서울,성동구,paid
2026-08-05T17:07:00.000Z,무신사,ARC-07-BLK-F,5,1091200,82000,130944,49104,3500,0,0,ONLINE,온라인몰,Utility Jacket,OUTER,BETA-18-0-1,1,KR,KRW,CUST-0252,서울,강남구,paid
2026-08-05T18:14:00.000Z,29CM,ARC-07-BLK-F,6,1339200,82000,187488,53568,3500,0,0,ONLINE,온라인몰,Utility Jacket,OUTER,BETA-18-0-2,1,KR,KRW,CUST-0257,경기,성남시,paid
2026-08-05T19:21:00.000Z,네이버,ARC-07-BLK-F,8,0,82000,0,0,3500,0,0,ONLINE,온라인몰,Utility Jacket,OUTER,BETA-18-0-3,1,KR,KRW,CUST-0262,부산,해운대구,cancelled
2026-08-05T20:28:00.000Z,W컨셉,ARC-07-BLK-F,9,1919520,82000,287928,67183,3500,0,0,ONLINE,온라인몰,Utility Jacket,OUTER,BETA-18-0-4,1,KR,KRW,CUST-0267,인천,연수구,paid
2026-08-05T21:35:00.000Z,매장 POS,ARC-07-BLK-F,10,2430400,82000,48608,24304,0,0,0,STORE-BUSAN,부산 센텀,Utility Jacket,OUTER,BETA-18-0-5,1,KR,KRW,CUST-0272,대구,수성구,paid
2026-08-05T17:11:00.000Z,자사몰,FLOW-22-BLK-F,5,766300,51000,30652,26821,3500,0,0,ONLINE,온라인몰,Drape Pants,BOTTOM,BETA-18-1-0,1,KR,KRW,CUST-0258,서울,강남구,paid
2026-08-05T18:18:00.000Z,무신사,FLOW-22-BLK-F,7,973280,51000,116794,43798,3500,0,0,ONLINE,온라인몰,Drape Pants,BOTTOM,BETA-18-1-1,1,KR,KRW,CUST-0263,경기,성남시,paid
2026-08-05T19:25:00.000Z,29CM,FLOW-22-BLK-F,8,1137600,51000,159264,45504,3500,0,0,ONLINE,온라인몰,Drape Pants,BOTTOM,BETA-18-1-2,1,KR,KRW,CUST-0268,부산,해운대구,paid
2026-08-05T20:32:00.000Z,네이버,FLOW-22-BLK-F,10,1485200,51000,118816,37130,3500,0,0,ONLINE,온라인몰,Drape Pants,BOTTOM,BETA-18-1-3,1,KR,KRW,CUST-0273,인천,연수구,paid
2026-08-05T21:39:00.000Z,W컨셉,FLOW-22-BLK-F,11,1494680,51000,224202,52314,3500,0,0,ONLINE,온라인몰,Drape Pants,BOTTOM,BETA-18-1-4,1,KR,KRW,CUST-0278,대구,수성구,paid
2026-08-05T10:46:00.000Z,매장 POS,FLOW-22-BLK-F,12,1858080,51000,37162,18581,0,0,0,STORE-SHANGHAI,상하이 IFC,Drape Pants,BOTTOM,BETA-18-1-5,1,KR,KRW,CUST-0283,서울,성동구,paid
2026-08-05T18:22:00.000Z,자사몰,EASE-19-IVY-F,8,690640,27000,27626,24172,3500,0,0,ONLINE,온라인몰,Layer Top,TOP,BETA-18-2-0,1,KR,KRW,CUST-0269,경기,성남시,paid
2026-08-05T19:29:00.000Z,무신사,EASE-19-IVY-F,9,704880,27000,84586,31720,3500,0,0,ONLINE,온라인몰,Layer Top,TOP,BETA-18-2-1,1,KR,KRW,CUST-0274,부산,해운대구,paid
2026-08-05T20:36:00.000Z,29CM,EASE-19-IVY-F,10,801000,27000,112140,32040,3500,0,0,ONLINE,온라인몰,Layer Top,TOP,BETA-18-2-2,1,KR,KRW,CUST-0279,인천,연수구,paid
2026-08-05T21:43:00.000Z,네이버,EASE-19-IVY-F,12,1003920,27000,80314,25098,3500,0,0,ONLINE,온라인몰,Layer Top,TOP,BETA-18-2-3,1,KR,KRW,CUST-0284,대구,수성구,paid
2026-08-05T10:50:00.000Z,W컨셉,EASE-19-IVY-F,13,995020,27000,149253,34826,3500,0,0,ONLINE,온라인몰,Layer Top,TOP,BETA-18-2-4,1,KR,KRW,CUST-0289,서울,성동구,paid
2026-08-05T11:57:00.000Z,매장 POS,EASE-19-IVY-F,13,1133860,27000,22677,11339,0,0,0,DC-ONLINE,온라인 DC,Layer Top,TOP,BETA-18-2-5,1,KR,KRW,CUST-0294,서울,강남구,paid
2026-08-05T19:33:00.000Z,자사몰,CORE-08-GRY-F,10,1154300,39000,46172,40401,3500,0,0,ONLINE,온라인몰,Core Knit,TOP,BETA-18-3-0,1,KR,KRW,CUST-0280,부산,해운대구,paid
2026-08-05T20:40:00.000Z,무신사,CORE-08-GRY-F,11,1151920,39000,138230,51836,3500,0,0,ONLINE,온라인몰,Core Knit,TOP,BETA-18-3-1,1,KR,KRW,CUST-0285,인천,연수구,paid
2026-08-05T21:47:00.000Z,29CM,CORE-08-GRY-F,12,1285200,39000,179928,51408,3500,0,0,ONLINE,온라인몰,Core Knit,TOP,BETA-18-3-2,1,KR,KRW,CUST-0290,대구,수성구,paid
2026-08-05T10:54:00.000Z,네이버,CORE-08-GRY-F,14,1566040,39000,125283,39151,3500,0,0,ONLINE,온라인몰,Core Knit,TOP,BETA-18-3-3,1,KR,KRW,CUST-0295,서울,성동구,paid
2026-08-05T11:01:00.000Z,W컨셉,CORE-08-GRY-F,14,1432760,39000,214914,50147,3500,0,0,ONLINE,온라인몰,Core Knit,TOP,BETA-18-3-4,1,KR,KRW,CUST-0300,서울,강남구,paid
2026-08-05T12:08:00.000Z,매장 POS,CORE-08-GRY-F,15,1749300,39000,34986,17493,0,0,0,ONLINE,온라인몰,Core Knit,TOP,BETA-18-3-5,1,KR,KRW,CUST-0305,경기,성남시,paid
2026-08-05T20:44:00.000Z,자사몰,AIR-24-NVY-F,12,2304720,65000,92189,80665,3500,0,0,ONLINE,온라인몰,Volume Dress,DRESS,BETA-18-4-0,1,KR,KRW,CUST-0291,인천,연수구,paid
2026-08-05T21:51:00.000Z,무신사,AIR-24-NVY-F,13,2265120,65000,271814,101930,3500,0,0,ONLINE,온라인몰,Volume Dress,DRESS,BETA-18-4-1,1,KR,KRW,CUST-0296,대구,수성구,paid
2026-08-05T10:58:00.000Z,29CM,AIR-24-NVY-F,14,2494800,65000,349272,99792,3500,0,0,ONLINE,온라인몰,Volume Dress,DRESS,BETA-18-4-2,1,KR,KRW,CUST-0301,서울,성동구,paid
2026-08-05T11:05:00.000Z,네이버,AIR-24-NVY-F,15,2791800,65000,223344,69795,3500,0,0,ONLINE,온라인몰,Volume Dress,DRESS,BETA-18-4-3,1,KR,KRW,CUST-0306,서울,강남구,paid
2026-08-05T12:12:00.000Z,W컨셉,AIR-24-NVY-F,15,2554200,65000,383130,89397,3500,0,0,ONLINE,온라인몰,Volume Dress,DRESS,BETA-18-4-4,1,KR,KRW,CUST-0311,경기,성남시,paid
2026-08-05T13:19:00.000Z,매장 POS,AIR-24-NVY-F,15,2910600,65000,58212,29106,0,0,0,STORE-SEONGSU,성수 플래그십,Volume Dress,DRESS,BETA-18-4-5,1,KR,KRW,CUST-0316,부산,해운대구,paid
2026-08-05T21:55:00.000Z,자사몰,FRAME-31-DNM-F,14,3096240,78000,123850,108368,3500,0,0,ONLINE,온라인몰,Denim Dress,DRESS,BETA-18-5-0,1,KR,KRW,CUST-0302,대구,수성구,paid
2026-08-05T10:02:00.000Z,무신사,FRAME-31-DNM-F,15,3009600,78000,361152,135432,3500,0,0,ONLINE,온라인몰,Denim Dress,DRESS,BETA-18-5-1,1,KR,KRW,CUST-0307,서울,성동구,paid
2026-08-05T11:09:00.000Z,29CM,FRAME-31-DNM-F,16,3283200,78000,459648,131328,3500,0,0,ONLINE,온라인몰,Denim Dress,DRESS,BETA-18-5-2,1,KR,KRW,CUST-0312,서울,강남구,paid
2026-08-05T12:16:00.000Z,네이버,FRAME-31-DNM-F,16,3429120,78000,274330,85728,3500,0,0,ONLINE,온라인몰,Denim Dress,DRESS,BETA-18-5-3,1,KR,KRW,CUST-0317,경기,성남시,paid
2026-08-05T13:23:00.000Z,W컨셉,FRAME-31-DNM-F,16,3137280,78000,470592,109805,3500,0,0,ONLINE,온라인몰,Denim Dress,DRESS,BETA-18-5-4,1,KR,KRW,CUST-0322,부산,해운대구,paid
2026-08-05T14:30:00.000Z,매장 POS,FRAME-31-DNM-F,15,3351600,78000,67032,33516,0,0,0,STORE-GANGNAM,강남점,Denim Dress,DRESS,BETA-18-5-5,1,KR,KRW,CUST-0327,인천,연수구,paid
2026-08-05T10:06:00.000Z,자사몰,SHEER-15-WHT-F,16,1536480,31000,61459,53777,3500,0,0,ONLINE,온라인몰,Sheer Layer Top,TOP,BETA-18-6-0,1,KR,KRW,CUST-0313,서울,성동구,paid
2026-08-05T11:13:00.000Z,무신사,SHEER-15-WHT-F,16,1393920,31000,167270,62726,3500,0,0,ONLINE,온라인몰,Sheer Layer Top,TOP,BETA-18-6-1,1,KR,KRW,CUST-0318,서울,강남구,paid
2026-08-05T12:20:00.000Z,29CM,SHEER-15-WHT-F,17,1514700,31000,212058,60588,3500,0,0,ONLINE,온라인몰,Sheer Layer Top,TOP,BETA-18-6-2,1,KR,KRW,CUST-0323,경기,성남시,paid
2026-08-05T13:27:00.000Z,네이버,SHEER-15-WHT-F,17,1582020,31000,126562,39551,3500,0,0,ONLINE,온라인몰,Sheer Layer Top,TOP,BETA-18-6-3,1,KR,KRW,CUST-0328,부산,해운대구,paid
2026-08-05T14:34:00.000Z,W컨셉,SHEER-15-WHT-F,16,1362240,31000,204336,47678,3500,0,0,ONLINE,온라인몰,Sheer Layer Top,TOP,BETA-18-6-4,1,KR,KRW,CUST-0333,인천,연수구,paid
2026-08-05T15:41:00.000Z,매장 POS,SHEER-15-WHT-F,15,1455300,31000,29106,14553,0,0,0,STORE-HANNAM,한남점,Sheer Layer Top,TOP,BETA-18-6-5,1,KR,KRW,CUST-0338,대구,수성구,paid
2026-08-05T11:17:00.000Z,자사몰,FORM-12-BLK-F,17,4419320,91000,176773,154676,3500,0,0,ONLINE,온라인몰,Relaxed Blazer,OUTER,BETA-18-7-0,1,KR,KRW,CUST-0324,서울,강남구,paid
2026-08-05T12:24:00.000Z,무신사,FORM-12-BLK-F,17,4009280,91000,481114,180418,3500,0,0,ONLINE,온라인몰,Relaxed Blazer,OUTER,BETA-18-7-1,1,KR,KRW,CUST-0329,경기,성남시,paid
2026-08-05T13:31:00.000Z,29CM,FORM-12-BLK-F,17,4100400,91000,574056,164016,3500,0,0,ONLINE,온라인몰,Relaxed Blazer,OUTER,BETA-18-7-2,1,KR,KRW,CUST-0334,부산,해운대구,paid
2026-08-05T14:38:00.000Z,네이버,FORM-12-BLK-F,17,4282640,91000,342611,107066,3500,0,0,ONLINE,온라인몰,Relaxed Blazer,OUTER,BETA-18-7-3,1,KR,KRW,CUST-0339,인천,연수구,paid
2026-08-05T15:45:00.000Z,W컨셉,FORM-12-BLK-F,16,3687680,91000,553152,129069,3500,0,0,ONLINE,온라인몰,Relaxed Blazer,OUTER,BETA-18-7-4,1,KR,KRW,CUST-0344,대구,수성구,paid
2026-08-05T16:52:00.000Z,매장 POS,FORM-12-BLK-F,15,3939600,91000,78792,39396,0,0,0,STORE-BUSAN,부산 센텀,Relaxed Blazer,OUTER,BETA-18-7-5,1,KR,KRW,CUST-0349,서울,성동구,paid
2026-08-04T17:00:00.000Z,자사몰,ARC-07-BLK-F,4,962240,82000,38490,33678,3500,0,0,ONLINE,온라인몰,Utility Jacket,OUTER,BETA-19-0-0,1,KR,KRW,CUST-0284,서울,강남구,paid
2026-08-04T18:07:00.000Z,무신사,ARC-07-BLK-F,5,1091200,82000,130944,49104,3500,0,0,ONLINE,온라인몰,Utility Jacket,OUTER,BETA-19-0-1,1,KR,KRW,CUST-0289,경기,성남시,paid
2026-08-04T19:14:00.000Z,29CM,ARC-07-BLK-F,7,1562400,82000,218736,62496,3500,0,0,ONLINE,온라인몰,Utility Jacket,OUTER,BETA-19-0-2,1,KR,KRW,CUST-0294,부산,해운대구,paid
2026-08-04T20:21:00.000Z,네이버,ARC-07-BLK-F,8,1864960,82000,149197,46624,3500,0,0,ONLINE,온라인몰,Utility Jacket,OUTER,BETA-19-0-3,1,KR,KRW,CUST-0299,인천,연수구,paid
2026-08-04T21:28:00.000Z,W컨셉,ARC-07-BLK-F,9,1919520,82000,287928,67183,3500,0,0,ONLINE,온라인몰,Utility Jacket,OUTER,BETA-19-0-4,1,KR,KRW,CUST-0304,대구,수성구,paid
2026-08-04T10:35:00.000Z,매장 POS,ARC-07-BLK-F,10,2430400,82000,48608,24304,0,0,0,STORE-SHANGHAI,상하이 IFC,Utility Jacket,OUTER,BETA-19-0-5,1,KR,KRW,CUST-0309,서울,성동구,paid
2026-08-04T18:11:00.000Z,자사몰,FLOW-22-BLK-F,6,919560,51000,36782,32185,3500,0,0,ONLINE,온라인몰,Drape Pants,BOTTOM,BETA-19-1-0,1,KR,KRW,CUST-0295,경기,성남시,paid
2026-08-04T19:18:00.000Z,무신사,FLOW-22-BLK-F,7,973280,51000,116794,43798,3500,0,0,ONLINE,온라인몰,Drape Pants,BOTTOM,BETA-19-1-1,1,KR,KRW,CUST-0300,부산,해운대구,paid
2026-08-04T20:25:00.000Z,29CM,FLOW-22-BLK-F,9,1279800,51000,179172,51192,3500,0,0,ONLINE,온라인몰,Drape Pants,BOTTOM,BETA-19-1-2,1,KR,KRW,CUST-0305,인천,연수구,paid
2026-08-04T21:32:00.000Z,네이버,FLOW-22-BLK-F,10,1485200,51000,118816,37130,3500,0,0,ONLINE,온라인몰,Drape Pants,BOTTOM,BETA-19-1-3,1,KR,KRW,CUST-0310,대구,수성구,paid
2026-08-04T10:39:00.000Z,W컨셉,FLOW-22-BLK-F,11,1494680,51000,224202,52314,3500,0,0,ONLINE,온라인몰,Drape Pants,BOTTOM,BETA-19-1-4,1,KR,KRW,CUST-0315,서울,성동구,paid
2026-08-04T11:46:00.000Z,매장 POS,FLOW-22-BLK-F,12,1858080,51000,37162,18581,0,0,0,DC-ONLINE,온라인 DC,Drape Pants,BOTTOM,BETA-19-1-5,1,KR,KRW,CUST-0320,서울,강남구,paid
2026-08-04T19:22:00.000Z,자사몰,EASE-19-IVY-F,8,690640,27000,27626,24172,3500,0,0,ONLINE,온라인몰,Layer Top,TOP,BETA-19-2-0,1,KR,KRW,CUST-0306,부산,해운대구,paid
2026-08-04T20:29:00.000Z,무신사,EASE-19-IVY-F,9,704880,27000,84586,31720,3500,0,0,ONLINE,온라인몰,Layer Top,TOP,BETA-19-2-1,1,KR,KRW,CUST-0311,인천,연수구,paid
2026-08-04T21:36:00.000Z,29CM,EASE-19-IVY-F,11,881100,27000,123354,35244,3500,0,0,ONLINE,온라인몰,Layer Top,TOP,BETA-19-2-2,1,KR,KRW,CUST-0316,대구,수성구,paid
2026-08-04T10:43:00.000Z,네이버,EASE-19-IVY-F,12,1003920,27000,80314,25098,3500,0,0,ONLINE,온라인몰,Layer Top,TOP,BETA-19-2-3,1,KR,KRW,CUST-0321,서울,성동구,paid
2026-08-04T11:50:00.000Z,W컨셉,EASE-19-IVY-F,12,918480,27000,137772,32147,3500,0,0,ONLINE,온라인몰,Layer Top,TOP,BETA-19-2-4,1,KR,KRW,CUST-0326,서울,강남구,paid
2026-08-04T12:57:00.000Z,매장 POS,EASE-19-IVY-F,13,1133860,27000,22677,11339,0,0,0,ONLINE,온라인몰,Layer Top,TOP,BETA-19-2-5,1,KR,KRW,CUST-0331,경기,성남시,paid
2026-08-04T20:33:00.000Z,자사몰,CORE-08-GRY-F,10,1154300,39000,46172,40401,3500,0,0,ONLINE,온라인몰,Core Knit,TOP,BETA-19-3-0,1,KR,KRW,CUST-0317,인천,연수구,paid
2026-08-04T21:40:00.000Z,무신사,CORE-08-GRY-F,11,1151920,39000,138230,51836,3500,0,0,ONLINE,온라인몰,Core Knit,TOP,BETA-19-3-1,1,KR,KRW,CUST-0322,대구,수성구,paid
2026-08-04T10:47:00.000Z,29CM,CORE-08-GRY-F,13,1392300,39000,194922,55692,3500,0,0,ONLINE,온라인몰,Core Knit,TOP,BETA-19-3-2,1,KR,KRW,CUST-0327,서울,성동구,paid
2026-08-04T11:54:00.000Z,네이버,CORE-08-GRY-F,13,1454180,39000,116334,36355,3500,0,0,ONLINE,온라인몰,Core Knit,TOP,BETA-19-3-3,1,KR,KRW,CUST-0332,서울,강남구,paid
2026-08-04T12:01:00.000Z,W컨셉,CORE-08-GRY-F,14,1432760,39000,214914,50147,3500,0,0,ONLINE,온라인몰,Core Knit,TOP,BETA-19-3-4,1,KR,KRW,CUST-0337,경기,성남시,paid
2026-08-04T13:08:00.000Z,매장 POS,CORE-08-GRY-F,14,1632680,39000,32654,16327,0,0,0,STORE-SEONGSU,성수 플래그십,Core Knit,TOP,BETA-19-3-5,1,KR,KRW,CUST-0342,부산,해운대구,paid
2026-08-04T21:44:00.000Z,자사몰,AIR-24-NVY-F,12,2304720,65000,92189,80665,3500,0,0,ONLINE,온라인몰,Volume Dress,DRESS,BETA-19-4-0,1,KR,KRW,CUST-0328,대구,수성구,paid
2026-08-04T10:51:00.000Z,무신사,AIR-24-NVY-F,13,2265120,65000,271814,101930,3500,0,0,ONLINE,온라인몰,Volume Dress,DRESS,BETA-19-4-1,1,KR,KRW,CUST-0333,서울,성동구,paid
2026-08-04T11:58:00.000Z,29CM,AIR-24-NVY-F,14,2494800,65000,349272,99792,3500,0,0,ONLINE,온라인몰,Volume Dress,DRESS,BETA-19-4-2,1,KR,KRW,CUST-0338,서울,강남구,paid
2026-08-04T12:05:00.000Z,네이버,AIR-24-NVY-F,14,2605680,65000,208454,65142,3500,0,0,ONLINE,온라인몰,Volume Dress,DRESS,BETA-19-4-3,1,KR,KRW,CUST-0343,경기,성남시,paid
2026-08-04T13:12:00.000Z,W컨셉,AIR-24-NVY-F,14,2383920,65000,357588,83437,3500,0,0,ONLINE,온라인몰,Volume Dress,DRESS,BETA-19-4-4,1,KR,KRW,CUST-0348,부산,해운대구,paid
2026-08-04T14:19:00.000Z,매장 POS,AIR-24-NVY-F,14,2716560,65000,54331,27166,0,0,0,STORE-GANGNAM,강남점,Volume Dress,DRESS,BETA-19-4-5,1,KR,KRW,CUST-0353,인천,연수구,paid
2026-08-04T10:55:00.000Z,자사몰,FRAME-31-DNM-F,14,3096240,78000,123850,108368,3500,0,0,ONLINE,온라인몰,Denim Dress,DRESS,BETA-19-5-0,1,KR,KRW,CUST-0339,서울,성동구,paid
2026-08-04T11:02:00.000Z,무신사,FRAME-31-DNM-F,15,3009600,78000,361152,135432,3500,0,0,ONLINE,온라인몰,Denim Dress,DRESS,BETA-19-5-1,1,KR,KRW,CUST-0344,서울,강남구,paid
2026-08-04T12:09:00.000Z,29CM,FRAME-31-DNM-F,15,3078000,78000,430920,123120,3500,0,0,ONLINE,온라인몰,Denim Dress,DRESS,BETA-19-5-2,1,KR,KRW,CUST-0349,경기,성남시,paid
2026-08-04T13:16:00.000Z,네이버,FRAME-31-DNM-F,15,3214800,78000,257184,80370,3500,0,0,ONLINE,온라인몰,Denim Dress,DRESS,BETA-19-5-3,1,KR,KRW,CUST-0354,부산,해운대구,paid
2026-08-04T14:23:00.000Z,W컨셉,FRAME-31-DNM-F,15,2941200,78000,441180,102942,3500,0,0,ONLINE,온라인몰,Denim Dress,DRESS,BETA-19-5-4,1,KR,KRW,CUST-0359,인천,연수구,paid
2026-08-04T15:30:00.000Z,매장 POS,FRAME-31-DNM-F,14,3128160,78000,62563,31282,0,0,0,STORE-HANNAM,한남점,Denim Dress,DRESS,BETA-19-5-5,1,KR,KRW,CUST-0364,대구,수성구,paid
2026-08-04T11:06:00.000Z,자사몰,SHEER-15-WHT-F,15,1440450,31000,57618,50416,3500,0,0,ONLINE,온라인몰,Sheer Layer Top,TOP,BETA-19-6-0,1,KR,KRW,CUST-0350,서울,강남구,paid
2026-08-04T12:13:00.000Z,무신사,SHEER-15-WHT-F,16,1393920,31000,167270,62726,3500,0,0,ONLINE,온라인몰,Sheer Layer Top,TOP,BETA-19-6-1,1,KR,KRW,CUST-0355,경기,성남시,paid
2026-08-04T13:20:00.000Z,29CM,SHEER-15-WHT-F,16,1425600,31000,199584,57024,3500,0,0,ONLINE,온라인몰,Sheer Layer Top,TOP,BETA-19-6-2,1,KR,KRW,CUST-0360,부산,해운대구,paid
2026-08-04T14:27:00.000Z,네이버,SHEER-15-WHT-F,15,1395900,31000,111672,34898,3500,0,0,ONLINE,온라인몰,Sheer Layer Top,TOP,BETA-19-6-3,1,KR,KRW,CUST-0365,인천,연수구,paid
2026-08-04T15:34:00.000Z,W컨셉,SHEER-15-WHT-F,15,1277100,31000,191565,44699,3500,0,0,ONLINE,온라인몰,Sheer Layer Top,TOP,BETA-19-6-4,1,KR,KRW,CUST-0370,대구,수성구,paid
2026-08-04T16:41:00.000Z,매장 POS,SHEER-15-WHT-F,14,1358280,31000,27166,13583,0,0,0,STORE-BUSAN,부산 센텀,Sheer Layer Top,TOP,BETA-19-6-5,1,KR,KRW,CUST-0375,서울,성동구,paid
2026-08-04T12:17:00.000Z,자사몰,FORM-12-BLK-F,16,4159360,91000,166374,145578,3500,0,0,ONLINE,온라인몰,Relaxed Blazer,OUTER,BETA-19-7-0,1,KR,KRW,CUST-0361,경기,성남시,paid
2026-08-04T13:24:00.000Z,무신사,FORM-12-BLK-F,16,3773440,91000,452813,169805,3500,0,0,ONLINE,온라인몰,Relaxed Blazer,OUTER,BETA-19-7-1,1,KR,KRW,CUST-0366,부산,해운대구,paid
2026-08-04T14:31:00.000Z,29CM,FORM-12-BLK-F,16,3859200,91000,540288,154368,3500,0,0,ONLINE,온라인몰,Relaxed Blazer,OUTER,BETA-19-7-2,1,KR,KRW,CUST-0371,인천,연수구,paid
2026-08-04T15:38:00.000Z,네이버,FORM-12-BLK-F,15,3778800,91000,302304,94470,3500,0,0,ONLINE,온라인몰,Relaxed Blazer,OUTER,BETA-19-7-3,1,KR,KRW,CUST-0376,대구,수성구,paid
2026-08-04T16:45:00.000Z,W컨셉,FORM-12-BLK-F,14,3226720,91000,484008,112935,3500,0,0,ONLINE,온라인몰,Relaxed Blazer,OUTER,BETA-19-7-4,1,KR,KRW,CUST-0381,서울,성동구,paid
2026-08-04T17:52:00.000Z,매장 POS,FORM-12-BLK-F,14,3676960,91000,73539,36770,0,0,0,STORE-SHANGHAI,상하이 IFC,Relaxed Blazer,OUTER,BETA-19-7-5,1,KR,KRW,CUST-0386,서울,강남구,paid
2026-08-03T18:00:00.000Z,자사몰,ARC-07-BLK-F,4,962240,82000,38490,33678,3500,0,0,ONLINE,온라인몰,Utility Jacket,OUTER,BETA-20-0-0,1,KR,KRW,CUST-0321,경기,성남시,paid
2026-08-03T19:07:00.000Z,무신사,ARC-07-BLK-F,6,1309440,82000,157133,58925,3500,0,0,ONLINE,온라인몰,Utility Jacket,OUTER,BETA-20-0-1,1,KR,KRW,CUST-0326,부산,해운대구,paid
2026-08-03T20:14:00.000Z,29CM,ARC-07-BLK-F,7,1562400,82000,218736,62496,3500,0,0,ONLINE,온라인몰,Utility Jacket,OUTER,BETA-20-0-2,1,KR,KRW,CUST-0331,인천,연수구,paid
2026-08-03T21:21:00.000Z,네이버,ARC-07-BLK-F,8,1864960,82000,149197,46624,3500,0,0,ONLINE,온라인몰,Utility Jacket,OUTER,BETA-20-0-3,1,KR,KRW,CUST-0336,대구,수성구,paid
2026-08-03T10:28:00.000Z,W컨셉,ARC-07-BLK-F,9,1919520,82000,287928,67183,3500,0,0,ONLINE,온라인몰,Utility Jacket,OUTER,BETA-20-0-4,1,KR,KRW,CUST-0341,서울,성동구,paid
2026-08-03T11:35:00.000Z,매장 POS,ARC-07-BLK-F,10,2430400,82000,48608,24304,0,0,0,DC-ONLINE,온라인 DC,Utility Jacket,OUTER,BETA-20-0-5,1,KR,KRW,CUST-0346,서울,강남구,paid
2026-08-03T19:11:00.000Z,자사몰,FLOW-22-BLK-F,6,919560,51000,36782,32185,3500,0,0,ONLINE,온라인몰,Drape Pants,BOTTOM,BETA-20-1-0,1,KR,KRW,CUST-0332,부산,해운대구,paid
2026-08-03T20:18:00.000Z,무신사,FLOW-22-BLK-F,8,1112320,51000,133478,50054,3500,0,0,ONLINE,온라인몰,Drape Pants,BOTTOM,BETA-20-1-1,1,KR,KRW,CUST-0337,인천,연수구,paid
2026-08-03T21:25:00.000Z,29CM,FLOW-22-BLK-F,9,1279800,51000,179172,51192,3500,0,0,ONLINE,온라인몰,Drape Pants,BOTTOM,BETA-20-1-2,1,KR,KRW,CUST-0342,대구,수성구,paid
2026-08-03T10:32:00.000Z,네이버,FLOW-22-BLK-F,10,1485200,51000,118816,37130,3500,0,0,ONLINE,온라인몰,Drape Pants,BOTTOM,BETA-20-1-3,1,KR,KRW,CUST-0347,서울,성동구,paid
2026-08-03T11:39:00.000Z,W컨셉,FLOW-22-BLK-F,11,1494680,51000,224202,52314,3500,0,0,ONLINE,온라인몰,Drape Pants,BOTTOM,BETA-20-1-4,1,KR,KRW,CUST-0352,서울,강남구,paid
2026-08-03T12:46:00.000Z,매장 POS,FLOW-22-BLK-F,11,1703240,51000,34065,17032,0,0,0,ONLINE,온라인몰,Drape Pants,BOTTOM,BETA-20-1-5,1,KR,KRW,CUST-0357,경기,성남시,paid
2026-08-03T20:22:00.000Z,자사몰,EASE-19-IVY-F,8,690640,27000,27626,24172,3500,0,0,ONLINE,온라인몰,Layer Top,TOP,BETA-20-2-0,1,KR,KRW,CUST-0343,인천,연수구,paid
2026-08-03T21:29:00.000Z,무신사,EASE-19-IVY-F,10,783200,27000,93984,35244,3500,0,0,ONLINE,온라인몰,Layer Top,TOP,BETA-20-2-1,1,KR,KRW,CUST-0348,대구,수성구,paid
2026-08-03T10:36:00.000Z,29CM,EASE-19-IVY-F,11,881100,27000,123354,35244,3500,0,0,ONLINE,온라인몰,Layer Top,TOP,BETA-20-2-2,1,KR,KRW,CUST-0353,서울,성동구,paid
2026-08-03T11:43:00.000Z,네이버,EASE-19-IVY-F,11,920260,27000,73621,23007,3500,0,0,ONLINE,온라인몰,Layer Top,TOP,BETA-20-2-3,1,KR,KRW,CUST-0358,서울,강남구,paid
2026-08-03T12:50:00.000Z,W컨셉,EASE-19-IVY-F,12,918480,27000,137772,32147,3500,0,0,ONLINE,온라인몰,Layer Top,TOP,BETA-20-2-4,1,KR,KRW,CUST-0363,경기,성남시,paid
2026-08-03T13:57:00.000Z,매장 POS,EASE-19-IVY-F,12,1046640,27000,20933,10466,0,0,0,STORE-SEONGSU,성수 플래그십,Layer Top,TOP,BETA-20-2-5,1,KR,KRW,CUST-0368,부산,해운대구,paid
2026-08-03T21:33:00.000Z,자사몰,CORE-08-GRY-F,10,1154300,39000,46172,40401,3500,0,0,ONLINE,온라인몰,Core Knit,TOP,BETA-20-3-0,1,KR,KRW,CUST-0354,대구,수성구,paid
2026-08-03T10:40:00.000Z,무신사,CORE-08-GRY-F,11,1151920,39000,138230,51836,3500,0,0,ONLINE,온라인몰,Core Knit,TOP,BETA-20-3-1,1,KR,KRW,CUST-0359,서울,성동구,paid
2026-08-03T11:47:00.000Z,29CM,CORE-08-GRY-F,12,1285200,39000,179928,51408,3500,0,0,ONLINE,온라인몰,Core Knit,TOP,BETA-20-3-2,1,KR,KRW,CUST-0364,서울,강남구,paid
2026-08-03T12:54:00.000Z,네이버,CORE-08-GRY-F,13,1454180,39000,116334,36355,3500,0,0,ONLINE,온라인몰,Core Knit,TOP,BETA-20-3-3,1,KR,KRW,CUST-0369,경기,성남시,paid
2026-08-03T13:01:00.000Z,W컨셉,CORE-08-GRY-F,13,1330420,39000,199563,46565,3500,0,0,ONLINE,온라인몰,Core Knit,TOP,BETA-20-3-4,1,KR,KRW,CUST-0374,부산,해운대구,paid
2026-08-03T14:08:00.000Z,매장 POS,CORE-08-GRY-F,13,1516060,39000,30321,15161,0,0,0,STORE-GANGNAM,강남점,Core Knit,TOP,BETA-20-3-5,1,KR,KRW,CUST-0379,인천,연수구,paid
2026-08-03T10:44:00.000Z,자사몰,AIR-24-NVY-F,12,2304720,65000,92189,80665,3500,0,0,ONLINE,온라인몰,Volume Dress,DRESS,BETA-20-4-0,1,KR,KRW,CUST-0365,서울,성동구,paid
2026-08-03T11:51:00.000Z,무신사,AIR-24-NVY-F,13,2265120,65000,271814,101930,3500,0,0,ONLINE,온라인몰,Volume Dress,DRESS,BETA-20-4-1,1,KR,KRW,CUST-0370,서울,강남구,paid
2026-08-03T12:58:00.000Z,29CM,AIR-24-NVY-F,13,2316600,65000,324324,92664,3500,0,0,ONLINE,온라인몰,Volume Dress,DRESS,BETA-20-4-2,1,KR,KRW,CUST-0375,경기,성남시,paid
2026-08-03T13:05:00.000Z,네이버,AIR-24-NVY-F,13,2419560,65000,193565,60489,3500,0,0,ONLINE,온라인몰,Volume Dress,DRESS,BETA-20-4-3,1,KR,KRW,CUST-0380,부산,해운대구,paid
2026-08-03T14:12:00.000Z,W컨셉,AIR-24-NVY-F,13,2213640,65000,332046,77477,3500,0,0,ONLINE,온라인몰,Volume Dress,DRESS,BETA-20-4-4,1,KR,KRW,CUST-0385,인천,연수구,paid
2026-08-03T15:19:00.000Z,매장 POS,AIR-24-NVY-F,13,2522520,65000,50450,25225,0,0,0,STORE-HANNAM,한남점,Volume Dress,DRESS,BETA-20-4-5,1,KR,KRW,CUST-0390,대구,수성구,paid
2026-08-03T11:55:00.000Z,자사몰,FRAME-31-DNM-F,14,3096240,78000,123850,108368,3500,0,0,ONLINE,온라인몰,Denim Dress,DRESS,BETA-20-5-0,1,KR,KRW,CUST-0376,서울,강남구,paid
2026-08-03T12:02:00.000Z,무신사,FRAME-31-DNM-F,14,2808960,78000,337075,126403,3500,0,0,ONLINE,온라인몰,Denim Dress,DRESS,BETA-20-5-1,1,KR,KRW,CUST-0381,경기,성남시,paid
2026-08-03T13:09:00.000Z,29CM,FRAME-31-DNM-F,14,2872800,78000,402192,114912,3500,0,0,ONLINE,온라인몰,Denim Dress,DRESS,BETA-20-5-2,1,KR,KRW,CUST-0386,부산,해운대구,paid
2026-08-03T14:16:00.000Z,네이버,FRAME-31-DNM-F,14,3000480,78000,240038,75012,3500,0,0,ONLINE,온라인몰,Denim Dress,DRESS,BETA-20-5-3,1,KR,KRW,CUST-0391,인천,연수구,paid
2026-08-03T15:23:00.000Z,W컨셉,FRAME-31-DNM-F,13,2549040,78000,382356,89216,3500,0,0,ONLINE,온라인몰,Denim Dress,DRESS,BETA-20-5-4,1,KR,KRW,CUST-0396,대구,수성구,paid
2026-08-03T16:30:00.000Z,매장 POS,FRAME-31-DNM-F,13,2904720,78000,58094,29047,0,0,0,STORE-BUSAN,부산 센텀,Denim Dress,DRESS,BETA-20-5-5,1,KR,KRW,CUST-0401,서울,성동구,paid
2026-08-03T12:06:00.000Z,자사몰,SHEER-15-WHT-F,15,1440450,31000,57618,50416,3500,0,0,ONLINE,온라인몰,Sheer Layer Top,TOP,BETA-20-6-0,1,KR,KRW,CUST-0387,경기,성남시,paid
2026-08-03T13:13:00.000Z,무신사,SHEER-15-WHT-F,15,1306800,31000,156816,58806,3500,0,0,ONLINE,온라인몰,Sheer Layer Top,TOP,BETA-20-6-1,1,KR,KRW,CUST-0392,부산,해운대구,paid
2026-08-03T14:20:00.000Z,29CM,SHEER-15-WHT-F,14,1247400,31000,174636,49896,3500,0,0,ONLINE,온라인몰,Sheer Layer Top,TOP,BETA-20-6-2,1,KR,KRW,CUST-0397,인천,연수구,paid
2026-08-03T15:27:00.000Z,네이버,SHEER-15-WHT-F,14,1302840,31000,104227,32571,3500,0,0,ONLINE,온라인몰,Sheer Layer Top,TOP,BETA-20-6-3,1,KR,KRW,CUST-0402,대구,수성구,paid
2026-08-03T16:34:00.000Z,W컨셉,SHEER-15-WHT-F,13,1106820,31000,166023,38739,3500,0,0,ONLINE,온라인몰,Sheer Layer Top,TOP,BETA-20-6-4,1,KR,KRW,CUST-0407,서울,성동구,paid
2026-08-03T17:41:00.000Z,매장 POS,SHEER-15-WHT-F,13,1261260,31000,25225,12613,0,0,0,STORE-SHANGHAI,상하이 IFC,Sheer Layer Top,TOP,BETA-20-6-5,1,KR,KRW,CUST-0412,서울,강남구,paid
2026-08-03T13:17:00.000Z,자사몰,FORM-12-BLK-F,15,3899400,91000,155976,136479,3500,0,0,ONLINE,온라인몰,Relaxed Blazer,OUTER,BETA-20-7-0,1,KR,KRW,CUST-0398,부산,해운대구,paid
2026-08-03T14:24:00.000Z,무신사,FORM-12-BLK-F,15,3537600,91000,424512,159192,3500,0,0,ONLINE,온라인몰,Relaxed Blazer,OUTER,BETA-20-7-1,1,KR,KRW,CUST-0403,인천,연수구,paid
2026-08-03T15:31:00.000Z,29CM,FORM-12-BLK-F,14,3376800,91000,472752,135072,3500,0,0,ONLINE,온라인몰,Relaxed Blazer,OUTER,BETA-20-7-2,1,KR,KRW,CUST-0408,대구,수성구,paid
2026-08-03T16:38:00.000Z,네이버,FORM-12-BLK-F,14,3526880,91000,282150,88172,3500,0,0,ONLINE,온라인몰,Relaxed Blazer,OUTER,BETA-20-7-3,1,KR,KRW,CUST-0413,서울,성동구,paid
2026-08-03T17:45:00.000Z,W컨셉,FORM-12-BLK-F,13,2996240,91000,449436,104868,3500,0,0,ONLINE,온라인몰,Relaxed Blazer,OUTER,BETA-20-7-4,1,KR,KRW,CUST-0418,서울,강남구,paid
2026-08-03T18:52:00.000Z,매장 POS,FORM-12-BLK-F,13,3414320,91000,68286,34143,0,0,0,DC-ONLINE,온라인 DC,Relaxed Blazer,OUTER,BETA-20-7-5,1,KR,KRW,CUST-0003,경기,성남시,paid
2026-08-02T19:00:00.000Z,자사몰,ARC-07-BLK-F,5,1202800,82000,48112,42098,3500,0,0,ONLINE,온라인몰,Utility Jacket,OUTER,BETA-21-0-0,1,KR,KRW,CUST-0358,부산,해운대구,paid
2026-08-02T20:07:00.000Z,무신사,ARC-07-BLK-F,6,1309440,82000,157133,58925,3500,0,0,ONLINE,온라인몰,Utility Jacket,OUTER,BETA-21-0-1,1,KR,KRW,CUST-0363,인천,연수구,paid
2026-08-02T21:14:00.000Z,29CM,ARC-07-BLK-F,7,1562400,82000,218736,62496,3500,0,0,ONLINE,온라인몰,Utility Jacket,OUTER,BETA-21-0-2,1,KR,KRW,CUST-0368,대구,수성구,paid
2026-08-02T10:21:00.000Z,네이버,ARC-07-BLK-F,8,1864960,82000,149197,46624,3500,0,0,ONLINE,온라인몰,Utility Jacket,OUTER,BETA-21-0-3,1,KR,KRW,CUST-0373,서울,성동구,paid
2026-08-02T11:28:00.000Z,W컨셉,ARC-07-BLK-F,9,1919520,82000,287928,67183,3500,0,0,ONLINE,온라인몰,Utility Jacket,OUTER,BETA-21-0-4,1,KR,KRW,CUST-0378,서울,강남구,paid
2026-08-02T12:35:00.000Z,매장 POS,ARC-07-BLK-F,10,2430400,82000,48608,24304,0,0,0,ONLINE,온라인몰,Utility Jacket,OUTER,BETA-21-0-5,1,KR,KRW,CUST-0383,경기,성남시,paid
2026-08-02T20:11:00.000Z,자사몰,FLOW-22-BLK-F,7,1072820,51000,42913,37549,3500,0,0,ONLINE,온라인몰,Drape Pants,BOTTOM,BETA-21-1-0,1,KR,KRW,CUST-0369,인천,연수구,paid
2026-08-02T21:18:00.000Z,무신사,FLOW-22-BLK-F,8,1112320,51000,133478,50054,3500,0,0,ONLINE,온라인몰,Drape Pants,BOTTOM,BETA-21-1-1,1,KR,KRW,CUST-0374,대구,수성구,paid
2026-08-02T10:25:00.000Z,29CM,FLOW-22-BLK-F,9,1279800,51000,179172,51192,3500,0,0,ONLINE,온라인몰,Drape Pants,BOTTOM,BETA-21-1-2,1,KR,KRW,CUST-0379,서울,성동구,paid
2026-08-02T11:32:00.000Z,네이버,FLOW-22-BLK-F,10,1485200,51000,118816,37130,3500,0,0,ONLINE,온라인몰,Drape Pants,BOTTOM,BETA-21-1-3,1,KR,KRW,CUST-0384,서울,강남구,paid
2026-08-02T12:39:00.000Z,W컨셉,FLOW-22-BLK-F,10,1358800,51000,203820,47558,3500,0,0,ONLINE,온라인몰,Drape Pants,BOTTOM,BETA-21-1-4,1,KR,KRW,CUST-0389,경기,성남시,paid
2026-08-02T13:46:00.000Z,매장 POS,FLOW-22-BLK-F,10,1548400,51000,30968,15484,0,0,0,STORE-SEONGSU,성수 플래그십,Drape Pants,BOTTOM,BETA-21-1-5,1,KR,KRW,CUST-0394,부산,해운대구,paid
2026-08-02T21:22:00.000Z,자사몰,EASE-19-IVY-F,9,776970,27000,31079,27194,3500,0,0,ONLINE,온라인몰,Layer Top,TOP,BETA-21-2-0,1,KR,KRW,CUST-0380,대구,수성구,paid
2026-08-02T10:29:00.000Z,무신사,EASE-19-IVY-F,10,783200,27000,93984,35244,3500,0,0,ONLINE,온라인몰,Layer Top,TOP,BETA-21-2-1,1,KR,KRW,CUST-0385,서울,성동구,paid
2026-08-02T11:36:00.000Z,29CM,EASE-19-IVY-F,10,801000,27000,112140,32040,3500,0,0,ONLINE,온라인몰,Layer Top,TOP,BETA-21-2-2,1,KR,KRW,CUST-0390,서울,강남구,paid
2026-08-02T12:43:00.000Z,네이버,EASE-19-IVY-F,11,920260,27000,73621,23007,3500,0,0,ONLINE,온라인몰,Layer Top,TOP,BETA-21-2-3,1,KR,KRW,CUST-0395,경기,성남시,paid
2026-08-02T13:50:00.000Z,W컨셉,EASE-19-IVY-F,11,841940,27000,126291,29468,3500,0,0,ONLINE,온라인몰,Layer Top,TOP,BETA-21-2-4,1,KR,KRW,CUST-0400,부산,해운대구,paid
2026-08-02T14:57:00.000Z,매장 POS,EASE-19-IVY-F,11,959420,27000,19188,9594,0,0,0,STORE-GANGNAM,강남점,Layer Top,TOP,BETA-21-2-5,1,KR,KRW,CUST-0405,인천,연수구,paid
2026-08-02T10:33:00.000Z,자사몰,CORE-08-GRY-F,10,1154300,39000,46172,40401,3500,0,0,ONLINE,온라인몰,Core Knit,TOP,BETA-21-3-0,1,KR,KRW,CUST-0391,서울,성동구,paid
2026-08-02T11:40:00.000Z,무신사,CORE-08-GRY-F,11,1151920,39000,138230,51836,3500,0,0,ONLINE,온라인몰,Core Knit,TOP,BETA-21-3-1,1,KR,KRW,CUST-0396,서울,강남구,paid
2026-08-02T12:47:00.000Z,29CM,CORE-08-GRY-F,12,1285200,39000,179928,51408,3500,0,0,ONLINE,온라인몰,Core Knit,TOP,BETA-21-3-2,1,KR,KRW,CUST-0401,경기,성남시,paid
2026-08-02T13:54:00.000Z,네이버,CORE-08-GRY-F,12,1342320,39000,107386,33558,3500,0,0,ONLINE,온라인몰,Core Knit,TOP,BETA-21-3-3,1,KR,KRW,CUST-0406,부산,해운대구,paid
2026-08-02T14:01:00.000Z,W컨셉,CORE-08-GRY-F,12,1228080,39000,184212,42983,3500,0,0,ONLINE,온라인몰,Core Knit,TOP,BETA-21-3-4,1,KR,KRW,CUST-0411,인천,연수구,paid
2026-08-02T15:08:00.000Z,매장 POS,CORE-08-GRY-F,11,1282820,39000,25656,12828,0,0,0,STORE-HANNAM,한남점,Core Knit,TOP,BETA-21-3-5,1,KR,KRW,CUST-0416,대구,수성구,paid
2026-08-02T11:44:00.000Z,자사몰,AIR-24-NVY-F,12,2304720,65000,92189,80665,3500,0,0,ONLINE,온라인몰,Volume Dress,DRESS,BETA-21-4-0,1,KR,KRW,CUST-0402,서울,강남구,paid
2026-08-02T12:51:00.000Z,무신사,AIR-24-NVY-F,12,2090880,65000,250906,94090,3500,0,0,ONLINE,온라인몰,Volume Dress,DRESS,BETA-21-4-1,1,KR,KRW,CUST-0407,경기,성남시,paid
2026-08-02T13:58:00.000Z,29CM,AIR-24-NVY-F,12,2138400,65000,299376,85536,3500,0,0,ONLINE,온라인몰,Volume Dress,DRESS,BETA-21-4-2,1,KR,KRW,CUST-0412,부산,해운대구,paid
2026-08-02T14:05:00.000Z,네이버,AIR-24-NVY-F,12,2233440,65000,178675,55836,3500,0,0,ONLINE,온라인몰,Volume Dress,DRESS,BETA-21-4-3,1,KR,KRW,CUST-0417,인천,연수구,paid
2026-08-02T15:12:00.000Z,W컨셉,AIR-24-NVY-F,12,2043360,65000,306504,71518,3500,0,0,ONLINE,온라인몰,Volume Dress,DRESS,BETA-21-4-4,1,KR,KRW,CUST-0002,대구,수성구,paid
2026-08-02T16:19:00.000Z,매장 POS,AIR-24-NVY-F,12,2328480,65000,46570,23285,0,0,0,STORE-BUSAN,부산 센텀,Volume Dress,DRESS,BETA-21-4-5,1,KR,KRW,CUST-0007,서울,성동구,paid
2026-08-02T12:55:00.000Z,자사몰,FRAME-31-DNM-F,13,2875080,78000,115003,100628,3500,0,0,ONLINE,온라인몰,Denim Dress,DRESS,BETA-21-5-0,1,KR,KRW,CUST-0413,경기,성남시,paid
2026-08-02T13:02:00.000Z,무신사,FRAME-31-DNM-F,13,2608320,78000,312998,117374,3500,0,0,ONLINE,온라인몰,Denim Dress,DRESS,BETA-21-5-1,1,KR,KRW,CUST-0418,부산,해운대구,paid
2026-08-02T14:09:00.000Z,29CM,FRAME-31-DNM-F,13,2667600,78000,373464,106704,3500,0,0,ONLINE,온라인몰,Denim Dress,DRESS,BETA-21-5-2,1,KR,KRW,CUST-0003,인천,연수구,paid
2026-08-02T15:16:00.000Z,네이버,FRAME-31-DNM-F,13,2786160,78000,222893,69654,3500,0,0,ONLINE,온라인몰,Denim Dress,DRESS,BETA-21-5-3,1,KR,KRW,CUST-0008,대구,수성구,paid
2026-08-02T16:23:00.000Z,W컨셉,FRAME-31-DNM-F,12,2352960,78000,352944,82354,3500,0,0,ONLINE,온라인몰,Denim Dress,DRESS,BETA-21-5-4,1,KR,KRW,CUST-0013,서울,성동구,paid
2026-08-02T17:30:00.000Z,매장 POS,FRAME-31-DNM-F,12,2681280,78000,53626,26813,0,0,0,STORE-SHANGHAI,상하이 IFC,Denim Dress,DRESS,BETA-21-5-5,1,KR,KRW,CUST-0018,서울,강남구,paid
2026-08-02T13:06:00.000Z,자사몰,SHEER-15-WHT-F,14,1344420,31000,53777,47055,3500,0,0,ONLINE,온라인몰,Sheer Layer Top,TOP,BETA-21-6-0,1,KR,KRW,CUST-0004,부산,해운대구,paid
2026-08-02T14:13:00.000Z,무신사,SHEER-15-WHT-F,14,0,31000,0,0,3500,0,0,ONLINE,온라인몰,Sheer Layer Top,TOP,BETA-21-6-1,1,KR,KRW,CUST-0009,인천,연수구,cancelled
2026-08-02T15:20:00.000Z,29CM,SHEER-15-WHT-F,13,1158300,31000,162162,46332,3500,0,0,ONLINE,온라인몰,Sheer Layer Top,TOP,BETA-21-6-2,1,KR,KRW,CUST-0014,대구,수성구,paid
2026-08-02T16:27:00.000Z,네이버,SHEER-15-WHT-F,13,1209780,31000,96782,30245,3500,0,0,ONLINE,온라인몰,Sheer Layer Top,TOP,BETA-21-6-3,1,KR,KRW,CUST-0019,서울,성동구,paid
2026-08-02T17:34:00.000Z,W컨셉,SHEER-15-WHT-F,12,1021680,31000,153252,35759,3500,0,0,ONLINE,온라인몰,Sheer Layer Top,TOP,BETA-21-6-4,1,KR,KRW,CUST-0024,서울,강남구,paid
2026-08-02T18:41:00.000Z,매장 POS,SHEER-15-WHT-F,12,1164240,31000,23285,11642,0,0,0,DC-ONLINE,온라인 DC,Sheer Layer Top,TOP,BETA-21-6-5,1,KR,KRW,CUST-0029,경기,성남시,paid
2026-08-02T14:17:00.000Z,자사몰,FORM-12-BLK-F,14,3639440,91000,145578,127380,3500,0,0,ONLINE,온라인몰,Relaxed Blazer,OUTER,BETA-21-7-0,1,KR,KRW,CUST-0015,인천,연수구,paid
2026-08-02T15:24:00.000Z,무신사,FORM-12-BLK-F,14,3301760,91000,396211,148579,3500,0,0,ONLINE,온라인몰,Relaxed Blazer,OUTER,BETA-21-7-1,1,KR,KRW,CUST-0020,대구,수성구,paid
2026-08-02T16:31:00.000Z,29CM,FORM-12-BLK-F,13,3135600,91000,438984,125424,3500,0,0,ONLINE,온라인몰,Relaxed Blazer,OUTER,BETA-21-7-2,1,KR,KRW,CUST-0025,서울,성동구,paid
2026-08-02T17:38:00.000Z,네이버,FORM-12-BLK-F,13,3274960,91000,261997,81874,3500,0,0,ONLINE,온라인몰,Relaxed Blazer,OUTER,BETA-21-7-3,1,KR,KRW,CUST-0030,서울,강남구,paid
2026-08-02T18:45:00.000Z,W컨셉,FORM-12-BLK-F,12,2765760,91000,414864,96802,3500,0,0,ONLINE,온라인몰,Relaxed Blazer,OUTER,BETA-21-7-4,1,KR,KRW,CUST-0035,경기,성남시,paid
2026-08-02T19:52:00.000Z,매장 POS,FORM-12-BLK-F,13,3414320,91000,68286,34143,0,0,0,ONLINE,온라인몰,Relaxed Blazer,OUTER,BETA-21-7-5,1,KR,KRW,CUST-0040,부산,해운대구,paid
2026-08-01T20:00:00.000Z,자사몰,ARC-07-BLK-F,5,1202800,82000,48112,42098,3500,0,0,ONLINE,온라인몰,Utility Jacket,OUTER,BETA-22-0-0,1,KR,KRW,CUST-0395,인천,연수구,paid
2026-08-01T21:07:00.000Z,무신사,ARC-07-BLK-F,6,1309440,82000,157133,58925,3500,0,0,ONLINE,온라인몰,Utility Jacket,OUTER,BETA-22-0-1,1,KR,KRW,CUST-0400,대구,수성구,paid
2026-08-01T10:14:00.000Z,29CM,ARC-07-BLK-F,7,1562400,82000,218736,62496,3500,0,0,ONLINE,온라인몰,Utility Jacket,OUTER,BETA-22-0-2,1,KR,KRW,CUST-0405,서울,성동구,paid
2026-08-01T11:21:00.000Z,네이버,ARC-07-BLK-F,8,1864960,82000,149197,46624,3500,0,0,ONLINE,온라인몰,Utility Jacket,OUTER,BETA-22-0-3,1,KR,KRW,CUST-0410,서울,강남구,paid
2026-08-01T12:28:00.000Z,W컨셉,ARC-07-BLK-F,9,1919520,82000,287928,67183,3500,0,0,ONLINE,온라인몰,Utility Jacket,OUTER,BETA-22-0-4,1,KR,KRW,CUST-0415,경기,성남시,paid
2026-08-01T13:35:00.000Z,매장 POS,ARC-07-BLK-F,9,2187360,82000,43747,21874,0,0,0,STORE-SEONGSU,성수 플래그십,Utility Jacket,OUTER,BETA-22-0-5,1,CN,KRW,CUST-0420,부산,해운대구,paid
2026-08-01T21:11:00.000Z,자사몰,FLOW-22-BLK-F,7,1072820,51000,42913,37549,3500,0,0,ONLINE,온라인몰,Drape Pants,BOTTOM,BETA-22-1-0,1,KR,KRW,CUST-0406,대구,수성구,paid
2026-08-01T10:18:00.000Z,무신사,FLOW-22-BLK-F,8,1112320,51000,133478,50054,3500,0,0,ONLINE,온라인몰,Drape Pants,BOTTOM,BETA-22-1-1,1,KR,KRW,CUST-0411,서울,성동구,paid
2026-08-01T11:25:00.000Z,29CM,FLOW-22-BLK-F,9,1279800,51000,179172,51192,3500,0,0,ONLINE,온라인몰,Drape Pants,BOTTOM,BETA-22-1-2,1,KR,KRW,CUST-0416,서울,강남구,paid
2026-08-01T12:32:00.000Z,네이버,FLOW-22-BLK-F,9,1336680,51000,106934,33417,3500,0,0,ONLINE,온라인몰,Drape Pants,BOTTOM,BETA-22-1-3,1,KR,KRW,CUST-0001,경기,성남시,paid
2026-08-01T13:39:00.000Z,W컨셉,FLOW-22-BLK-F,10,1358800,51000,203820,47558,3500,0,0,ONLINE,온라인몰,Drape Pants,BOTTOM,BETA-22-1-4,1,KR,KRW,CUST-0006,부산,해운대구,paid
2026-08-01T14:46:00.000Z,매장 POS,FLOW-22-BLK-F,10,1548400,51000,30968,15484,0,0,0,STORE-GANGNAM,강남점,Drape Pants,BOTTOM,BETA-22-1-5,1,CN,KRW,CUST-0011,인천,연수구,paid
2026-08-01T10:22:00.000Z,자사몰,EASE-19-IVY-F,9,776970,27000,31079,27194,3500,0,0,ONLINE,온라인몰,Layer Top,TOP,BETA-22-2-0,1,KR,KRW,CUST-0417,서울,성동구,paid
2026-08-01T11:29:00.000Z,무신사,EASE-19-IVY-F,9,704880,27000,84586,31720,3500,0,0,ONLINE,온라인몰,Layer Top,TOP,BETA-22-2-1,1,KR,KRW,CUST-0002,서울,강남구,paid
2026-08-01T12:36:00.000Z,29CM,EASE-19-IVY-F,10,801000,27000,112140,32040,3500,0,0,ONLINE,온라인몰,Layer Top,TOP,BETA-22-2-2,1,KR,KRW,CUST-0007,경기,성남시,paid
2026-08-01T13:43:00.000Z,네이버,EASE-19-IVY-F,10,836600,27000,66928,20915,3500,0,0,ONLINE,온라인몰,Layer Top,TOP,BETA-22-2-3,1,KR,KRW,CUST-0012,부산,해운대구,paid
2026-08-01T14:50:00.000Z,W컨셉,EASE-19-IVY-F,10,765400,27000,114810,26789,3500,0,0,ONLINE,온라인몰,Layer Top,TOP,BETA-22-2-4,1,KR,KRW,CUST-0017,인천,연수구,paid
2026-08-01T15:57:00.000Z,매장 POS,EASE-19-IVY-F,10,872200,27000,17444,8722,0,0,0,STORE-HANNAM,한남점,Layer Top,TOP,BETA-22-2-5,1,CN,KRW,CUST-0022,대구,수성구,paid
2026-08-01T11:33:00.000Z,자사몰,CORE-08-GRY-F,10,1154300,39000,46172,40401,3500,0,0,ONLINE,온라인몰,Core Knit,TOP,BETA-22-3-0,1,KR,KRW,CUST-0008,서울,강남구,paid
2026-08-01T12:40:00.000Z,무신사,CORE-08-GRY-F,11,1151920,39000,138230,51836,3500,0,0,ONLINE,온라인몰,Core Knit,TOP,BETA-22-3-1,1,KR,KRW,CUST-0013,경기,성남시,paid
2026-08-01T13:47:00.000Z,29CM,CORE-08-GRY-F,11,1178100,39000,164934,47124,3500,0,0,ONLINE,온라인몰,Core Knit,TOP,BETA-22-3-2,1,KR,KRW,CUST-0018,부산,해운대구,paid
2026-08-01T14:54:00.000Z,네이버,CORE-08-GRY-F,11,1230460,39000,98437,30762,3500,0,0,ONLINE,온라인몰,Core Knit,TOP,BETA-22-3-3,1,KR,KRW,CUST-0023,인천,연수구,paid
2026-08-01T15:01:00.000Z,W컨셉,CORE-08-GRY-F,11,1125740,39000,168861,39401,3500,0,0,ONLINE,온라인몰,Core Knit,TOP,BETA-22-3-4,1,KR,KRW,CUST-0028,대구,수성구,paid
2026-08-01T16:08:00.000Z,매장 POS,CORE-08-GRY-F,10,1166200,39000,23324,11662,0,0,0,STORE-BUSAN,부산 센텀,Core Knit,TOP,BETA-22-3-5,1,CN,KRW,CUST-0033,서울,성동구,paid
2026-08-01T12:44:00.000Z,자사몰,AIR-24-NVY-F,11,2112660,65000,84506,73943,3500,0,0,ONLINE,온라인몰,Volume Dress,DRESS,BETA-22-4-0,1,KR,KRW,CUST-0019,경기,성남시,paid
2026-08-01T13:51:00.000Z,무신사,AIR-24-NVY-F,12,2090880,65000,250906,94090,3500,0,0,ONLINE,온라인몰,Volume Dress,DRESS,BETA-22-4-1,1,KR,KRW,CUST-0024,부산,해운대구,paid
2026-08-01T14:58:00.000Z,29CM,AIR-24-NVY-F,11,0,65000,0,0,3500,0,0,ONLINE,온라인몰,Volume Dress,DRESS,BETA-22-4-2,1,KR,KRW,CUST-0029,인천,연수구,cancelled
2026-08-01T15:05:00.000Z,네이버,AIR-24-NVY-F,11,2047320,65000,163786,51183,3500,0,0,ONLINE,온라인몰,Volume Dress,DRESS,BETA-22-4-3,1,KR,KRW,CUST-0034,대구,수성구,paid
2026-08-01T16:12:00.000Z,W컨셉,AIR-24-NVY-F,11,1873080,65000,280962,65558,3500,0,0,ONLINE,온라인몰,Volume Dress,DRESS,BETA-22-4-4,1,KR,KRW,CUST-0039,서울,성동구,paid
2026-08-01T17:19:00.000Z,매장 POS,AIR-24-NVY-F,11,2134440,65000,42689,21344,0,0,0,STORE-SHANGHAI,상하이 IFC,Volume Dress,DRESS,BETA-22-4-5,1,CN,KRW,CUST-0044,서울,강남구,paid
2026-08-01T13:55:00.000Z,자사몰,FRAME-31-DNM-F,12,2653920,78000,106157,92887,3500,0,0,ONLINE,온라인몰,Denim Dress,DRESS,BETA-22-5-0,1,KR,KRW,CUST-0030,부산,해운대구,paid
2026-08-01T14:02:00.000Z,무신사,FRAME-31-DNM-F,12,2407680,78000,288922,108346,3500,0,0,ONLINE,온라인몰,Denim Dress,DRESS,BETA-22-5-1,1,KR,KRW,CUST-0035,인천,연수구,paid
2026-08-01T15:09:00.000Z,29CM,FRAME-31-DNM-F,12,2462400,78000,344736,98496,3500,0,0,ONLINE,온라인몰,Denim Dress,DRESS,BETA-22-5-2,1,KR,KRW,CUST-0040,대구,수성구,paid
2026-08-01T16:16:00.000Z,네이버,FRAME-31-DNM-F,11,2357520,78000,188602,58938,3500,0,0,ONLINE,온라인몰,Denim Dress,DRESS,BETA-22-5-3,1,KR,KRW,CUST-0045,서울,성동구,paid
2026-08-01T17:23:00.000Z,W컨셉,FRAME-31-DNM-F,11,2156880,78000,323532,75491,3500,0,0,ONLINE,온라인몰,Denim Dress,DRESS,BETA-22-5-4,1,KR,KRW,CUST-0050,서울,강남구,paid
2026-08-01T18:30:00.000Z,매장 POS,FRAME-31-DNM-F,11,2457840,78000,49157,24578,0,0,0,DC-ONLINE,온라인 DC,Denim Dress,DRESS,BETA-22-5-5,1,CN,KRW,CUST-0055,경기,성남시,paid
2026-08-01T14:06:00.000Z,자사몰,SHEER-15-WHT-F,13,1248390,31000,49936,43694,3500,0,0,ONLINE,온라인몰,Sheer Layer Top,TOP,BETA-22-6-0,1,KR,KRW,CUST-0041,인천,연수구,paid
2026-08-01T15:13:00.000Z,무신사,SHEER-15-WHT-F,12,1045440,31000,125453,47045,3500,0,0,ONLINE,온라인몰,Sheer Layer Top,TOP,BETA-22-6-1,1,KR,KRW,CUST-0046,대구,수성구,paid
2026-08-01T16:20:00.000Z,29CM,SHEER-15-WHT-F,12,1069200,31000,149688,42768,3500,0,0,ONLINE,온라인몰,Sheer Layer Top,TOP,BETA-22-6-2,1,KR,KRW,CUST-0051,서울,성동구,paid
2026-08-01T17:27:00.000Z,네이버,SHEER-15-WHT-F,12,1116720,31000,89338,27918,3500,0,0,ONLINE,온라인몰,Sheer Layer Top,TOP,BETA-22-6-3,1,KR,KRW,CUST-0056,서울,강남구,paid
2026-08-01T18:34:00.000Z,W컨셉,SHEER-15-WHT-F,11,936540,31000,140481,32779,3500,0,0,ONLINE,온라인몰,Sheer Layer Top,TOP,BETA-22-6-4,1,KR,KRW,CUST-0061,경기,성남시,paid
2026-08-01T19:41:00.000Z,매장 POS,SHEER-15-WHT-F,12,1164240,31000,23285,11642,0,0,0,ONLINE,온라인몰,Sheer Layer Top,TOP,BETA-22-6-5,1,CN,KRW,CUST-0066,부산,해운대구,paid
2026-08-01T15:17:00.000Z,자사몰,FORM-12-BLK-F,13,3379480,91000,135179,118282,3500,0,0,ONLINE,온라인몰,Relaxed Blazer,OUTER,BETA-22-7-0,1,KR,KRW,CUST-0052,대구,수성구,paid
2026-08-01T16:24:00.000Z,무신사,FORM-12-BLK-F,12,2830080,91000,339610,127354,3500,0,0,ONLINE,온라인몰,Relaxed Blazer,OUTER,BETA-22-7-1,1,KR,KRW,CUST-0057,서울,성동구,paid
2026-08-01T17:31:00.000Z,29CM,FORM-12-BLK-F,12,2894400,91000,405216,115776,3500,0,0,ONLINE,온라인몰,Relaxed Blazer,OUTER,BETA-22-7-2,1,KR,KRW,CUST-0062,서울,강남구,paid
2026-08-01T18:38:00.000Z,네이버,FORM-12-BLK-F,12,3023040,91000,241843,75576,3500,0,0,ONLINE,온라인몰,Relaxed Blazer,OUTER,BETA-22-7-3,1,KR,KRW,CUST-0067,경기,성남시,paid
2026-08-01T19:45:00.000Z,W컨셉,FORM-12-BLK-F,12,2765760,91000,414864,96802,3500,0,0,ONLINE,온라인몰,Relaxed Blazer,OUTER,BETA-22-7-4,1,KR,KRW,CUST-0072,부산,해운대구,paid
2026-08-01T20:52:00.000Z,매장 POS,FORM-12-BLK-F,13,3414320,91000,68286,34143,0,31517,3,STORE-SEONGSU,성수 플래그십,Relaxed Blazer,OUTER,BETA-22-7-5,1,CN,KRW,CUST-0077,인천,연수구,paid
2026-07-31T21:00:00.000Z,자사몰,ARC-07-BLK-F,5,1202800,82000,48112,42098,3500,0,0,ONLINE,온라인몰,Utility Jacket,OUTER,BETA-23-0-0,1,KR,KRW,CUST-0012,대구,수성구,paid
2026-07-31T10:07:00.000Z,무신사,ARC-07-BLK-F,6,1309440,82000,157133,58925,3500,0,0,ONLINE,온라인몰,Utility Jacket,OUTER,BETA-23-0-1,1,KR,KRW,CUST-0017,서울,성동구,paid
2026-07-31T11:14:00.000Z,29CM,ARC-07-BLK-F,7,1562400,82000,218736,62496,3500,0,0,ONLINE,온라인몰,Utility Jacket,OUTER,BETA-23-0-2,1,KR,KRW,CUST-0022,서울,강남구,paid
2026-07-31T12:21:00.000Z,네이버,ARC-07-BLK-F,8,1864960,82000,149197,46624,3500,0,0,ONLINE,온라인몰,Utility Jacket,OUTER,BETA-23-0-3,1,KR,KRW,CUST-0027,경기,성남시,paid
2026-07-31T13:28:00.000Z,W컨셉,ARC-07-BLK-F,8,1706240,82000,255936,59718,3500,0,0,ONLINE,온라인몰,Utility Jacket,OUTER,BETA-23-0-4,1,KR,KRW,CUST-0032,부산,해운대구,paid
2026-07-31T14:35:00.000Z,매장 POS,ARC-07-BLK-F,8,1944320,82000,38886,19443,0,0,0,STORE-GANGNAM,강남점,Utility Jacket,OUTER,BETA-23-0-5,1,KR,KRW,CUST-0037,인천,연수구,paid
2026-07-31T10:11:00.000Z,자사몰,FLOW-22-BLK-F,7,1072820,51000,42913,37549,3500,0,0,ONLINE,온라인몰,Drape Pants,BOTTOM,BETA-23-1-0,1,KR,KRW,CUST-0023,서울,성동구,paid
2026-07-31T11:18:00.000Z,무신사,FLOW-22-BLK-F,8,1112320,51000,133478,50054,3500,0,0,ONLINE,온라인몰,Drape Pants,BOTTOM,BETA-23-1-1,1,KR,KRW,CUST-0028,서울,강남구,paid
2026-07-31T12:25:00.000Z,29CM,FLOW-22-BLK-F,8,1137600,51000,159264,45504,3500,0,0,ONLINE,온라인몰,Drape Pants,BOTTOM,BETA-23-1-2,1,KR,KRW,CUST-0033,경기,성남시,paid
2026-07-31T13:32:00.000Z,네이버,FLOW-22-BLK-F,9,1336680,51000,106934,33417,3500,0,0,ONLINE,온라인몰,Drape Pants,BOTTOM,BETA-23-1-3,1,KR,KRW,CUST-0038,부산,해운대구,paid
2026-07-31T14:39:00.000Z,W컨셉,FLOW-22-BLK-F,9,1222920,51000,183438,42802,3500,0,0,ONLINE,온라인몰,Drape Pants,BOTTOM,BETA-23-1-4,1,KR,KRW,CUST-0043,인천,연수구,paid
2026-07-31T15:46:00.000Z,매장 POS,FLOW-22-BLK-F,9,1393560,51000,27871,13936,0,0,0,STORE-HANNAM,한남점,Drape Pants,BOTTOM,BETA-23-1-5,1,KR,KRW,CUST-0048,대구,수성구,paid
2026-07-31T11:22:00.000Z,자사몰,EASE-19-IVY-F,8,690640,27000,27626,24172,3500,0,0,ONLINE,온라인몰,Layer Top,TOP,BETA-23-2-0,1,KR,KRW,CUST-0034,서울,강남구,paid
2026-07-31T12:29:00.000Z,무신사,EASE-19-IVY-F,9,704880,27000,84586,31720,3500,0,0,ONLINE,온라인몰,Layer Top,TOP,BETA-23-2-1,1,KR,KRW,CUST-0039,경기,성남시,paid
2026-07-31T13:36:00.000Z,29CM,EASE-19-IVY-F,9,720900,27000,100926,28836,3500,0,0,ONLINE,온라인몰,Layer Top,TOP,BETA-23-2-2,1,KR,KRW,CUST-0044,부산,해운대구,paid
2026-07-31T14:43:00.000Z,네이버,EASE-19-IVY-F,9,0,27000,0,0,3500,0,0,ONLINE,온라인몰,Layer Top,TOP,BETA-23-2-3,1,KR,KRW,CUST-0049,인천,연수구,cancelled
2026-07-31T15:50:00.000Z,W컨셉,EASE-19-IVY-F,9,688860,27000,103329,24110,3500,0,0,ONLINE,온라인몰,Layer Top,TOP,BETA-23-2-4,1,KR,KRW,CUST-0054,대구,수성구,paid
2026-07-31T16:57:00.000Z,매장 POS,EASE-19-IVY-F,9,784980,27000,15700,7850,0,0,0,STORE-BUSAN,부산 센텀,Layer Top,TOP,BETA-23-2-5,1,KR,KRW,CUST-0059,서울,성동구,paid
2026-07-31T12:33:00.000Z,자사몰,CORE-08-GRY-F,10,1154300,39000,46172,40401,3500,0,0,ONLINE,온라인몰,Core Knit,TOP,BETA-23-3-0,1,KR,KRW,CUST-0045,경기,성남시,paid
2026-07-31T13:40:00.000Z,무신사,CORE-08-GRY-F,10,1047200,39000,125664,47124,3500,0,0,ONLINE,온라인몰,Core Knit,TOP,BETA-23-3-1,1,KR,KRW,CUST-0050,부산,해운대구,paid
2026-07-31T14:47:00.000Z,29CM,CORE-08-GRY-F,10,1071000,39000,149940,42840,3500,0,0,ONLINE,온라인몰,Core Knit,TOP,BETA-23-3-2,1,KR,KRW,CUST-0055,인천,연수구,paid
2026-07-31T15:54:00.000Z,네이버,CORE-08-GRY-F,10,1118600,39000,89488,27965,3500,0,0,ONLINE,온라인몰,Core Knit,TOP,BETA-23-3-3,1,KR,KRW,CUST-0060,대구,수성구,paid
2026-07-31T16:01:00.000Z,W컨셉,CORE-08-GRY-F,10,1023400,39000,153510,35819,3500,0,0,ONLINE,온라인몰,Core Knit,TOP,BETA-23-3-4,1,KR,KRW,CUST-0065,서울,성동구,paid
2026-07-31T17:08:00.000Z,매장 POS,CORE-08-GRY-F,10,1166200,39000,23324,11662,0,0,0,STORE-SHANGHAI,상하이 IFC,Core Knit,TOP,BETA-23-3-5,1,KR,KRW,CUST-0070,서울,강남구,paid
2026-07-31T13:44:00.000Z,자사몰,AIR-24-NVY-F,11,2112660,65000,84506,73943,3500,0,0,ONLINE,온라인몰,Volume Dress,DRESS,BETA-23-4-0,1,KR,KRW,CUST-0056,부산,해운대구,paid
2026-07-31T14:51:00.000Z,무신사,AIR-24-NVY-F,11,1916640,65000,229997,86249,3500,0,0,ONLINE,온라인몰,Volume Dress,DRESS,BETA-23-4-1,1,KR,KRW,CUST-0061,인천,연수구,paid
2026-07-31T15:58:00.000Z,29CM,AIR-24-NVY-F,10,1782000,65000,249480,71280,3500,0,0,ONLINE,온라인몰,Volume Dress,DRESS,BETA-23-4-2,1,KR,KRW,CUST-0066,대구,수성구,paid
2026-07-31T16:05:00.000Z,네이버,AIR-24-NVY-F,10,1861200,65000,148896,46530,3500,0,0,ONLINE,온라인몰,Volume Dress,DRESS,BETA-23-4-3,1,KR,KRW,CUST-0071,서울,성동구,paid
2026-07-31T17:12:00.000Z,W컨셉,AIR-24-NVY-F,10,1702800,65000,255420,59598,3500,0,0,ONLINE,온라인몰,Volume Dress,DRESS,BETA-23-4-4,1,KR,KRW,CUST-0076,서울,강남구,paid
2026-07-31T18:19:00.000Z,매장 POS,AIR-24-NVY-F,10,1940400,65000,38808,19404,0,0,0,DC-ONLINE,온라인 DC,Volume Dress,DRESS,BETA-23-4-5,1,KR,KRW,CUST-0081,경기,성남시,paid
2026-07-31T14:55:00.000Z,자사몰,FRAME-31-DNM-F,11,2432760,78000,97310,85147,3500,0,0,ONLINE,온라인몰,Denim Dress,DRESS,BETA-23-5-0,1,KR,KRW,CUST-0067,인천,연수구,paid
2026-07-31T15:02:00.000Z,무신사,FRAME-31-DNM-F,11,2207040,78000,264845,99317,3500,0,0,ONLINE,온라인몰,Denim Dress,DRESS,BETA-23-5-1,1,KR,KRW,CUST-0072,대구,수성구,paid
2026-07-31T16:09:00.000Z,29CM,FRAME-31-DNM-F,11,2257200,78000,316008,90288,3500,0,0,ONLINE,온라인몰,Denim Dress,DRESS,BETA-23-5-2,1,KR,KRW,CUST-0077,서울,성동구,paid
2026-07-31T17:16:00.000Z,네이버,FRAME-31-DNM-F,10,2143200,78000,171456,53580,3500,0,0,ONLINE,온라인몰,Denim Dress,DRESS,BETA-23-5-3,1,KR,KRW,CUST-0082,서울,강남구,paid
2026-07-31T18:23:00.000Z,W컨셉,FRAME-31-DNM-F,10,1960800,78000,294120,68628,3500,0,0,ONLINE,온라인몰,Denim Dress,DRESS,BETA-23-5-4,1,KR,KRW,CUST-0087,경기,성남시,paid
2026-07-31T19:30:00.000Z,매장 POS,FRAME-31-DNM-F,11,2457840,78000,49157,24578,0,0,0,ONLINE,온라인몰,Denim Dress,DRESS,BETA-23-5-5,1,KR,KRW,CUST-0092,부산,해운대구,paid
2026-07-31T15:06:00.000Z,자사몰,SHEER-15-WHT-F,12,1152360,31000,46094,40333,3500,0,0,ONLINE,온라인몰,Sheer Layer Top,TOP,BETA-23-6-0,1,KR,KRW,CUST-0078,대구,수성구,paid
2026-07-31T16:13:00.000Z,무신사,SHEER-15-WHT-F,11,958320,31000,114998,43124,3500,0,0,ONLINE,온라인몰,Sheer Layer Top,TOP,BETA-23-6-1,1,KR,KRW,CUST-0083,서울,성동구,paid
2026-07-31T17:20:00.000Z,29CM,SHEER-15-WHT-F,11,980100,31000,137214,39204,3500,0,0,ONLINE,온라인몰,Sheer Layer Top,TOP,BETA-23-6-2,1,KR,KRW,CUST-0088,서울,강남구,paid
2026-07-31T18:27:00.000Z,네이버,SHEER-15-WHT-F,11,1023660,31000,81893,25592,3500,0,0,ONLINE,온라인몰,Sheer Layer Top,TOP,BETA-23-6-3,1,KR,KRW,CUST-0093,경기,성남시,paid
2026-07-31T19:34:00.000Z,W컨셉,SHEER-15-WHT-F,11,936540,31000,140481,32779,3500,0,0,ONLINE,온라인몰,Sheer Layer Top,TOP,BETA-23-6-4,1,KR,KRW,CUST-0098,부산,해운대구,paid
2026-07-31T20:41:00.000Z,매장 POS,SHEER-15-WHT-F,12,1164240,31000,23285,11642,0,7762,2,STORE-SEONGSU,성수 플래그십,Sheer Layer Top,TOP,BETA-23-6-5,1,KR,KRW,CUST-0103,인천,연수구,paid
2026-07-31T16:17:00.000Z,자사몰,FORM-12-BLK-F,12,3119520,91000,124781,109183,3500,0,0,ONLINE,온라인몰,Relaxed Blazer,OUTER,BETA-23-7-0,1,KR,KRW,CUST-0089,서울,성동구,paid
2026-07-31T17:24:00.000Z,무신사,FORM-12-BLK-F,11,2594240,91000,311309,116741,3500,0,0,ONLINE,온라인몰,Relaxed Blazer,OUTER,BETA-23-7-1,1,KR,KRW,CUST-0094,서울,강남구,paid
2026-07-31T18:31:00.000Z,29CM,FORM-12-BLK-F,11,2653200,91000,371448,106128,3500,0,0,ONLINE,온라인몰,Relaxed Blazer,OUTER,BETA-23-7-2,1,KR,KRW,CUST-0099,경기,성남시,paid
2026-07-31T19:38:00.000Z,네이버,FORM-12-BLK-F,12,3023040,91000,241843,75576,3500,0,0,ONLINE,온라인몰,Relaxed Blazer,OUTER,BETA-23-7-3,1,KR,KRW,CUST-0104,부산,해운대구,paid
2026-07-31T20:45:00.000Z,W컨셉,FORM-12-BLK-F,13,2996240,91000,449436,104868,3500,27658,3,ONLINE,온라인몰,Relaxed Blazer,OUTER,BETA-23-7-4,1,KR,KRW,CUST-0109,인천,연수구,paid
2026-07-31T21:52:00.000Z,매장 POS,FORM-12-BLK-F,14,3676960,91000,73539,36770,0,0,0,STORE-GANGNAM,강남점,Relaxed Blazer,OUTER,BETA-23-7-5,1,KR,KRW,CUST-0114,대구,수성구,paid
2026-07-30T10:00:00.000Z,자사몰,ARC-07-BLK-F,5,1202800,82000,48112,42098,3500,0,0,ONLINE,온라인몰,Utility Jacket,OUTER,BETA-24-0-0,1,KR,KRW,CUST-0049,서울,성동구,paid
2026-07-30T11:07:00.000Z,무신사,ARC-07-BLK-F,6,1309440,82000,157133,58925,3500,0,0,ONLINE,온라인몰,Utility Jacket,OUTER,BETA-24-0-1,1,KR,KRW,CUST-0054,서울,강남구,paid
2026-07-30T12:14:00.000Z,29CM,ARC-07-BLK-F,7,1562400,82000,218736,62496,3500,0,0,ONLINE,온라인몰,Utility Jacket,OUTER,BETA-24-0-2,1,KR,KRW,CUST-0059,경기,성남시,paid
2026-07-30T13:21:00.000Z,네이버,ARC-07-BLK-F,7,1631840,82000,130547,40796,3500,0,0,ONLINE,온라인몰,Utility Jacket,OUTER,BETA-24-0-3,1,KR,KRW,CUST-0064,부산,해운대구,paid
2026-07-30T14:28:00.000Z,W컨셉,ARC-07-BLK-F,7,0,82000,0,0,3500,0,0,ONLINE,온라인몰,Utility Jacket,OUTER,BETA-24-0-4,1,KR,KRW,CUST-0069,인천,연수구,cancelled
2026-07-30T15:35:00.000Z,매장 POS,ARC-07-BLK-F,7,1701280,82000,34026,17013,0,0,0,STORE-HANNAM,한남점,Utility Jacket,OUTER,BETA-24-0-5,1,KR,KRW,CUST-0074,대구,수성구,paid
2026-07-30T11:11:00.000Z,자사몰,FLOW-22-BLK-F,7,1072820,51000,42913,37549,3500,0,0,ONLINE,온라인몰,Drape Pants,BOTTOM,BETA-24-1-0,1,KR,KRW,CUST-0060,서울,강남구,paid
2026-07-30T12:18:00.000Z,무신사,FLOW-22-BLK-F,7,973280,51000,116794,43798,3500,0,0,ONLINE,온라인몰,Drape Pants,BOTTOM,BETA-24-1-1,1,KR,KRW,CUST-0065,경기,성남시,paid
2026-07-30T13:25:00.000Z,29CM,FLOW-22-BLK-F,8,1137600,51000,159264,45504,3500,0,0,ONLINE,온라인몰,Drape Pants,BOTTOM,BETA-24-1-2,1,KR,KRW,CUST-0070,부산,해운대구,paid
2026-07-30T14:32:00.000Z,네이버,FLOW-22-BLK-F,8,1188160,51000,95053,29704,3500,0,0,ONLINE,온라인몰,Drape Pants,BOTTOM,BETA-24-1-3,1,KR,KRW,CUST-0075,인천,연수구,paid
2026-07-30T15:39:00.000Z,W컨셉,FLOW-22-BLK-F,8,1087040,51000,163056,38046,3500,0,0,ONLINE,온라인몰,Drape Pants,BOTTOM,BETA-24-1-4,1,KR,KRW,CUST-0080,대구,수성구,paid
2026-07-30T16:46:00.000Z,매장 POS,FLOW-22-BLK-F,8,1238720,51000,24774,12387,0,0,0,STORE-BUSAN,부산 센텀,Drape Pants,BOTTOM,BETA-24-1-5,1,KR,KRW,CUST-0085,서울,성동구,paid
2026-07-30T12:22:00.000Z,자사몰,EASE-19-IVY-F,8,690640,27000,27626,24172,3500,0,0,ONLINE,온라인몰,Layer Top,TOP,BETA-24-2-0,1,KR,KRW,CUST-0071,경기,성남시,paid
2026-07-30T13:29:00.000Z,무신사,EASE-19-IVY-F,8,626560,27000,75187,28195,3500,0,0,ONLINE,온라인몰,Layer Top,TOP,BETA-24-2-1,1,KR,KRW,CUST-0076,부산,해운대구,paid
2026-07-30T14:36:00.000Z,29CM,EASE-19-IVY-F,9,720900,27000,100926,28836,3500,0,0,ONLINE,온라인몰,Layer Top,TOP,BETA-24-2-2,1,KR,KRW,CUST-0081,인천,연수구,paid
2026-07-30T15:43:00.000Z,네이버,EASE-19-IVY-F,9,752940,27000,60235,18824,3500,0,0,ONLINE,온라인몰,Layer Top,TOP,BETA-24-2-3,1,KR,KRW,CUST-0086,대구,수성구,paid
2026-07-30T16:50:00.000Z,W컨셉,EASE-19-IVY-F,8,612320,27000,91848,21431,3500,0,0,ONLINE,온라인몰,Layer Top,TOP,BETA-24-2-4,1,KR,KRW,CUST-0091,서울,성동구,paid
2026-07-30T17:57:00.000Z,매장 POS,EASE-19-IVY-F,8,697760,27000,13955,6978,0,0,0,STORE-SHANGHAI,상하이 IFC,Layer Top,TOP,BETA-24-2-5,1,KR,KRW,CUST-0096,서울,강남구,paid
2026-07-30T13:33:00.000Z,자사몰,CORE-08-GRY-F,9,1038870,39000,41555,36360,3500,0,0,ONLINE,온라인몰,Core Knit,TOP,BETA-24-3-0,1,KR,KRW,CUST-0082,부산,해운대구,paid
2026-07-30T14:40:00.000Z,무신사,CORE-08-GRY-F,9,942480,39000,113098,42412,3500,0,0,ONLINE,온라인몰,Core Knit,TOP,BETA-24-3-1,1,KR,KRW,CUST-0087,인천,연수구,paid
2026-07-30T15:47:00.000Z,29CM,CORE-08-GRY-F,9,963900,39000,134946,38556,3500,0,0,ONLINE,온라인몰,Core Knit,TOP,BETA-24-3-2,1,KR,KRW,CUST-0092,대구,수성구,paid
2026-07-30T16:54:00.000Z,네이버,CORE-08-GRY-F,9,1006740,39000,80539,25169,3500,0,0,ONLINE,온라인몰,Core Knit,TOP,BETA-24-3-3,1,KR,KRW,CUST-0097,서울,성동구,paid
2026-07-30T17:01:00.000Z,W컨셉,CORE-08-GRY-F,9,921060,39000,138159,32237,3500,0,0,ONLINE,온라인몰,Core Knit,TOP,BETA-24-3-4,1,KR,KRW,CUST-0102,서울,강남구,paid
2026-07-30T18:08:00.000Z,매장 POS,CORE-08-GRY-F,9,1049580,39000,20992,10496,0,0,0,DC-ONLINE,온라인 DC,Core Knit,TOP,BETA-24-3-5,1,KR,KRW,CUST-0107,경기,성남시,paid
2026-07-30T14:44:00.000Z,자사몰,AIR-24-NVY-F,10,1920600,65000,76824,67221,3500,0,0,ONLINE,온라인몰,Volume Dress,DRESS,BETA-24-4-0,1,KR,KRW,CUST-0093,인천,연수구,paid
2026-07-30T15:51:00.000Z,무신사,AIR-24-NVY-F,10,1742400,65000,209088,78408,3500,0,0,ONLINE,온라인몰,Volume Dress,DRESS,BETA-24-4-1,1,KR,KRW,CUST-0098,대구,수성구,paid
2026-07-30T16:58:00.000Z,29CM,AIR-24-NVY-F,9,1603800,65000,224532,64152,3500,0,0,ONLINE,온라인몰,Volume Dress,DRESS,BETA-24-4-2,1,KR,KRW,CUST-0103,서울,성동구,paid
2026-07-30T17:05:00.000Z,네이버,AIR-24-NVY-F,9,1675080,65000,134006,41877,3500,0,0,ONLINE,온라인몰,Volume Dress,DRESS,BETA-24-4-3,1,KR,KRW,CUST-0108,서울,강남구,paid
2026-07-30T18:12:00.000Z,W컨셉,AIR-24-NVY-F,9,1532520,65000,229878,53638,3500,0,0,ONLINE,온라인몰,Volume Dress,DRESS,BETA-24-4-4,1,KR,KRW,CUST-0113,경기,성남시,paid
2026-07-30T19:19:00.000Z,매장 POS,AIR-24-NVY-F,10,1940400,65000,38808,19404,0,0,0,ONLINE,온라인몰,Volume Dress,DRESS,BETA-24-4-5,1,KR,KRW,CUST-0118,부산,해운대구,paid
2026-07-30T15:55:00.000Z,자사몰,FRAME-31-DNM-F,10,2211600,78000,88464,77406,3500,0,0,ONLINE,온라인몰,Denim Dress,DRESS,BETA-24-5-0,1,KR,KRW,CUST-0104,대구,수성구,paid
2026-07-30T16:02:00.000Z,무신사,FRAME-31-DNM-F,10,2006400,78000,240768,90288,3500,0,0,ONLINE,온라인몰,Denim Dress,DRESS,BETA-24-5-1,1,KR,KRW,CUST-0109,서울,성동구,paid
2026-07-30T17:09:00.000Z,29CM,FRAME-31-DNM-F,10,2052000,78000,287280,82080,3500,0,0,ONLINE,온라인몰,Denim Dress,DRESS,BETA-24-5-2,1,KR,KRW,CUST-0114,서울,강남구,paid
2026-07-30T18:16:00.000Z,네이버,FRAME-31-DNM-F,10,2143200,78000,171456,53580,3500,0,0,ONLINE,온라인몰,Denim Dress,DRESS,BETA-24-5-3,1,KR,KRW,CUST-0119,경기,성남시,paid
2026-07-30T19:23:00.000Z,W컨셉,FRAME-31-DNM-F,10,1960800,78000,294120,68628,3500,0,0,ONLINE,온라인몰,Denim Dress,DRESS,BETA-24-5-4,1,KR,KRW,CUST-0124,부산,해운대구,paid
2026-07-30T20:30:00.000Z,매장 POS,FRAME-31-DNM-F,11,2457840,78000,49157,24578,0,17875,2,STORE-SEONGSU,성수 플래그십,Denim Dress,DRESS,BETA-24-5-5,1,KR,KRW,CUST-0129,인천,연수구,paid
2026-07-30T16:06:00.000Z,자사몰,SHEER-15-WHT-F,11,1056330,31000,42253,36972,3500,0,0,ONLINE,온라인몰,Sheer Layer Top,TOP,BETA-24-6-0,1,KR,KRW,CUST-0115,서울,성동구,paid
2026-07-30T17:13:00.000Z,무신사,SHEER-15-WHT-F,10,871200,31000,104544,39204,3500,0,0,ONLINE,온라인몰,Sheer Layer Top,TOP,BETA-24-6-1,1,KR,KRW,CUST-0120,서울,강남구,paid
2026-07-30T18:20:00.000Z,29CM,SHEER-15-WHT-F,10,891000,31000,124740,35640,3500,0,0,ONLINE,온라인몰,Sheer Layer Top,TOP,BETA-24-6-2,1,KR,KRW,CUST-0125,경기,성남시,paid
2026-07-30T19:27:00.000Z,네이버,SHEER-15-WHT-F,11,1023660,31000,81893,25592,3500,0,0,ONLINE,온라인몰,Sheer Layer Top,TOP,BETA-24-6-3,1,KR,KRW,CUST-0130,부산,해운대구,paid
2026-07-30T20:34:00.000Z,W컨셉,SHEER-15-WHT-F,11,936540,31000,140481,32779,3500,6811,2,ONLINE,온라인몰,Sheer Layer Top,TOP,BETA-24-6-4,1,KR,KRW,CUST-0135,인천,연수구,paid
2026-07-30T21:41:00.000Z,매장 POS,SHEER-15-WHT-F,13,1261260,31000,25225,12613,0,0,0,STORE-GANGNAM,강남점,Sheer Layer Top,TOP,BETA-24-6-5,1,KR,KRW,CUST-0140,대구,수성구,paid
2026-07-30T17:17:00.000Z,자사몰,FORM-12-BLK-F,11,2859560,91000,114382,100085,3500,0,0,ONLINE,온라인몰,Relaxed Blazer,OUTER,BETA-24-7-0,1,KR,KRW,CUST-0126,서울,강남구,paid
2026-07-30T18:24:00.000Z,무신사,FORM-12-BLK-F,11,2594240,91000,311309,116741,3500,0,0,ONLINE,온라인몰,Relaxed Blazer,OUTER,BETA-24-7-1,1,KR,KRW,CUST-0131,경기,성남시,paid
2026-07-30T19:31:00.000Z,29CM,FORM-12-BLK-F,11,2653200,91000,371448,106128,3500,0,0,ONLINE,온라인몰,Relaxed Blazer,OUTER,BETA-24-7-2,1,KR,KRW,CUST-0136,부산,해운대구,paid
2026-07-30T20:38:00.000Z,네이버,FORM-12-BLK-F,12,3023040,91000,241843,75576,3500,20154,2,ONLINE,온라인몰,Relaxed Blazer,OUTER,BETA-24-7-3,1,KR,KRW,CUST-0141,인천,연수구,paid
2026-07-30T21:45:00.000Z,W컨셉,FORM-12-BLK-F,13,2996240,91000,449436,104868,3500,0,0,ONLINE,온라인몰,Relaxed Blazer,OUTER,BETA-24-7-4,1,KR,KRW,CUST-0146,대구,수성구,paid
2026-07-30T10:52:00.000Z,매장 POS,FORM-12-BLK-F,15,3939600,91000,78792,39396,0,0,0,STORE-HANNAM,한남점,Relaxed Blazer,OUTER,BETA-24-7-5,1,KR,KRW,CUST-0151,서울,성동구,paid
2026-07-29T11:00:00.000Z,자사몰,ARC-07-BLK-F,5,1202800,82000,48112,42098,3500,0,0,ONLINE,온라인몰,Utility Jacket,OUTER,BETA-25-0-0,1,KR,KRW,CUST-0086,서울,강남구,paid
2026-07-29T12:07:00.000Z,무신사,ARC-07-BLK-F,6,1309440,82000,157133,58925,3500,0,0,ONLINE,온라인몰,Utility Jacket,OUTER,BETA-25-0-1,1,KR,KRW,CUST-0091,경기,성남시,paid
2026-07-29T13:14:00.000Z,29CM,ARC-07-BLK-F,6,1339200,82000,187488,53568,3500,0,0,ONLINE,온라인몰,Utility Jacket,OUTER,BETA-25-0-2,1,KR,KRW,CUST-0096,부산,해운대구,paid
2026-07-29T14:21:00.000Z,네이버,ARC-07-BLK-F,7,1631840,82000,130547,40796,3500,0,0,ONLINE,온라인몰,Utility Jacket,OUTER,BETA-25-0-3,1,KR,KRW,CUST-0101,인천,연수구,paid
2026-07-29T15:28:00.000Z,W컨셉,ARC-07-BLK-F,7,1492960,82000,223944,52254,3500,0,0,ONLINE,온라인몰,Utility Jacket,OUTER,BETA-25-0-4,1,KR,KRW,CUST-0106,대구,수성구,paid
2026-07-29T16:35:00.000Z,매장 POS,ARC-07-BLK-F,7,1701280,82000,34026,17013,0,0,0,STORE-BUSAN,부산 센텀,Utility Jacket,OUTER,BETA-25-0-5,1,KR,KRW,CUST-0111,서울,성동구,paid
2026-07-29T12:11:00.000Z,자사몰,FLOW-22-BLK-F,6,919560,51000,36782,32185,3500,0,0,ONLINE,온라인몰,Drape Pants,BOTTOM,BETA-25-1-0,1,KR,KRW,CUST-0097,경기,성남시,paid
2026-07-29T13:18:00.000Z,무신사,FLOW-22-BLK-F,7,973280,51000,116794,43798,3500,0,0,ONLINE,온라인몰,Drape Pants,BOTTOM,BETA-25-1-1,1,KR,KRW,CUST-0102,부산,해운대구,paid
2026-07-29T14:25:00.000Z,29CM,FLOW-22-BLK-F,7,995400,51000,139356,39816,3500,0,0,ONLINE,온라인몰,Drape Pants,BOTTOM,BETA-25-1-2,1,KR,KRW,CUST-0107,인천,연수구,paid
2026-07-29T15:32:00.000Z,네이버,FLOW-22-BLK-F,7,1039640,51000,83171,25991,3500,0,0,ONLINE,온라인몰,Drape Pants,BOTTOM,BETA-25-1-3,1,KR,KRW,CUST-0112,대구,수성구,paid
2026-07-29T16:39:00.000Z,W컨셉,FLOW-22-BLK-F,7,951160,51000,142674,33291,3500,0,0,ONLINE,온라인몰,Drape Pants,BOTTOM,BETA-25-1-4,1,KR,KRW,CUST-0117,서울,성동구,paid
2026-07-29T17:46:00.000Z,매장 POS,FLOW-22-BLK-F,7,1083880,51000,21678,10839,0,0,0,STORE-SHANGHAI,상하이 IFC,Drape Pants,BOTTOM,BETA-25-1-5,1,KR,KRW,CUST-0122,서울,강남구,paid
2026-07-29T13:22:00.000Z,자사몰,EASE-19-IVY-F,8,690640,27000,27626,24172,3500,0,0,ONLINE,온라인몰,Layer Top,TOP,BETA-25-2-0,1,KR,KRW,CUST-0108,부산,해운대구,paid
2026-07-29T14:29:00.000Z,무신사,EASE-19-IVY-F,8,626560,27000,75187,28195,3500,0,0,ONLINE,온라인몰,Layer Top,TOP,BETA-25-2-1,1,KR,KRW,CUST-0113,인천,연수구,paid
2026-07-29T15:36:00.000Z,29CM,EASE-19-IVY-F,8,640800,27000,89712,25632,3500,0,0,ONLINE,온라인몰,Layer Top,TOP,BETA-25-2-2,1,KR,KRW,CUST-0118,대구,수성구,paid
2026-07-29T16:43:00.000Z,네이버,EASE-19-IVY-F,8,669280,27000,53542,16732,3500,0,0,ONLINE,온라인몰,Layer Top,TOP,BETA-25-2-3,1,KR,KRW,CUST-0123,서울,성동구,paid
2026-07-29T17:50:00.000Z,W컨셉,EASE-19-IVY-F,8,612320,27000,91848,21431,3500,0,0,ONLINE,온라인몰,Layer Top,TOP,BETA-25-2-4,1,KR,KRW,CUST-0128,서울,강남구,paid
2026-07-29T18:57:00.000Z,매장 POS,EASE-19-IVY-F,8,697760,27000,13955,6978,0,0,0,DC-ONLINE,온라인 DC,Layer Top,TOP,BETA-25-2-5,1,KR,KRW,CUST-0133,경기,성남시,paid
2026-07-29T14:33:00.000Z,자사몰,CORE-08-GRY-F,8,923440,39000,36938,32320,3500,0,0,ONLINE,온라인몰,Core Knit,TOP,BETA-25-3-0,1,KR,KRW,CUST-0119,인천,연수구,paid
2026-07-29T15:40:00.000Z,무신사,CORE-08-GRY-F,8,837760,39000,100531,37699,3500,0,0,ONLINE,온라인몰,Core Knit,TOP,BETA-25-3-1,1,KR,KRW,CUST-0124,대구,수성구,paid
2026-07-29T16:47:00.000Z,29CM,CORE-08-GRY-F,8,856800,39000,119952,34272,3500,0,0,ONLINE,온라인몰,Core Knit,TOP,BETA-25-3-2,1,KR,KRW,CUST-0129,서울,성동구,paid
2026-07-29T17:54:00.000Z,네이버,CORE-08-GRY-F,8,894880,39000,71590,22372,3500,0,0,ONLINE,온라인몰,Core Knit,TOP,BETA-25-3-3,1,KR,KRW,CUST-0134,서울,강남구,paid
2026-07-29T18:01:00.000Z,W컨셉,CORE-08-GRY-F,8,818720,39000,122808,28655,3500,0,0,ONLINE,온라인몰,Core Knit,TOP,BETA-25-3-4,1,KR,KRW,CUST-0139,경기,성남시,paid
2026-07-29T19:08:00.000Z,매장 POS,CORE-08-GRY-F,9,1049580,39000,20992,10496,0,0,0,ONLINE,온라인몰,Core Knit,TOP,BETA-25-3-5,1,KR,KRW,CUST-0144,부산,해운대구,paid
2026-07-29T15:44:00.000Z,자사몰,AIR-24-NVY-F,9,1728540,65000,69142,60499,3500,0,0,ONLINE,온라인몰,Volume Dress,DRESS,BETA-25-4-0,1,KR,KRW,CUST-0130,대구,수성구,paid
2026-07-29T16:51:00.000Z,무신사,AIR-24-NVY-F,9,1568160,65000,188179,70567,3500,0,0,ONLINE,온라인몰,Volume Dress,DRESS,BETA-25-4-1,1,KR,KRW,CUST-0135,서울,성동구,paid
2026-07-29T17:58:00.000Z,29CM,AIR-24-NVY-F,9,1603800,65000,224532,64152,3500,0,0,ONLINE,온라인몰,Volume Dress,DRESS,BETA-25-4-2,1,KR,KRW,CUST-0140,서울,강남구,paid
2026-07-29T18:05:00.000Z,네이버,AIR-24-NVY-F,9,1675080,65000,134006,41877,3500,0,0,ONLINE,온라인몰,Volume Dress,DRESS,BETA-25-4-3,1,KR,KRW,CUST-0145,경기,성남시,paid
2026-07-29T19:12:00.000Z,W컨셉,AIR-24-NVY-F,9,1532520,65000,229878,53638,3500,0,0,ONLINE,온라인몰,Volume Dress,DRESS,BETA-25-4-4,1,KR,KRW,CUST-0150,부산,해운대구,paid
2026-07-29T20:19:00.000Z,매장 POS,AIR-24-NVY-F,10,1940400,65000,38808,19404,0,15523,2,STORE-SEONGSU,성수 플래그십,Volume Dress,DRESS,BETA-25-4-5,1,KR,KRW,CUST-0155,인천,연수구,paid
2026-07-29T16:55:00.000Z,자사몰,FRAME-31-DNM-F,9,1990440,78000,79618,69665,3500,0,0,ONLINE,온라인몰,Denim Dress,DRESS,BETA-25-5-0,1,KR,KRW,CUST-0141,서울,성동구,paid
2026-07-29T17:02:00.000Z,무신사,FRAME-31-DNM-F,9,1805760,78000,216691,81259,3500,0,0,ONLINE,온라인몰,Denim Dress,DRESS,BETA-25-5-1,1,KR,KRW,CUST-0146,서울,강남구,paid
2026-07-29T18:09:00.000Z,29CM,FRAME-31-DNM-F,9,1846800,78000,258552,73872,3500,0,0,ONLINE,온라인몰,Denim Dress,DRESS,BETA-25-5-2,1,KR,KRW,CUST-0151,경기,성남시,paid
2026-07-29T19:16:00.000Z,네이버,FRAME-31-DNM-F,10,2143200,78000,171456,53580,3500,0,0,ONLINE,온라인몰,Denim Dress,DRESS,BETA-25-5-3,1,KR,KRW,CUST-0156,부산,해운대구,paid
2026-07-29T20:23:00.000Z,W컨셉,FRAME-31-DNM-F,10,1960800,78000,294120,68628,3500,15686,2,ONLINE,온라인몰,Denim Dress,DRESS,BETA-25-5-4,1,KR,KRW,CUST-0161,인천,연수구,paid
2026-07-29T21:30:00.000Z,매장 POS,FRAME-31-DNM-F,12,2681280,78000,53626,26813,0,0,0,STORE-GANGNAM,강남점,Denim Dress,DRESS,BETA-25-5-5,1,KR,KRW,CUST-0166,대구,수성구,paid
2026-07-29T17:06:00.000Z,자사몰,SHEER-15-WHT-F,10,960300,31000,38412,33611,3500,0,0,ONLINE,온라인몰,Sheer Layer Top,TOP,BETA-25-6-0,1,KR,KRW,CUST-0152,서울,강남구,paid
2026-07-29T18:13:00.000Z,무신사,SHEER-15-WHT-F,10,871200,31000,104544,39204,3500,0,0,ONLINE,온라인몰,Sheer Layer Top,TOP,BETA-25-6-1,1,KR,KRW,CUST-0157,경기,성남시,paid
2026-07-29T19:20:00.000Z,29CM,SHEER-15-WHT-F,10,891000,31000,124740,35640,3500,0,0,ONLINE,온라인몰,Sheer Layer Top,TOP,BETA-25-6-2,1,KR,KRW,CUST-0162,부산,해운대구,paid
2026-07-29T20:27:00.000Z,네이버,SHEER-15-WHT-F,11,1023660,31000,81893,25592,3500,7445,2,ONLINE,온라인몰,Sheer Layer Top,TOP,BETA-25-6-3,1,KR,KRW,CUST-0167,인천,연수구,paid
2026-07-29T21:34:00.000Z,W컨셉,SHEER-15-WHT-F,12,1021680,31000,153252,35759,3500,0,0,ONLINE,온라인몰,Sheer Layer Top,TOP,BETA-25-6-4,1,KR,KRW,CUST-0172,대구,수성구,paid
2026-07-29T10:41:00.000Z,매장 POS,SHEER-15-WHT-F,14,1358280,31000,27166,13583,0,0,0,STORE-HANNAM,한남점,Sheer Layer Top,TOP,BETA-25-6-5,1,KR,KRW,CUST-0177,서울,성동구,paid
2026-07-29T18:17:00.000Z,자사몰,FORM-12-BLK-F,10,2599600,91000,103984,90986,3500,0,0,ONLINE,온라인몰,Relaxed Blazer,OUTER,BETA-25-7-0,1,KR,KRW,CUST-0163,경기,성남시,paid
2026-07-29T19:24:00.000Z,무신사,FORM-12-BLK-F,11,2594240,91000,311309,116741,3500,0,0,ONLINE,온라인몰,Relaxed Blazer,OUTER,BETA-25-7-1,1,KR,KRW,CUST-0168,부산,해운대구,paid
2026-07-29T20:31:00.000Z,29CM,FORM-12-BLK-F,11,2653200,91000,371448,106128,3500,19296,2,ONLINE,온라인몰,Relaxed Blazer,OUTER,BETA-25-7-2,1,KR,KRW,CUST-0173,인천,연수구,paid
2026-07-29T21:38:00.000Z,네이버,FORM-12-BLK-F,13,3274960,91000,261997,81874,3500,0,0,ONLINE,온라인몰,Relaxed Blazer,OUTER,BETA-25-7-3,1,KR,KRW,CUST-0178,대구,수성구,paid
2026-07-29T10:45:00.000Z,W컨셉,FORM-12-BLK-F,14,3226720,91000,484008,112935,3500,0,0,ONLINE,온라인몰,Relaxed Blazer,OUTER,BETA-25-7-4,1,KR,KRW,CUST-0183,서울,성동구,paid
2026-07-29T11:52:00.000Z,매장 POS,FORM-12-BLK-F,17,4464880,91000,89298,44649,0,0,0,STORE-BUSAN,부산 센텀,Relaxed Blazer,OUTER,BETA-25-7-5,1,KR,KRW,CUST-0188,서울,강남구,paid
2026-07-28T12:00:00.000Z,자사몰,ARC-07-BLK-F,5,1202800,82000,48112,42098,3500,0,0,ONLINE,온라인몰,Utility Jacket,OUTER,BETA-26-0-0,1,KR,KRW,CUST-0123,경기,성남시,paid
2026-07-28T13:07:00.000Z,무신사,ARC-07-BLK-F,5,1091200,82000,130944,49104,3500,0,0,ONLINE,온라인몰,Utility Jacket,OUTER,BETA-26-0-1,1,KR,KRW,CUST-0128,부산,해운대구,paid
2026-07-28T14:14:00.000Z,29CM,ARC-07-BLK-F,6,1339200,82000,187488,53568,3500,0,0,ONLINE,온라인몰,Utility Jacket,OUTER,BETA-26-0-2,1,KR,KRW,CUST-0133,인천,연수구,paid
2026-07-28T15:21:00.000Z,네이버,ARC-07-BLK-F,6,1398720,82000,111898,34968,3500,0,0,ONLINE,온라인몰,Utility Jacket,OUTER,BETA-26-0-3,1,KR,KRW,CUST-0138,대구,수성구,paid
2026-07-28T16:28:00.000Z,W컨셉,ARC-07-BLK-F,6,1279680,82000,191952,44789,3500,0,0,ONLINE,온라인몰,Utility Jacket,OUTER,BETA-26-0-4,1,KR,KRW,CUST-0143,서울,성동구,paid
2026-07-28T17:35:00.000Z,매장 POS,ARC-07-BLK-F,6,1458240,82000,29165,14582,0,0,0,STORE-SHANGHAI,상하이 IFC,Utility Jacket,OUTER,BETA-26-0-5,1,KR,KRW,CUST-0148,서울,강남구,paid
2026-07-28T13:11:00.000Z,자사몰,FLOW-22-BLK-F,6,919560,51000,36782,32185,3500,0,0,ONLINE,온라인몰,Drape Pants,BOTTOM,BETA-26-1-0,1,KR,KRW,CUST-0134,부산,해운대구,paid
2026-07-28T14:18:00.000Z,무신사,FLOW-22-BLK-F,6,834240,51000,100109,37541,3500,0,0,ONLINE,온라인몰,Drape Pants,BOTTOM,BETA-26-1-1,1,KR,KRW,CUST-0139,인천,연수구,paid
2026-07-28T15:25:00.000Z,29CM,FLOW-22-BLK-F,7,995400,51000,139356,39816,3500,0,0,ONLINE,온라인몰,Drape Pants,BOTTOM,BETA-26-1-2,1,KR,KRW,CUST-0144,대구,수성구,paid
2026-07-28T16:32:00.000Z,네이버,FLOW-22-BLK-F,7,1039640,51000,83171,25991,3500,0,0,ONLINE,온라인몰,Drape Pants,BOTTOM,BETA-26-1-3,1,KR,KRW,CUST-0149,서울,성동구,paid
2026-07-28T17:39:00.000Z,W컨셉,FLOW-22-BLK-F,7,951160,51000,142674,33291,3500,0,0,ONLINE,온라인몰,Drape Pants,BOTTOM,BETA-26-1-4,1,KR,KRW,CUST-0154,서울,강남구,paid
2026-07-28T18:46:00.000Z,매장 POS,FLOW-22-BLK-F,7,1083880,51000,21678,10839,0,0,0,DC-ONLINE,온라인 DC,Drape Pants,BOTTOM,BETA-26-1-5,1,KR,KRW,CUST-0159,경기,성남시,paid
2026-07-28T14:22:00.000Z,자사몰,EASE-19-IVY-F,7,604310,27000,24172,21151,3500,0,0,ONLINE,온라인몰,Layer Top,TOP,BETA-26-2-0,1,KR,KRW,CUST-0145,인천,연수구,paid
2026-07-28T15:29:00.000Z,무신사,EASE-19-IVY-F,7,548240,27000,65789,24671,3500,0,0,ONLINE,온라인몰,Layer Top,TOP,BETA-26-2-1,1,KR,KRW,CUST-0150,대구,수성구,paid
2026-07-28T16:36:00.000Z,29CM,EASE-19-IVY-F,7,560700,27000,78498,22428,3500,0,0,ONLINE,온라인몰,Layer Top,TOP,BETA-26-2-2,1,KR,KRW,CUST-0155,서울,성동구,paid
2026-07-28T17:43:00.000Z,네이버,EASE-19-IVY-F,7,585620,27000,46850,14641,3500,0,0,ONLINE,온라인몰,Layer Top,TOP,BETA-26-2-3,1,KR,KRW,CUST-0160,서울,강남구,paid
2026-07-28T18:50:00.000Z,W컨셉,EASE-19-IVY-F,7,535780,27000,80367,18752,3500,0,0,ONLINE,온라인몰,Layer Top,TOP,BETA-26-2-4,1,KR,KRW,CUST-0165,경기,성남시,paid
2026-07-28T19:57:00.000Z,매장 POS,EASE-19-IVY-F,8,697760,27000,13955,6978,0,0,0,ONLINE,온라인몰,Layer Top,TOP,BETA-26-2-5,1,KR,KRW,CUST-0170,부산,해운대구,paid
2026-07-28T15:33:00.000Z,자사몰,CORE-08-GRY-F,8,923440,39000,36938,32320,3500,0,0,ONLINE,온라인몰,Core Knit,TOP,BETA-26-3-0,1,KR,KRW,CUST-0156,대구,수성구,paid
2026-07-28T16:40:00.000Z,무신사,CORE-08-GRY-F,8,837760,39000,100531,37699,3500,0,0,ONLINE,온라인몰,Core Knit,TOP,BETA-26-3-1,1,KR,KRW,CUST-0161,서울,성동구,paid
2026-07-28T17:47:00.000Z,29CM,CORE-08-GRY-F,8,856800,39000,119952,34272,3500,0,0,ONLINE,온라인몰,Core Knit,TOP,BETA-26-3-2,1,KR,KRW,CUST-0166,서울,강남구,paid
2026-07-28T18:54:00.000Z,네이버,CORE-08-GRY-F,8,894880,39000,71590,22372,3500,0,0,ONLINE,온라인몰,Core Knit,TOP,BETA-26-3-3,1,KR,KRW,CUST-0171,경기,성남시,paid
2026-07-28T19:01:00.000Z,W컨셉,CORE-08-GRY-F,8,818720,39000,122808,28655,3500,0,0,ONLINE,온라인몰,Core Knit,TOP,BETA-26-3-4,1,KR,KRW,CUST-0176,부산,해운대구,paid
2026-07-28T20:08:00.000Z,매장 POS,CORE-08-GRY-F,9,1049580,39000,20992,10496,0,9330,2,STORE-SEONGSU,성수 플래그십,Core Knit,TOP,BETA-26-3-5,1,KR,KRW,CUST-0181,인천,연수구,paid
2026-07-28T16:44:00.000Z,자사몰,AIR-24-NVY-F,8,1536480,65000,61459,53777,3500,0,0,ONLINE,온라인몰,Volume Dress,DRESS,BETA-26-4-0,1,KR,KRW,CUST-0167,서울,성동구,paid
2026-07-28T17:51:00.000Z,무신사,AIR-24-NVY-F,8,1393920,65000,167270,62726,3500,0,0,ONLINE,온라인몰,Volume Dress,DRESS,BETA-26-4-1,1,KR,KRW,CUST-0172,서울,강남구,paid
2026-07-28T18:58:00.000Z,29CM,AIR-24-NVY-F,8,1425600,65000,199584,57024,3500,0,0,ONLINE,온라인몰,Volume Dress,DRESS,BETA-26-4-2,1,KR,KRW,CUST-0177,경기,성남시,paid
2026-07-28T19:05:00.000Z,네이버,AIR-24-NVY-F,9,1675080,65000,134006,41877,3500,0,0,ONLINE,온라인몰,Volume Dress,DRESS,BETA-26-4-3,1,KR,KRW,CUST-0182,부산,해운대구,paid
2026-07-28T20:12:00.000Z,W컨셉,AIR-24-NVY-F,9,1532520,65000,229878,53638,3500,13622,2,ONLINE,온라인몰,Volume Dress,DRESS,BETA-26-4-4,1,KR,KRW,CUST-0187,인천,연수구,paid
2026-07-28T21:19:00.000Z,매장 POS,AIR-24-NVY-F,11,2134440,65000,42689,21344,0,0,0,STORE-GANGNAM,강남점,Volume Dress,DRESS,BETA-26-4-5,1,KR,KRW,CUST-0192,대구,수성구,paid
2026-07-28T17:55:00.000Z,자사몰,FRAME-31-DNM-F,9,1990440,78000,79618,69665,3500,0,0,ONLINE,온라인몰,Denim Dress,DRESS,BETA-26-5-0,1,KR,KRW,CUST-0178,서울,강남구,paid
2026-07-28T18:02:00.000Z,무신사,FRAME-31-DNM-F,9,1805760,78000,216691,81259,3500,0,0,ONLINE,온라인몰,Denim Dress,DRESS,BETA-26-5-1,1,KR,KRW,CUST-0183,경기,성남시,paid
2026-07-28T19:09:00.000Z,29CM,FRAME-31-DNM-F,9,1846800,78000,258552,73872,3500,0,0,ONLINE,온라인몰,Denim Dress,DRESS,BETA-26-5-2,1,KR,KRW,CUST-0188,부산,해운대구,paid
2026-07-28T20:16:00.000Z,네이버,FRAME-31-DNM-F,10,2143200,78000,171456,53580,3500,17146,2,ONLINE,온라인몰,Denim Dress,DRESS,BETA-26-5-3,1,KR,KRW,CUST-0193,인천,연수구,paid
2026-07-28T21:23:00.000Z,W컨셉,FRAME-31-DNM-F,11,2156880,78000,323532,75491,3500,0,0,ONLINE,온라인몰,Denim Dress,DRESS,BETA-26-5-4,1,KR,KRW,CUST-0198,대구,수성구,paid
2026-07-28T10:30:00.000Z,매장 POS,FRAME-31-DNM-F,13,2904720,78000,58094,29047,0,0,0,STORE-HANNAM,한남점,Denim Dress,DRESS,BETA-26-5-5,1,KR,KRW,CUST-0203,서울,성동구,paid
2026-07-28T18:06:00.000Z,자사몰,SHEER-15-WHT-F,9,864270,31000,34571,30249,3500,0,0,ONLINE,온라인몰,Sheer Layer Top,TOP,BETA-26-6-0,1,KR,KRW,CUST-0189,경기,성남시,paid
2026-07-28T19:13:00.000Z,무신사,SHEER-15-WHT-F,10,871200,31000,104544,39204,3500,0,0,ONLINE,온라인몰,Sheer Layer Top,TOP,BETA-26-6-1,1,KR,KRW,CUST-0194,부산,해운대구,paid
2026-07-28T20:20:00.000Z,29CM,SHEER-15-WHT-F,10,891000,31000,124740,35640,3500,7128,2,ONLINE,온라인몰,Sheer Layer Top,TOP,BETA-26-6-2,1,KR,KRW,CUST-0199,인천,연수구,paid
2026-07-28T21:27:00.000Z,네이버,SHEER-15-WHT-F,12,1116720,31000,89338,27918,3500,0,0,ONLINE,온라인몰,Sheer Layer Top,TOP,BETA-26-6-3,1,KR,KRW,CUST-0204,대구,수성구,paid
2026-07-28T10:34:00.000Z,W컨셉,SHEER-15-WHT-F,13,1106820,31000,166023,38739,3500,0,0,ONLINE,온라인몰,Sheer Layer Top,TOP,BETA-26-6-4,1,KR,KRW,CUST-0209,서울,성동구,paid
2026-07-28T11:41:00.000Z,매장 POS,SHEER-15-WHT-F,15,1455300,31000,29106,14553,0,0,0,STORE-BUSAN,부산 센텀,Sheer Layer Top,TOP,BETA-26-6-5,1,KR,KRW,CUST-0214,서울,강남구,paid
2026-07-28T19:17:00.000Z,자사몰,FORM-12-BLK-F,10,2599600,91000,103984,90986,3500,0,0,ONLINE,온라인몰,Relaxed Blazer,OUTER,BETA-26-7-0,1,KR,KRW,CUST-0200,부산,해운대구,paid
2026-07-28T20:24:00.000Z,무신사,FORM-12-BLK-F,11,2594240,91000,311309,116741,3500,18867,2,ONLINE,온라인몰,Relaxed Blazer,OUTER,BETA-26-7-1,1,KR,KRW,CUST-0205,인천,연수구,paid
2026-07-28T21:31:00.000Z,29CM,FORM-12-BLK-F,12,2894400,91000,405216,115776,3500,0,0,ONLINE,온라인몰,Relaxed Blazer,OUTER,BETA-26-7-2,1,KR,KRW,CUST-0210,대구,수성구,paid
2026-07-28T10:38:00.000Z,네이버,FORM-12-BLK-F,14,3526880,91000,282150,88172,3500,0,0,ONLINE,온라인몰,Relaxed Blazer,OUTER,BETA-26-7-3,1,KR,KRW,CUST-0215,서울,성동구,paid
2026-07-28T11:45:00.000Z,W컨셉,FORM-12-BLK-F,16,3687680,91000,553152,129069,3500,0,0,ONLINE,온라인몰,Relaxed Blazer,OUTER,BETA-26-7-4,1,KR,KRW,CUST-0220,서울,강남구,paid
2026-07-28T12:52:00.000Z,매장 POS,FORM-12-BLK-F,18,4727520,91000,94550,47275,0,0,0,STORE-SHANGHAI,상하이 IFC,Relaxed Blazer,OUTER,BETA-26-7-5,1,KR,KRW,CUST-0225,경기,성남시,paid
2026-07-27T13:00:00.000Z,자사몰,ARC-07-BLK-F,4,962240,82000,38490,33678,3500,0,0,ONLINE,온라인몰,Utility Jacket,OUTER,BETA-27-0-0,1,KR,KRW,CUST-0160,부산,해운대구,paid
2026-07-27T14:07:00.000Z,무신사,ARC-07-BLK-F,5,1091200,82000,130944,49104,3500,0,0,ONLINE,온라인몰,Utility Jacket,OUTER,BETA-27-0-1,1,KR,KRW,CUST-0165,인천,연수구,paid
2026-07-27T15:14:00.000Z,29CM,ARC-07-BLK-F,5,1116000,82000,156240,44640,3500,0,0,ONLINE,온라인몰,Utility Jacket,OUTER,BETA-27-0-2,1,KR,KRW,CUST-0170,대구,수성구,paid
2026-07-27T16:21:00.000Z,네이버,ARC-07-BLK-F,5,1165600,82000,93248,29140,3500,0,0,ONLINE,온라인몰,Utility Jacket,OUTER,BETA-27-0-3,1,KR,KRW,CUST-0175,서울,성동구,paid
2026-07-27T17:28:00.000Z,W컨셉,ARC-07-BLK-F,6,1279680,82000,191952,44789,3500,0,0,ONLINE,온라인몰,Utility Jacket,OUTER,BETA-27-0-4,1,KR,KRW,CUST-0180,서울,강남구,paid
2026-07-27T18:35:00.000Z,매장 POS,ARC-07-BLK-F,6,1458240,82000,29165,14582,0,0,0,DC-ONLINE,온라인 DC,Utility Jacket,OUTER,BETA-27-0-5,1,KR,KRW,CUST-0185,경기,성남시,paid
2026-07-27T14:11:00.000Z,자사몰,FLOW-22-BLK-F,6,919560,51000,36782,32185,3500,0,0,ONLINE,온라인몰,Drape Pants,BOTTOM,BETA-27-1-0,1,KR,KRW,CUST-0171,인천,연수구,paid
2026-07-27T15:18:00.000Z,무신사,FLOW-22-BLK-F,6,834240,51000,100109,37541,3500,0,0,ONLINE,온라인몰,Drape Pants,BOTTOM,BETA-27-1-1,1,KR,KRW,CUST-0176,대구,수성구,paid
2026-07-27T16:25:00.000Z,29CM,FLOW-22-BLK-F,6,853200,51000,119448,34128,3500,0,0,ONLINE,온라인몰,Drape Pants,BOTTOM,BETA-27-1-2,1,KR,KRW,CUST-0181,서울,성동구,paid
2026-07-27T17:32:00.000Z,네이버,FLOW-22-BLK-F,6,891120,51000,71290,22278,3500,0,0,ONLINE,온라인몰,Drape Pants,BOTTOM,BETA-27-1-3,1,KR,KRW,CUST-0186,서울,강남구,paid
2026-07-27T18:39:00.000Z,W컨셉,FLOW-22-BLK-F,6,815280,51000,122292,28535,3500,0,0,ONLINE,온라인몰,Drape Pants,BOTTOM,BETA-27-1-4,1,KR,KRW,CUST-0191,경기,성남시,paid
2026-07-27T19:46:00.000Z,매장 POS,FLOW-22-BLK-F,7,1083880,51000,21678,10839,0,0,0,ONLINE,온라인몰,Drape Pants,BOTTOM,BETA-27-1-5,1,KR,KRW,CUST-0196,부산,해운대구,paid
2026-07-27T15:22:00.000Z,자사몰,EASE-19-IVY-F,6,517980,27000,20719,18129,3500,0,0,ONLINE,온라인몰,Layer Top,TOP,BETA-27-2-0,1,KR,KRW,CUST-0182,대구,수성구,paid
2026-07-27T16:29:00.000Z,무신사,EASE-19-IVY-F,6,469920,27000,56390,21146,3500,0,0,ONLINE,온라인몰,Layer Top,TOP,BETA-27-2-1,1,KR,KRW,CUST-0187,서울,성동구,paid
2026-07-27T17:36:00.000Z,29CM,EASE-19-IVY-F,7,560700,27000,78498,22428,3500,0,0,ONLINE,온라인몰,Layer Top,TOP,BETA-27-2-2,1,KR,KRW,CUST-0192,서울,강남구,paid
2026-07-27T18:43:00.000Z,네이버,EASE-19-IVY-F,7,585620,27000,46850,14641,3500,0,0,ONLINE,온라인몰,Layer Top,TOP,BETA-27-2-3,1,KR,KRW,CUST-0197,경기,성남시,paid
2026-07-27T19:50:00.000Z,W컨셉,EASE-19-IVY-F,7,535780,27000,80367,18752,3500,0,0,ONLINE,온라인몰,Layer Top,TOP,BETA-27-2-4,1,KR,KRW,CUST-0202,부산,해운대구,paid
2026-07-27T20:57:00.000Z,매장 POS,EASE-19-IVY-F,8,697760,27000,13955,6978,0,6978,2,STORE-SEONGSU,성수 플래그십,Layer Top,TOP,BETA-27-2-5,1,KR,KRW,CUST-0207,인천,연수구,paid
2026-07-27T16:33:00.000Z,자사몰,CORE-08-GRY-F,7,808010,39000,32320,28280,3500,0,0,ONLINE,온라인몰,Core Knit,TOP,BETA-27-3-0,1,KR,KRW,CUST-0193,서울,성동구,paid
2026-07-27T17:40:00.000Z,무신사,CORE-08-GRY-F,7,733040,39000,87965,32987,3500,0,0,ONLINE,온라인몰,Core Knit,TOP,BETA-27-3-1,1,KR,KRW,CUST-0198,서울,강남구,paid
2026-07-27T18:47:00.000Z,29CM,CORE-08-GRY-F,7,749700,39000,104958,29988,3500,0,0,ONLINE,온라인몰,Core Knit,TOP,BETA-27-3-2,1,KR,KRW,CUST-0203,경기,성남시,paid
2026-07-27T19:54:00.000Z,네이버,CORE-08-GRY-F,8,894880,39000,71590,22372,3500,0,0,ONLINE,온라인몰,Core Knit,TOP,BETA-27-3-3,1,KR,KRW,CUST-0208,부산,해운대구,paid
2026-07-27T20:01:00.000Z,W컨셉,CORE-08-GRY-F,8,818720,39000,122808,28655,3500,8187,2,ONLINE,온라인몰,Core Knit,TOP,BETA-27-3-4,1,KR,KRW,CUST-0213,인천,연수구,paid
2026-07-27T21:08:00.000Z,매장 POS,CORE-08-GRY-F,10,1166200,39000,23324,11662,0,0,0,STORE-GANGNAM,강남점,Core Knit,TOP,BETA-27-3-5,1,KR,KRW,CUST-0218,대구,수성구,paid
2026-07-27T17:44:00.000Z,자사몰,AIR-24-NVY-F,7,1344420,65000,53777,47055,3500,0,0,ONLINE,온라인몰,Volume Dress,DRESS,BETA-27-4-0,1,KR,KRW,CUST-0204,서울,강남구,paid
2026-07-27T18:51:00.000Z,무신사,AIR-24-NVY-F,8,1393920,65000,167270,62726,3500,0,0,ONLINE,온라인몰,Volume Dress,DRESS,BETA-27-4-1,1,KR,KRW,CUST-0209,경기,성남시,paid
2026-07-27T19:58:00.000Z,29CM,AIR-24-NVY-F,8,1425600,65000,199584,57024,3500,0,0,ONLINE,온라인몰,Volume Dress,DRESS,BETA-27-4-2,1,KR,KRW,CUST-0214,부산,해운대구,paid
2026-07-27T20:05:00.000Z,네이버,AIR-24-NVY-F,9,1675080,65000,134006,41877,3500,14890,2,ONLINE,온라인몰,Volume Dress,DRESS,BETA-27-4-3,1,KR,KRW,CUST-0219,인천,연수구,paid
2026-07-27T21:12:00.000Z,W컨셉,AIR-24-NVY-F,10,1702800,65000,255420,59598,3500,0,0,ONLINE,온라인몰,Volume Dress,DRESS,BETA-27-4-4,1,KR,KRW,CUST-0224,대구,수성구,paid
2026-07-27T10:19:00.000Z,매장 POS,AIR-24-NVY-F,12,2328480,65000,46570,23285,0,0,0,STORE-HANNAM,한남점,Volume Dress,DRESS,BETA-27-4-5,1,KR,KRW,CUST-0229,서울,성동구,paid
2026-07-27T18:55:00.000Z,자사몰,FRAME-31-DNM-F,8,1769280,78000,70771,61925,3500,0,0,ONLINE,온라인몰,Denim Dress,DRESS,BETA-27-5-0,1,KR,KRW,CUST-0215,경기,성남시,paid
2026-07-27T19:02:00.000Z,무신사,FRAME-31-DNM-F,8,1605120,78000,192614,72230,3500,0,0,ONLINE,온라인몰,Denim Dress,DRESS,BETA-27-5-1,1,KR,KRW,CUST-0220,부산,해운대구,paid
2026-07-27T20:09:00.000Z,29CM,FRAME-31-DNM-F,9,1846800,78000,258552,73872,3500,16416,2,ONLINE,온라인몰,Denim Dress,DRESS,BETA-27-5-2,1,KR,KRW,CUST-0225,인천,연수구,paid
2026-07-27T21:16:00.000Z,네이버,FRAME-31-DNM-F,10,2143200,78000,171456,53580,3500,0,0,ONLINE,온라인몰,Denim Dress,DRESS,BETA-27-5-3,1,KR,KRW,CUST-0230,대구,수성구,paid
2026-07-27T10:23:00.000Z,W컨셉,FRAME-31-DNM-F,12,2352960,78000,352944,82354,3500,0,0,ONLINE,온라인몰,Denim Dress,DRESS,BETA-27-5-4,1,KR,KRW,CUST-0235,서울,성동구,paid
2026-07-27T11:30:00.000Z,매장 POS,FRAME-31-DNM-F,14,3128160,78000,62563,31282,0,0,0,STORE-BUSAN,부산 센텀,Denim Dress,DRESS,BETA-27-5-5,1,KR,KRW,CUST-0240,서울,강남구,paid
2026-07-27T19:06:00.000Z,자사몰,SHEER-15-WHT-F,9,864270,31000,34571,30249,3500,0,0,ONLINE,온라인몰,Sheer Layer Top,TOP,BETA-27-6-0,1,KR,KRW,CUST-0226,부산,해운대구,paid
2026-07-27T20:13:00.000Z,무신사,SHEER-15-WHT-F,10,871200,31000,104544,39204,3500,6970,2,ONLINE,온라인몰,Sheer Layer Top,TOP,BETA-27-6-1,1,KR,KRW,CUST-0231,인천,연수구,paid
2026-07-27T21:20:00.000Z,29CM,SHEER-15-WHT-F,11,0,31000,0,0,3500,0,0,ONLINE,온라인몰,Sheer Layer Top,TOP,BETA-27-6-2,1,KR,KRW,CUST-0236,대구,수성구,cancelled
2026-07-27T10:27:00.000Z,네이버,SHEER-15-WHT-F,13,1209780,31000,96782,30245,3500,0,0,ONLINE,온라인몰,Sheer Layer Top,TOP,BETA-27-6-3,1,KR,KRW,CUST-0241,서울,성동구,paid
2026-07-27T11:34:00.000Z,W컨셉,SHEER-15-WHT-F,15,1277100,31000,191565,44699,3500,0,0,ONLINE,온라인몰,Sheer Layer Top,TOP,BETA-27-6-4,1,KR,KRW,CUST-0246,서울,강남구,paid
2026-07-27T12:41:00.000Z,매장 POS,SHEER-15-WHT-F,17,1649340,31000,32987,16493,0,0,0,STORE-SHANGHAI,상하이 IFC,Sheer Layer Top,TOP,BETA-27-6-5,1,KR,KRW,CUST-0251,경기,성남시,paid
2026-07-27T20:17:00.000Z,자사몰,FORM-12-BLK-F,10,2599600,91000,103984,90986,3500,20797,2,ONLINE,온라인몰,Relaxed Blazer,OUTER,BETA-27-7-0,1,KR,KRW,CUST-0237,인천,연수구,paid
2026-07-27T21:24:00.000Z,무신사,FORM-12-BLK-F,11,2594240,91000,311309,116741,3500,0,0,ONLINE,온라인몰,Relaxed Blazer,OUTER,BETA-27-7-1,1,KR,KRW,CUST-0242,대구,수성구,paid
2026-07-27T10:31:00.000Z,29CM,FORM-12-BLK-F,13,3135600,91000,438984,125424,3500,0,0,ONLINE,온라인몰,Relaxed Blazer,OUTER,BETA-27-7-2,1,KR,KRW,CUST-0247,서울,성동구,paid
2026-07-27T11:38:00.000Z,네이버,FORM-12-BLK-F,15,3778800,91000,302304,94470,3500,0,0,ONLINE,온라인몰,Relaxed Blazer,OUTER,BETA-27-7-3,1,KR,KRW,CUST-0252,서울,강남구,paid
2026-07-27T12:45:00.000Z,W컨셉,FORM-12-BLK-F,17,3918160,91000,587724,137136,3500,0,0,ONLINE,온라인몰,Relaxed Blazer,OUTER,BETA-27-7-4,1,KR,KRW,CUST-0257,경기,성남시,paid
2026-07-27T13:52:00.000Z,매장 POS,FORM-12-BLK-F,20,5252800,91000,105056,52528,0,0,0,DC-ONLINE,온라인 DC,Relaxed Blazer,OUTER,BETA-27-7-5,1,KR,KRW,CUST-0262,부산,해운대구,paid
2026-07-26T14:00:00.000Z,자사몰,ARC-07-BLK-F,4,962240,82000,38490,33678,3500,0,0,ONLINE,온라인몰,Utility Jacket,OUTER,BETA-28-0-0,1,KR,KRW,CUST-0197,인천,연수구,paid
2026-07-26T15:07:00.000Z,무신사,ARC-07-BLK-F,4,872960,82000,104755,39283,3500,0,0,ONLINE,온라인몰,Utility Jacket,OUTER,BETA-28-0-1,1,KR,KRW,CUST-0202,대구,수성구,paid
2026-07-26T16:14:00.000Z,29CM,ARC-07-BLK-F,5,1116000,82000,156240,44640,3500,0,0,ONLINE,온라인몰,Utility Jacket,OUTER,BETA-28-0-2,1,KR,KRW,CUST-0207,서울,성동구,paid
2026-07-26T17:21:00.000Z,네이버,ARC-07-BLK-F,5,1165600,82000,93248,29140,3500,0,0,ONLINE,온라인몰,Utility Jacket,OUTER,BETA-28-0-3,1,KR,KRW,CUST-0212,서울,강남구,paid
2026-07-26T18:28:00.000Z,W컨셉,ARC-07-BLK-F,5,1066400,82000,159960,37324,3500,0,0,ONLINE,온라인몰,Utility Jacket,OUTER,BETA-28-0-4,1,KR,KRW,CUST-0217,경기,성남시,paid
2026-07-26T19:35:00.000Z,매장 POS,ARC-07-BLK-F,6,1458240,82000,29165,14582,0,0,0,ONLINE,온라인몰,Utility Jacket,OUTER,BETA-28-0-5,1,KR,KRW,CUST-0222,부산,해운대구,paid
2026-07-26T15:11:00.000Z,자사몰,FLOW-22-BLK-F,5,766300,51000,30652,26821,3500,0,0,ONLINE,온라인몰,Drape Pants,BOTTOM,BETA-28-1-0,1,KR,KRW,CUST-0208,대구,수성구,paid
2026-07-26T16:18:00.000Z,무신사,FLOW-22-BLK-F,5,695200,51000,83424,31284,3500,0,0,ONLINE,온라인몰,Drape Pants,BOTTOM,BETA-28-1-1,1,KR,KRW,CUST-0213,서울,성동구,paid
2026-07-26T17:25:00.000Z,29CM,FLOW-22-BLK-F,5,711000,51000,99540,28440,3500,0,0,ONLINE,온라인몰,Drape Pants,BOTTOM,BETA-28-1-2,1,KR,KRW,CUST-0218,서울,강남구,paid
2026-07-26T18:32:00.000Z,네이버,FLOW-22-BLK-F,6,891120,51000,71290,22278,3500,0,0,ONLINE,온라인몰,Drape Pants,BOTTOM,BETA-28-1-3,1,KR,KRW,CUST-0223,경기,성남시,paid
2026-07-26T19:39:00.000Z,W컨셉,FLOW-22-BLK-F,6,815280,51000,122292,28535,3500,0,0,ONLINE,온라인몰,Drape Pants,BOTTOM,BETA-28-1-4,1,KR,KRW,CUST-0228,부산,해운대구,paid
2026-07-26T20:46:00.000Z,매장 POS,FLOW-22-BLK-F,7,1083880,51000,21678,10839,0,6194,1,STORE-SEONGSU,성수 플래그십,Drape Pants,BOTTOM,BETA-28-1-5,1,KR,KRW,CUST-0233,인천,연수구,paid
2026-07-26T16:22:00.000Z,자사몰,EASE-19-IVY-F,6,517980,27000,20719,18129,3500,0,0,ONLINE,온라인몰,Layer Top,TOP,BETA-28-2-0,1,KR,KRW,CUST-0219,서울,성동구,paid
2026-07-26T17:29:00.000Z,무신사,EASE-19-IVY-F,6,469920,27000,56390,21146,3500,0,0,ONLINE,온라인몰,Layer Top,TOP,BETA-28-2-1,1,KR,KRW,CUST-0224,서울,강남구,paid
2026-07-26T18:36:00.000Z,29CM,EASE-19-IVY-F,6,480600,27000,67284,19224,3500,0,0,ONLINE,온라인몰,Layer Top,TOP,BETA-28-2-2,1,KR,KRW,CUST-0229,경기,성남시,paid
2026-07-26T19:43:00.000Z,네이버,EASE-19-IVY-F,7,585620,27000,46850,14641,3500,0,0,ONLINE,온라인몰,Layer Top,TOP,BETA-28-2-3,1,KR,KRW,CUST-0234,부산,해운대구,paid
2026-07-26T20:50:00.000Z,W컨셉,EASE-19-IVY-F,7,535780,27000,80367,18752,3500,3062,1,ONLINE,온라인몰,Layer Top,TOP,BETA-28-2-4,1,KR,KRW,CUST-0239,인천,연수구,paid
2026-07-26T21:57:00.000Z,매장 POS,EASE-19-IVY-F,8,697760,27000,13955,6978,0,0,0,STORE-GANGNAM,강남점,Layer Top,TOP,BETA-28-2-5,1,KR,KRW,CUST-0244,대구,수성구,paid
2026-07-26T17:33:00.000Z,자사몰,CORE-08-GRY-F,6,692580,39000,27703,24240,3500,0,0,ONLINE,온라인몰,Core Knit,TOP,BETA-28-3-0,1,KR,KRW,CUST-0230,서울,강남구,paid
2026-07-26T18:40:00.000Z,무신사,CORE-08-GRY-F,7,733040,39000,87965,32987,3500,0,0,ONLINE,온라인몰,Core Knit,TOP,BETA-28-3-1,1,KR,KRW,CUST-0235,경기,성남시,paid
2026-07-26T19:47:00.000Z,29CM,CORE-08-GRY-F,7,749700,39000,104958,29988,3500,0,0,ONLINE,온라인몰,Core Knit,TOP,BETA-28-3-2,1,KR,KRW,CUST-0240,부산,해운대구,paid
2026-07-26T20:54:00.000Z,네이버,CORE-08-GRY-F,8,894880,39000,71590,22372,3500,8949,2,ONLINE,온라인몰,Core Knit,TOP,BETA-28-3-3,1,KR,KRW,CUST-0245,인천,연수구,paid
2026-07-26T21:01:00.000Z,W컨셉,CORE-08-GRY-F,9,921060,39000,138159,32237,3500,0,0,ONLINE,온라인몰,Core Knit,TOP,BETA-28-3-4,1,KR,KRW,CUST-0250,대구,수성구,paid
2026-07-26T10:08:00.000Z,매장 POS,CORE-08-GRY-F,10,1166200,39000,23324,11662,0,0,0,STORE-HANNAM,한남점,Core Knit,TOP,BETA-28-3-5,1,KR,KRW,CUST-0255,서울,성동구,paid
2026-07-26T18:44:00.000Z,자사몰,AIR-24-NVY-F,7,1344420,65000,53777,47055,3500,0,0,ONLINE,온라인몰,Volume Dress,DRESS,BETA-28-4-0,1,KR,KRW,CUST-0241,경기,성남시,paid
2026-07-26T19:51:00.000Z,무신사,AIR-24-NVY-F,7,1219680,65000,146362,54886,3500,0,0,ONLINE,온라인몰,Volume Dress,DRESS,BETA-28-4-1,1,KR,KRW,CUST-0246,부산,해운대구,paid
2026-07-26T20:58:00.000Z,29CM,AIR-24-NVY-F,8,1425600,65000,199584,57024,3500,14256,2,ONLINE,온라인몰,Volume Dress,DRESS,BETA-28-4-2,1,KR,KRW,CUST-0251,인천,연수구,paid
2026-07-26T21:05:00.000Z,네이버,AIR-24-NVY-F,9,0,65000,0,0,3500,0,0,ONLINE,온라인몰,Volume Dress,DRESS,BETA-28-4-3,1,KR,KRW,CUST-0256,대구,수성구,cancelled
2026-07-26T10:12:00.000Z,W컨셉,AIR-24-NVY-F,11,1873080,65000,280962,65558,3500,0,0,ONLINE,온라인몰,Volume Dress,DRESS,BETA-28-4-4,1,KR,KRW,CUST-0261,서울,성동구,paid
2026-07-26T11:19:00.000Z,매장 POS,AIR-24-NVY-F,13,2522520,65000,50450,25225,0,0,0,STORE-BUSAN,부산 센텀,Volume Dress,DRESS,BETA-28-4-5,1,KR,KRW,CUST-0266,서울,강남구,paid
2026-07-26T19:55:00.000Z,자사몰,FRAME-31-DNM-F,8,1769280,78000,70771,61925,3500,0,0,ONLINE,온라인몰,Denim Dress,DRESS,BETA-28-5-0,1,KR,KRW,CUST-0252,부산,해운대구,paid
2026-07-26T20:02:00.000Z,무신사,FRAME-31-DNM-F,9,1805760,78000,216691,81259,3500,16051,2,ONLINE,온라인몰,Denim Dress,DRESS,BETA-28-5-1,1,KR,KRW,CUST-0257,인천,연수구,paid
2026-07-26T21:09:00.000Z,29CM,FRAME-31-DNM-F,10,2052000,78000,287280,82080,3500,0,0,ONLINE,온라인몰,Denim Dress,DRESS,BETA-28-5-2,1,KR,KRW,CUST-0262,대구,수성구,paid
2026-07-26T10:16:00.000Z,네이버,FRAME-31-DNM-F,11,2357520,78000,188602,58938,3500,0,0,ONLINE,온라인몰,Denim Dress,DRESS,BETA-28-5-3,1,KR,KRW,CUST-0267,서울,성동구,paid
2026-07-26T11:23:00.000Z,W컨셉,FRAME-31-DNM-F,13,2549040,78000,382356,89216,3500,0,0,ONLINE,온라인몰,Denim Dress,DRESS,BETA-28-5-4,1,KR,KRW,CUST-0272,서울,강남구,paid
2026-07-26T12:30:00.000Z,매장 POS,FRAME-31-DNM-F,15,3351600,78000,67032,33516,0,0,0,STORE-SHANGHAI,상하이 IFC,Denim Dress,DRESS,BETA-28-5-5,1,KR,KRW,CUST-0277,경기,성남시,paid
2026-07-26T20:06:00.000Z,자사몰,SHEER-15-WHT-F,9,864270,31000,34571,30249,3500,7682,2,ONLINE,온라인몰,Sheer Layer Top,TOP,BETA-28-6-0,1,KR,KRW,CUST-0263,인천,연수구,paid
2026-07-26T21:13:00.000Z,무신사,SHEER-15-WHT-F,10,871200,31000,104544,39204,3500,0,0,ONLINE,온라인몰,Sheer Layer Top,TOP,BETA-28-6-1,1,KR,KRW,CUST-0268,대구,수성구,paid
2026-07-26T10:20:00.000Z,29CM,SHEER-15-WHT-F,12,1069200,31000,149688,42768,3500,0,0,ONLINE,온라인몰,Sheer Layer Top,TOP,BETA-28-6-2,1,KR,KRW,CUST-0273,서울,성동구,paid
2026-07-26T11:27:00.000Z,네이버,SHEER-15-WHT-F,14,1302840,31000,104227,32571,3500,0,0,ONLINE,온라인몰,Sheer Layer Top,TOP,BETA-28-6-3,1,KR,KRW,CUST-0278,서울,강남구,paid
2026-07-26T12:34:00.000Z,W컨셉,SHEER-15-WHT-F,16,1362240,31000,204336,47678,3500,0,0,ONLINE,온라인몰,Sheer Layer Top,TOP,BETA-28-6-4,1,KR,KRW,CUST-0283,경기,성남시,paid
2026-07-26T13:41:00.000Z,매장 POS,SHEER-15-WHT-F,18,1746360,31000,34927,17464,0,0,0,DC-ONLINE,온라인 DC,Sheer Layer Top,TOP,BETA-28-6-5,1,KR,KRW,CUST-0288,부산,해운대구,paid
2026-07-26T21:17:00.000Z,자사몰,FORM-12-BLK-F,11,2859560,91000,114382,100085,3500,0,0,ONLINE,온라인몰,Relaxed Blazer,OUTER,BETA-28-7-0,1,KR,KRW,CUST-0274,대구,수성구,paid
2026-07-26T10:24:00.000Z,무신사,FORM-12-BLK-F,12,2830080,91000,339610,127354,3500,0,0,ONLINE,온라인몰,Relaxed Blazer,OUTER,BETA-28-7-1,1,KR,KRW,CUST-0279,서울,성동구,paid
2026-07-26T11:31:00.000Z,29CM,FORM-12-BLK-F,14,3376800,91000,472752,135072,3500,0,0,ONLINE,온라인몰,Relaxed Blazer,OUTER,BETA-28-7-2,1,KR,KRW,CUST-0284,서울,강남구,paid
2026-07-26T12:38:00.000Z,네이버,FORM-12-BLK-F,17,4282640,91000,342611,107066,3500,0,0,ONLINE,온라인몰,Relaxed Blazer,OUTER,BETA-28-7-3,1,KR,KRW,CUST-0289,경기,성남시,paid
2026-07-26T13:45:00.000Z,W컨셉,FORM-12-BLK-F,19,4379120,91000,656868,153269,3500,0,0,ONLINE,온라인몰,Relaxed Blazer,OUTER,BETA-28-7-4,1,KR,KRW,CUST-0294,부산,해운대구,paid
2026-07-26T14:52:00.000Z,매장 POS,FORM-12-BLK-F,21,5515440,91000,110309,55154,0,0,0,ONLINE,온라인몰,Relaxed Blazer,OUTER,BETA-28-7-5,1,KR,KRW,CUST-0299,인천,연수구,paid
2026-07-25T15:00:00.000Z,자사몰,ARC-07-BLK-F,4,962240,82000,38490,33678,3500,0,0,ONLINE,온라인몰,Utility Jacket,OUTER,BETA-29-0-0,1,KR,KRW,CUST-0234,대구,수성구,paid
2026-07-25T16:07:00.000Z,무신사,ARC-07-BLK-F,4,872960,82000,104755,39283,3500,0,0,ONLINE,온라인몰,Utility Jacket,OUTER,BETA-29-0-1,1,KR,KRW,CUST-0239,서울,성동구,paid
2026-07-25T17:14:00.000Z,29CM,ARC-07-BLK-F,4,892800,82000,124992,35712,3500,0,0,ONLINE,온라인몰,Utility Jacket,OUTER,BETA-29-0-2,1,KR,KRW,CUST-0244,서울,강남구,paid
2026-07-25T18:21:00.000Z,네이버,ARC-07-BLK-F,5,1165600,82000,93248,29140,3500,0,0,ONLINE,온라인몰,Utility Jacket,OUTER,BETA-29-0-3,1,KR,KRW,CUST-0249,경기,성남시,paid
2026-07-25T19:28:00.000Z,W컨셉,ARC-07-BLK-F,5,1066400,82000,159960,37324,3500,0,0,ONLINE,온라인몰,Utility Jacket,OUTER,BETA-29-0-4,1,KR,KRW,CUST-0254,부산,해운대구,paid
2026-07-25T20:35:00.000Z,매장 POS,ARC-07-BLK-F,6,1458240,82000,29165,14582,0,9722,1,STORE-SEONGSU,성수 플래그십,Utility Jacket,OUTER,BETA-29-0-5,1,KR,KRW,CUST-0259,인천,연수구,paid
2026-07-25T16:11:00.000Z,자사몰,FLOW-22-BLK-F,5,766300,51000,30652,26821,3500,0,0,ONLINE,온라인몰,Drape Pants,BOTTOM,BETA-29-1-0,1,KR,KRW,CUST-0245,서울,성동구,paid
2026-07-25T17:18:00.000Z,무신사,FLOW-22-BLK-F,5,695200,51000,83424,31284,3500,0,0,ONLINE,온라인몰,Drape Pants,BOTTOM,BETA-29-1-1,1,KR,KRW,CUST-0250,서울,강남구,paid
2026-07-25T18:25:00.000Z,29CM,FLOW-22-BLK-F,5,711000,51000,99540,28440,3500,0,0,ONLINE,온라인몰,Drape Pants,BOTTOM,BETA-29-1-2,1,KR,KRW,CUST-0255,경기,성남시,paid
2026-07-25T19:32:00.000Z,네이버,FLOW-22-BLK-F,6,891120,51000,71290,22278,3500,0,0,ONLINE,온라인몰,Drape Pants,BOTTOM,BETA-29-1-3,1,KR,KRW,CUST-0260,부산,해운대구,paid
2026-07-25T20:39:00.000Z,W컨셉,FLOW-22-BLK-F,6,815280,51000,122292,28535,3500,5435,1,ONLINE,온라인몰,Drape Pants,BOTTOM,BETA-29-1-4,1,KR,KRW,CUST-0265,인천,연수구,paid
2026-07-25T21:46:00.000Z,매장 POS,FLOW-22-BLK-F,7,1083880,51000,21678,10839,0,0,0,STORE-GANGNAM,강남점,Drape Pants,BOTTOM,BETA-29-1-5,1,KR,KRW,CUST-0270,대구,수성구,paid
2026-07-25T17:22:00.000Z,자사몰,EASE-19-IVY-F,5,431650,27000,17266,15108,3500,0,0,ONLINE,온라인몰,Layer Top,TOP,BETA-29-2-0,1,KR,KRW,CUST-0256,서울,강남구,paid
2026-07-25T18:29:00.000Z,무신사,EASE-19-IVY-F,6,469920,27000,56390,21146,3500,0,0,ONLINE,온라인몰,Layer Top,TOP,BETA-29-2-1,1,KR,KRW,CUST-0261,경기,성남시,paid
2026-07-25T19:36:00.000Z,29CM,EASE-19-IVY-F,6,480600,27000,67284,19224,3500,0,0,ONLINE,온라인몰,Layer Top,TOP,BETA-29-2-2,1,KR,KRW,CUST-0266,부산,해운대구,paid
2026-07-25T20:43:00.000Z,네이버,EASE-19-IVY-F,7,585620,27000,46850,14641,3500,3346,1,ONLINE,온라인몰,Layer Top,TOP,BETA-29-2-3,1,KR,KRW,CUST-0271,인천,연수구,paid
2026-07-25T21:50:00.000Z,W컨셉,EASE-19-IVY-F,8,0,27000,0,0,3500,0,0,ONLINE,온라인몰,Layer Top,TOP,BETA-29-2-4,1,KR,KRW,CUST-0276,대구,수성구,cancelled
2026-07-25T10:57:00.000Z,매장 POS,EASE-19-IVY-F,9,784980,27000,15700,7850,0,0,0,STORE-HANNAM,한남점,Layer Top,TOP,BETA-29-2-5,1,KR,KRW,CUST-0281,서울,성동구,paid
2026-07-25T18:33:00.000Z,자사몰,CORE-08-GRY-F,6,692580,39000,27703,24240,3500,0,0,ONLINE,온라인몰,Core Knit,TOP,BETA-29-3-0,1,KR,KRW,CUST-0267,경기,성남시,paid
2026-07-25T19:40:00.000Z,무신사,CORE-08-GRY-F,6,628320,39000,75398,28274,3500,0,0,ONLINE,온라인몰,Core Knit,TOP,BETA-29-3-1,1,KR,KRW,CUST-0272,부산,해운대구,paid
2026-07-25T20:47:00.000Z,29CM,CORE-08-GRY-F,7,749700,39000,104958,29988,3500,4284,1,ONLINE,온라인몰,Core Knit,TOP,BETA-29-3-2,1,KR,KRW,CUST-0277,인천,연수구,paid
2026-07-25T21:54:00.000Z,네이버,CORE-08-GRY-F,8,894880,39000,71590,22372,3500,0,0,ONLINE,온라인몰,Core Knit,TOP,BETA-29-3-3,1,KR,KRW,CUST-0282,대구,수성구,paid
2026-07-25T10:01:00.000Z,W컨셉,CORE-08-GRY-F,10,1023400,39000,153510,35819,3500,0,0,ONLINE,온라인몰,Core Knit,TOP,BETA-29-3-4,1,KR,KRW,CUST-0287,서울,성동구,paid
2026-07-25T11:08:00.000Z,매장 POS,CORE-08-GRY-F,11,1282820,39000,25656,12828,0,0,0,STORE-BUSAN,부산 센텀,Core Knit,TOP,BETA-29-3-5,1,KR,KRW,CUST-0292,서울,강남구,paid
2026-07-25T19:44:00.000Z,자사몰,AIR-24-NVY-F,7,1344420,65000,53777,47055,3500,0,0,ONLINE,온라인몰,Volume Dress,DRESS,BETA-29-4-0,1,KR,KRW,CUST-0278,부산,해운대구,paid
2026-07-25T20:51:00.000Z,무신사,AIR-24-NVY-F,8,1393920,65000,167270,62726,3500,13939,2,ONLINE,온라인몰,Volume Dress,DRESS,BETA-29-4-1,1,KR,KRW,CUST-0283,인천,연수구,paid
2026-07-25T21:58:00.000Z,29CM,AIR-24-NVY-F,9,1603800,65000,224532,64152,3500,0,0,ONLINE,온라인몰,Volume Dress,DRESS,BETA-29-4-2,1,KR,KRW,CUST-0288,대구,수성구,paid
2026-07-25T10:05:00.000Z,네이버,AIR-24-NVY-F,10,1861200,65000,148896,46530,3500,0,0,ONLINE,온라인몰,Volume Dress,DRESS,BETA-29-4-3,1,KR,KRW,CUST-0293,서울,성동구,paid
2026-07-25T11:12:00.000Z,W컨셉,AIR-24-NVY-F,12,2043360,65000,306504,71518,3500,0,0,ONLINE,온라인몰,Volume Dress,DRESS,BETA-29-4-4,1,KR,KRW,CUST-0298,서울,강남구,paid
2026-07-25T12:19:00.000Z,매장 POS,AIR-24-NVY-F,14,2716560,65000,54331,27166,0,0,0,STORE-SHANGHAI,상하이 IFC,Volume Dress,DRESS,BETA-29-4-5,1,KR,KRW,CUST-0303,경기,성남시,paid
2026-07-25T20:55:00.000Z,자사몰,FRAME-31-DNM-F,8,1769280,78000,70771,61925,3500,17693,2,ONLINE,온라인몰,Denim Dress,DRESS,BETA-29-5-0,1,KR,KRW,CUST-0289,인천,연수구,paid
2026-07-25T21:02:00.000Z,무신사,FRAME-31-DNM-F,9,1805760,78000,216691,81259,3500,0,0,ONLINE,온라인몰,Denim Dress,DRESS,BETA-29-5-1,1,KR,KRW,CUST-0294,대구,수성구,paid
2026-07-25T10:09:00.000Z,29CM,FRAME-31-DNM-F,11,2257200,78000,316008,90288,3500,0,0,ONLINE,온라인몰,Denim Dress,DRESS,BETA-29-5-2,1,KR,KRW,CUST-0299,서울,성동구,paid
2026-07-25T11:16:00.000Z,네이버,FRAME-31-DNM-F,13,2786160,78000,222893,69654,3500,0,0,ONLINE,온라인몰,Denim Dress,DRESS,BETA-29-5-3,1,KR,KRW,CUST-0304,서울,강남구,paid
2026-07-25T12:23:00.000Z,W컨셉,FRAME-31-DNM-F,15,2941200,78000,441180,102942,3500,0,0,ONLINE,온라인몰,Denim Dress,DRESS,BETA-29-5-4,1,KR,KRW,CUST-0309,경기,성남시,paid
2026-07-25T13:30:00.000Z,매장 POS,FRAME-31-DNM-F,17,3798480,78000,75970,37985,0,0,0,DC-ONLINE,온라인 DC,Denim Dress,DRESS,BETA-29-5-5,1,KR,KRW,CUST-0314,부산,해운대구,paid
2026-07-25T21:06:00.000Z,자사몰,SHEER-15-WHT-F,10,960300,31000,38412,33611,3500,0,0,ONLINE,온라인몰,Sheer Layer Top,TOP,BETA-29-6-0,1,KR,KRW,CUST-0300,대구,수성구,paid
2026-07-25T10:13:00.000Z,무신사,SHEER-15-WHT-F,11,958320,31000,114998,43124,3500,0,0,ONLINE,온라인몰,Sheer Layer Top,TOP,BETA-29-6-1,1,KR,KRW,CUST-0305,서울,성동구,paid
2026-07-25T11:20:00.000Z,29CM,SHEER-15-WHT-F,13,1158300,31000,162162,46332,3500,0,0,ONLINE,온라인몰,Sheer Layer Top,TOP,BETA-29-6-2,1,KR,KRW,CUST-0310,서울,강남구,paid
2026-07-25T12:27:00.000Z,네이버,SHEER-15-WHT-F,15,1395900,31000,111672,34898,3500,0,0,ONLINE,온라인몰,Sheer Layer Top,TOP,BETA-29-6-3,1,KR,KRW,CUST-0315,경기,성남시,paid
2026-07-25T13:34:00.000Z,W컨셉,SHEER-15-WHT-F,17,1447380,31000,217107,50658,3500,0,0,ONLINE,온라인몰,Sheer Layer Top,TOP,BETA-29-6-4,1,KR,KRW,CUST-0320,부산,해운대구,paid
2026-07-25T14:41:00.000Z,매장 POS,SHEER-15-WHT-F,20,1940400,31000,38808,19404,0,0,0,ONLINE,온라인몰,Sheer Layer Top,TOP,BETA-29-6-5,1,KR,KRW,CUST-0325,인천,연수구,paid
2026-07-25T10:17:00.000Z,자사몰,FORM-12-BLK-F,12,3119520,91000,124781,109183,3500,0,0,ONLINE,온라인몰,Relaxed Blazer,OUTER,BETA-29-7-0,1,KR,KRW,CUST-0311,서울,성동구,paid
2026-07-25T11:24:00.000Z,무신사,FORM-12-BLK-F,14,3301760,91000,396211,148579,3500,0,0,ONLINE,온라인몰,Relaxed Blazer,OUTER,BETA-29-7-1,1,KR,KRW,CUST-0316,서울,강남구,paid
2026-07-25T12:31:00.000Z,29CM,FORM-12-BLK-F,16,3859200,91000,540288,154368,3500,0,0,ONLINE,온라인몰,Relaxed Blazer,OUTER,BETA-29-7-2,1,KR,KRW,CUST-0321,경기,성남시,paid
2026-07-25T13:38:00.000Z,네이버,FORM-12-BLK-F,18,4534560,91000,362765,113364,3500,0,0,ONLINE,온라인몰,Relaxed Blazer,OUTER,BETA-29-7-3,1,KR,KRW,CUST-0326,부산,해운대구,paid
2026-07-25T14:45:00.000Z,W컨셉,FORM-12-BLK-F,20,4609600,91000,691440,161336,3500,0,0,ONLINE,온라인몰,Relaxed Blazer,OUTER,BETA-29-7-4,1,KR,KRW,CUST-0331,인천,연수구,paid
2026-07-25T15:52:00.000Z,매장 POS,FORM-12-BLK-F,22,5778080,91000,115562,57781,0,0,0,STORE-SEONGSU,성수 플래그십,Relaxed Blazer,OUTER,BETA-29-7-5,1,KR,KRW,CUST-0336,대구,수성구,paid
